,AMS_ij,normalized_AMS_ij
4ian/GDevelop -> MonoGame/MonoGame,0.2250208071920211,-1.2890457373175763
godotengine/godot -> MonoGame/MonoGame,-0.0945377486500556,-0.5351537269321046
MonoGame/MonoGame -> 4ian/GDevelop,0.1993130695599936,1.540995340812849
godotengine/godot -> 4ian/GDevelop,-0.09080564505328516,-0.2395832775211566
MonoGame/MonoGame -> godotengine/godot,2.1800390864044568,2.399927430822925
4ian/GDevelop -> godotengine/godot,-2.6793240889550503,-3.0384167634489883
