,AMS_ij,normalized_AMS_ij
4ian/GDevelop -> MonoGame/MonoGame,1.0356587991854234,13.81645630566059
godotengine/godot -> MonoGame/MonoGame,-0.5944089999700939,12.530014417523782
MonoGame/MonoGame -> 4ian/GDevelop,-0.10309922441187669,-4.008220890214536
godotengine/godot -> 4ian/GDevelop,-0.05575421518959743,8.139896124330418
MonoGame/MonoGame -> godotengine/godot,0.41790095094937785,9.969111421610775
4ian/GDevelop -> godotengine/godot,-1.5214376323274625,-2.265905434871346
