,AMS_ij,normalized_AMS_ij
getgrav/grav -> WordPress/WordPress,1.3181027760716084,4.51334356370883
tryghost/ghost -> WordPress/WordPress,-0.27956890489518255,0.5880753116308165
WordPress/WordPress -> getgrav/grav,0.4277713223636043,6.429334868772717
tryghost/ghost -> getgrav/grav,0.30980465038201027,5.635357692245952
WordPress/WordPress -> tryghost/ghost,-4.031977486032309,-14.52312513628186
getgrav/grav -> tryghost/ghost,3.680360274501731,16.719701596587104
