,AMS_ij,normalized_AMS_ij
d3/d3 -> highcharts/highcharts,-11.837757481514728,-45.042765562981266
chartjs/chart.js -> highcharts/highcharts,5.855226161454352,31.51848256459595
highcharts/highcharts -> d3/d3,0.00038347017709774284,0.3481280487259646
chartjs/chart.js -> d3/d3,0.1973067724893306,10.687835693990081
highcharts/highcharts -> chartjs/chart.js,-0.050729518698390284,1.761576027404814
d3/d3 -> chartjs/chart.js,-2.078565302860471,19.054724712464704
