,AMS_ij,normalized_AMS_ij
apache/zookeeper -> hashicorp/consul,5.871428051493572,26.22312329651223
etcd-io/etcd -> hashicorp/consul,1.6773349534789186,8.926289587133498
hashicorp/consul -> apache/zookeeper,0.004017479657345578,-0.5656544182230706
etcd-io/etcd -> apache/zookeeper,-0.005604499957893297,1.7600604101252408
hashicorp/consul -> etcd-io/etcd,-0.04309452334203968,-0.5270436502385524
apache/zookeeper -> etcd-io/etcd,1.3367590913943475,-3.8068417503683865
