,AMS_ij,normalized_AMS_ij
apache/zookeeper -> hashicorp/consul,-1.372814357607648,-1.5234910430006052
etcd-io/etcd -> hashicorp/consul,0.31780978446582,1.150479042666924
hashicorp/consul -> apache/zookeeper,0.033953176236019844,0.6970680332566951
etcd-io/etcd -> apache/zookeeper,0.026426429105020383,1.143180245305857
hashicorp/consul -> etcd-io/etcd,-1.0576041182238662,-0.9585820555808349
apache/zookeeper -> etcd-io/etcd,18.47250832637146,27.087696754727613
