,AMS_ij,normalized_AMS_ij
cfengine/core -> saltstack/salt,-0.16881627605076266,2.1917955544539467
ansible/ansible -> saltstack/salt,0.4356565087809339,0.7198934915435473
saltstack/salt -> cfengine/core,-0.24368497445982043,0.442625130596813
ansible/ansible -> cfengine/core,-0.573146989737137,-2.1968290322367556
saltstack/salt -> ansible/ansible,-0.03908360415413603,-0.13964792436695136
cfengine/core -> ansible/ansible,-2.9685642780103776,-7.427472476847413
