,AMS_ij,normalized_AMS_ij
cfengine/core -> saltstack/salt,4.223192096896531,5.366105936290371
ansible/ansible -> saltstack/salt,0.1632542690214747,-1.4211121200452725
saltstack/salt -> cfengine/core,-0.08962077029252855,-1.3780047939747253
ansible/ansible -> cfengine/core,-0.11530689958045032,-3.157917487541343
saltstack/salt -> ansible/ansible,-0.05845010989968235,-0.634653174807331
cfengine/core -> ansible/ansible,-0.7499250488862745,-7.364937990787837
