,AMS_ij,normalized_AMS_ij
ioBroker/ioBroker -> node-red/node-red,-5.268208218114701,-33.58718535571662
home-assistant/core -> node-red/node-red,0.5310296486030712,2.85075937820581
node-red/node-red -> ioBroker/ioBroker,-0.1428338841911957,-4.777607837791612
home-assistant/core -> ioBroker/ioBroker,0.0715190130611246,0.08421852159347487
node-red/node-red -> home-assistant/core,1.167896315299218,0.39937508060789206
ioBroker/ioBroker -> home-assistant/core,3.726755986569542,-6.2446963147040355
