,AMS_ij,normalized_AMS_ij
ioBroker/ioBroker -> node-red/node-red,-0.0072156509315164305,3.8045213839434213
home-assistant/core -> node-red/node-red,0.026940145249416392,-0.4780412991175157
node-red/node-red -> ioBroker/ioBroker,0.02597775664051778,2.549348926461742
home-assistant/core -> ioBroker/ioBroker,-0.0010869274084603507,0.3452999733744494
node-red/node-red -> home-assistant/core,-1.085663298022995,-3.682961578034341
ioBroker/ioBroker -> home-assistant/core,5.674890765706236,12.470970237772471
