,AMS_ij,normalized_AMS_ij
exercism/exercism -> ossu/computer-science,0.034453761160251326,-6.307326592116345
freecodecamp/freecodecamp -> ossu/computer-science,0.0018247966122357274,0.5155425434850429
ossu/computer-science -> exercism/exercism,0.03385639822092124,6.114512778999545
freecodecamp/freecodecamp -> exercism/exercism,-0.0042510859192663435,-0.11656357666525777
ossu/computer-science -> freecodecamp/freecodecamp,28.675466403374358,31.188686395279497
exercism/exercism -> freecodecamp/freecodecamp,-126.48392068557779,-10.562391176669289
