,AMS_ij,normalized_AMS_ij
jquery/jquery -> angular/angular,-7.7762107381817795,-40.47275488930263
facebook/react -> angular/angular,-1.8434886310207745,-10.980404916390862
angular/angular -> jquery/jquery,-0.07065415566008972,-3.128455452598296
facebook/react -> jquery/jquery,-0.19143580757324424,-11.879213253380897
angular/angular -> facebook/react,-1.3316242090891717,-8.960528553108803
jquery/jquery -> facebook/react,-7.492056727431306,-73.4095933169033
