,AMS_ij,normalized_AMS_ij
adblockplus/adblockplus -> brave/brave-browser,0.21513934500357296,4.631861763882171
gorhill/ublock -> brave/brave-browser,0.008643225713261083,1.8382432606737622
brave/brave-browser -> adblockplus/adblockplus,0.22947442266215218,2.979865060367354
gorhill/ublock -> adblockplus/adblockplus,0.16474341847632687,2.3136564085449516
brave/brave-browser -> gorhill/ublock,0.46318104670670746,10.026680970764959
adblockplus/adblockplus -> gorhill/ublock,-0.8023919081437325,-9.771737078994441
