,AMS_ij,normalized_AMS_ij
vinta/awesome-python -> fffaraz/awesome-cpp,-2.677754091959466,-27.81606230246374
avelino/awesome-go -> fffaraz/awesome-cpp,0.29829005423275246,0.7508690473184091
fffaraz/awesome-cpp -> vinta/awesome-python,-0.8126506215184772,-13.201480836794552
avelino/awesome-go -> vinta/awesome-python,-0.39689755941772925,-10.477245690194412
fffaraz/awesome-cpp -> avelino/awesome-go,-0.006447403821520092,0.9481889045923182
vinta/awesome-python -> avelino/awesome-go,0.7990709262705066,-2.530011610456902
