,AMS_ij,normalized_AMS_ij
vinta/awesome-python -> fffaraz/awesome-cpp,-0.016961113194721752,-14.837320088853945
avelino/awesome-go -> fffaraz/awesome-cpp,0.057554023082397446,2.037149961533057
fffaraz/awesome-cpp -> vinta/awesome-python,-0.10550690949746266,-0.941299625043072
avelino/awesome-go -> vinta/awesome-python,0.004797803424336793,-0.8625616710690223
fffaraz/awesome-cpp -> avelino/awesome-go,-2.201082746714403,-23.714029093632018
vinta/awesome-python -> avelino/awesome-go,-4.937679249283706,-12.778696894549501
