,AMS_ij,normalized_AMS_ij
vinta/awesome-python -> fffaraz/awesome-cpp,-0.3377165831955874,-12.225723226837626
avelino/awesome-go -> fffaraz/awesome-cpp,-0.26220300350491565,-1.6318963469044652
fffaraz/awesome-cpp -> vinta/awesome-python,0.5714758198640468,4.88837082278974
avelino/awesome-go -> vinta/awesome-python,-0.16165240904692554,-1.8987965418852948
fffaraz/awesome-cpp -> avelino/awesome-go,-0.7912015250461886,-3.2022255367250203
vinta/awesome-python -> avelino/awesome-go,0.10849596284723004,3.5225859772045545
