,AMS_ij,normalized_AMS_ij
Immediate-Mode-UI/Nuklear -> lvgl/lvgl,1.957475756319011,25.872203560574082
ocornut/imgui -> lvgl/lvgl,0.6563967438265292,4.6549003928043104
lvgl/lvgl -> Immediate-Mode-UI/Nuklear,0.06341319930176574,2.8746487622966908
ocornut/imgui -> Immediate-Mode-UI/Nuklear,-0.004170476442815846,-0.21752207165062526
lvgl/lvgl -> ocornut/imgui,-0.4216809845737591,-4.066236393330573
Immediate-Mode-UI/Nuklear -> ocornut/imgui,2.0058762863208415,12.081535798970908
