,AMS_ij,normalized_AMS_ij
yuzutech/kroki -> plantuml/plantuml,0.3978015996242794,17.326273972351498
mermaid-js/mermaid -> plantuml/plantuml,0.10899398870925159,2.781291323548708
plantuml/plantuml -> yuzutech/kroki,-0.4144897072193263,3.1382116372764743
mermaid-js/mermaid -> yuzutech/kroki,-0.2865605321986433,-1.1098996085888595
plantuml/plantuml -> mermaid-js/mermaid,-0.43816893553212094,-14.184117642583821
yuzutech/kroki -> mermaid-js/mermaid,-0.29298804412313867,0.5074986976416361
