,AMS_ij,normalized_AMS_ij
twbs/bootstrap -> ant-design/ant-design,-0.3261378110403208,-1.6089543952724452
mui/material-ui -> ant-design/ant-design,-1.2584486007185156,-10.022901717948454
ant-design/ant-design -> twbs/bootstrap,-1.1004110895692323,-8.227000153948342
mui/material-ui -> twbs/bootstrap,-1.2624009957829132,-10.852529379305222
ant-design/ant-design -> mui/material-ui,0.20541850283348767,1.5156280678460703
twbs/bootstrap -> mui/material-ui,-1.3955588485657595,-7.856249266893345
