,AMS_ij,normalized_AMS_ij
twbs/bootstrap -> ant-design/ant-design,0.25696861669140775,-1.0121882096722619
mui/material-ui -> ant-design/ant-design,-3.562163749895385,-7.600426811918756
ant-design/ant-design -> twbs/bootstrap,-0.8349445181545484,-3.087052094817706
mui/material-ui -> twbs/bootstrap,-1.5496848713926226,-0.5411247510574881
ant-design/ant-design -> mui/material-ui,0.4397494848868265,2.0551405874429083
twbs/bootstrap -> mui/material-ui,0.7057627697302853,5.436993733629205
