,AMS_ij,normalized_AMS_ij
mui/material-ui -> twbs/bootstrap,-1.3412616764582022,-11.256961642766694
ant-design/ant-design -> twbs/bootstrap,-0.7245300249948132,-6.25386848941271
twbs/bootstrap -> mui/material-ui,-1.324513673131452,-7.579639618863553
ant-design/ant-design -> mui/material-ui,0.4696697833847874,2.7976900560071307
twbs/bootstrap -> ant-design/ant-design,-1.5915059206070254,-7.54200893945165
mui/material-ui -> ant-design/ant-design,-1.883404730132034,-12.658635416670736
