,AMS_ij,normalized_AMS_ij
decaporg/decap-cms -> TryGhost/Ghost,-0.06662518360481616,2.2203100924745955
strapi/strapi -> TryGhost/Ghost,1.744271917383279,-0.1240666973812179
TryGhost/Ghost -> decaporg/decap-cms,0.003402145995680652,0.09283566128934835
strapi/strapi -> decaporg/decap-cms,-0.8387713667772961,-0.5011456701543724
TryGhost/Ghost -> strapi/strapi,-0.6948199657795708,-9.000060625217943
decaporg/decap-cms -> strapi/strapi,0.5085044240255524,3.095520846851031
