,AMS_ij,normalized_AMS_ij
tajo/ladle -> histoire-dev/histoire,-1.3132925461129161,-15.81823235434125
storybookjs/storybook -> histoire-dev/histoire,0.48196183020019967,3.2732533238633637
histoire-dev/histoire -> tajo/ladle,-0.4761231918588965,-15.857860263014945
storybookjs/storybook -> tajo/ladle,0.06269690097080793,0.9868812502849427
histoire-dev/histoire -> storybookjs/storybook,-1.100094002970421,-2.692465744370661
tajo/ladle -> storybookjs/storybook,4.517862000813359,3.7776053124108047
