,AMS_ij,normalized_AMS_ij
pytorch/vision -> huggingface/transformers,-1.2099439334511037,-0.850817188377399
tensorflow/models -> huggingface/transformers,-4.752655413811658,-14.07041960472758
huggingface/transformers -> pytorch/vision,-0.30545739942694927,-4.372840402293858
tensorflow/models -> pytorch/vision,-0.3563729514166123,-1.7123140281839373
huggingface/transformers -> tensorflow/models,-0.039168532085357186,1.094783056781375
pytorch/vision -> tensorflow/models,-2.0203286660687803,6.982349395651519
