,AMS_ij,normalized_AMS_ij
facebook/react -> emberjs/ember.js,0.00743140286809528,-5.028262782383727
angular/angular -> emberjs/ember.js,-0.4739157199068123,-3.4817640080627097
emberjs/ember.js -> facebook/react,-0.5024335243458076,-7.514623857141434
angular/angular -> facebook/react,-0.7962252389935913,-5.53983311318738
emberjs/ember.js -> angular/angular,-1.0858399178035825,-3.9373758493974087
facebook/react -> angular/angular,-3.0990898905406,-14.372726876121739
