,AMS_ij,normalized_AMS_ij
apache/mxnet -> pytorch/pytorch,1.7137555042773518,6.965191470037839
tensorflow/tensorflow -> pytorch/pytorch,0.04479943118958386,-1.487749641208888
pytorch/pytorch -> apache/mxnet,0.058587051462186394,2.3970011031877645
tensorflow/tensorflow -> apache/mxnet,0.2881839550728543,1.7026465629668834
pytorch/pytorch -> tensorflow/tensorflow,-4.471198932446822,-4.779361240920982
apache/mxnet -> tensorflow/tensorflow,7.4800895979916255,9.7377090396436
