,AMS_ij,normalized_AMS_ij
apache/mxnet -> pytorch/pytorch,2.842045182416684,2.296573948960323
tensorflow/tensorflow -> pytorch/pytorch,0.6192621668899185,0.738274504674865
pytorch/pytorch -> apache/mxnet,0.01797793129155123,0.0546281866625194
tensorflow/tensorflow -> apache/mxnet,-0.0849962025440934,-3.8158508154267383
pytorch/pytorch -> tensorflow/tensorflow,-0.7036315259331021,-0.17263692502118727
apache/mxnet -> tensorflow/tensorflow,-5.05116467878703,-13.049936763550324
