,AMS_ij,normalized_AMS_ij
neovim/neovim -> pulsar-edit/pulsar,-0.41926261175463425,-0.8384743939028975
microsoft/vscode -> pulsar-edit/pulsar,1.0080025398971795,2.0963700564586434
pulsar-edit/pulsar -> neovim/neovim,0.15525361740699056,0.4817677988744204
microsoft/vscode -> neovim/neovim,0.2824233457269318,0.572969243718509
pulsar-edit/pulsar -> microsoft/vscode,0.615657334602826,1.552675545631995
neovim/neovim -> microsoft/vscode,-1.1971507098986667,-0.685706204066863
