,AMS_ij,normalized_AMS_ij
neovim/neovim -> pulsar-edit/pulsar,-0.7309569926191967,-4.343635970150834
microsoft/vscode -> pulsar-edit/pulsar,0.24682472724915067,1.328436451100639
pulsar-edit/pulsar -> neovim/neovim,-0.2804356615849284,-4.038787423485711
microsoft/vscode -> neovim/neovim,0.19265892295422543,1.2939479638221976
pulsar-edit/pulsar -> microsoft/vscode,6.0471632642058335,2.65648147092094
neovim/neovim -> microsoft/vscode,1.8975232807887181,1.2707272038371538
