,AMS_ij,normalized_AMS_ij
gohugoio/hugo -> gatsbyjs/gatsby,1.185016367881986,4.205689306196127
vercel/next.js -> gatsbyjs/gatsby,-0.35551620918786886,-7.413415671292969
gatsbyjs/gatsby -> gohugoio/hugo,0.40997068905901946,2.4966533071852655
vercel/next.js -> gohugoio/hugo,0.04055944172399943,4.945485790733441
gatsbyjs/gatsby -> vercel/next.js,-0.18889216162925843,-4.618721935519068
gohugoio/hugo -> vercel/next.js,-0.13201469538464977,1.789839307428662
