,AMS_ij,normalized_AMS_ij
gohugoio/hugo -> gatsbyjs/gatsby,-1.5241426343853608,-6.601468493632392
vercel/next.js -> gatsbyjs/gatsby,0.7305635435159006,14.31910304612119
gatsbyjs/gatsby -> gohugoio/hugo,0.4592226741706654,8.269853130832225
vercel/next.js -> gohugoio/hugo,-0.12026173237933782,0.2710157721923527
gatsbyjs/gatsby -> vercel/next.js,7.475948349884015,48.3746997212198
gohugoio/hugo -> vercel/next.js,3.7495358808773727,22.94996568141508
