,AMS_ij,normalized_AMS_ij
facebook/react -> angular/angular,-2.4219831948060793,-4.890133688037512
sveltejs/svelte -> angular/angular,1.618519807826656,4.998213902119812
angular/angular -> facebook/react,-0.061679400480690066,-0.3445378653327928
sveltejs/svelte -> facebook/react,0.14664474050432344,-4.859917168192821
angular/angular -> sveltejs/svelte,0.08545934012797374,0.412877935104716
facebook/react -> sveltejs/svelte,-0.6352781574412472,-14.565206152415158
