,AMS_ij,normalized_AMS_ij
facebook/react -> angular/angular,-0.11042170639113363,-2.1674734126659407
sveltejs/svelte -> angular/angular,-0.40805771512449907,-1.250493549545834
angular/angular -> facebook/react,-0.4511245092829342,-4.689369083078635
sveltejs/svelte -> facebook/react,-0.5566805015396132,-5.959966077239382
angular/angular -> sveltejs/svelte,-0.8250252504151325,-3.222963920719077
facebook/react -> sveltejs/svelte,-2.1121242225701797,-22.566118259103558
