,AMS_ij,normalized_AMS_ij
carla-simulator/carla -> apolloauto/apollo,-0.37355531996963565,-2.641152946882729
commaai/openpilot -> apolloauto/apollo,0.17554550148033554,2.4364352781697463
apolloauto/apollo -> carla-simulator/carla,-0.7446262076139663,-2.555674597267624
commaai/openpilot -> carla-simulator/carla,-0.10812313207863311,0.8284790423371948
apolloauto/apollo -> commaai/openpilot,0.2157471173751367,1.9667690926916934
carla-simulator/carla -> commaai/openpilot,-0.5031121707846257,-2.077108660297712
