,AMS_ij,normalized_AMS_ij
alacritty/alacritty -> gnome-terminator/terminator,-0.08353259626475965,0.4925058114233609
eugeny/tabby -> gnome-terminator/terminator,0.19773990343015674,-0.8833038588859062
gnome-terminator/terminator -> alacritty/alacritty,-1.2934250275321395,3.4328752392040656
eugeny/tabby -> alacritty/alacritty,0.568795992020655,1.0306995396599798
gnome-terminator/terminator -> eugeny/tabby,2.798305474071668,7.869278320633684
alacritty/alacritty -> eugeny/tabby,0.3311444382200507,2.7650239402849213
