,AMS_ij,normalized_AMS_ij
gohugoio/hugo -> vercel/next.js,4.210437273539073,24.55920103112203
gatsbyjs/gatsby -> vercel/next.js,8.205515463297631,52.06762539133647
vercel/next.js -> gohugoio/hugo,-0.13229044942051166,0.2790261638738166
gatsbyjs/gatsby -> gohugoio/hugo,0.5009243652204197,8.56435892578743
vercel/next.js -> gatsbyjs/gatsby,0.49639760470694516,12.799541336826154
gohugoio/hugo -> gatsbyjs/gatsby,-1.631017548613356,-7.929872996737157
