,AMS_ij,normalized_AMS_ij
alacritty/alacritty -> mintty/mintty,-0.24093959987478494,19.57411191641322
microsoft/terminal -> mintty/mintty,-0.05896795993879296,-2.094520332769185
mintty/mintty -> alacritty/alacritty,0.5864248144210613,13.834960083571252
microsoft/terminal -> alacritty/alacritty,-0.017550696957777286,1.1444735693764259
mintty/mintty -> microsoft/terminal,0.07656674595404236,15.477236642120062
alacritty/alacritty -> microsoft/terminal,-0.3925815005200507,5.647787091351135
