,AMS_ij,normalized_AMS_ij
koajs/koa -> fastify/fastify,-0.571053971756692,-6.009317947102625
nestjs/nest -> fastify/fastify,1.4863401120846889,12.705348973702602
fastify/fastify -> koajs/koa,-0.01081236382404409,-3.74706445595162
nestjs/nest -> koajs/koa,0.10327416532162424,4.537036014875791
fastify/fastify -> nestjs/nest,2.793911532174882,21.09554922542237
koajs/koa -> nestjs/nest,3.718159292385802,22.328133530378373
