,AMS_ij,normalized_AMS_ij
koajs/koa -> fastify/fastify,-0.06262966921068457,-0.021618919649177802
nestjs/nest -> fastify/fastify,0.050986110102444034,0.7974092173601979
fastify/fastify -> koajs/koa,0.018344916381293083,1.8978411240289366
nestjs/nest -> koajs/koa,0.012372282545974077,0.5229644783532211
fastify/fastify -> nestjs/nest,-1.0686609819225197,-2.6301213492189857
koajs/koa -> nestjs/nest,-1.8250047683257784,-13.161785894423211
