,AMS_ij,normalized_AMS_ij
youzan/vant -> ant-design/ant-design,-1.3868028945243722,0.5536923291440916
ElemeFE/element -> ant-design/ant-design,0.5888070602159478,-0.7171849519703618
ant-design/ant-design -> youzan/vant,-1.6616429029424242,-2.3269551742677477
ElemeFE/element -> youzan/vant,0.7748738953711398,13.193877498483214
ant-design/ant-design -> ElemeFE/element,-0.25884644759708764,-0.660754418804301
youzan/vant -> ElemeFE/element,-0.13315642568910796,6.085994688405371
