,AMS_ij,normalized_AMS_ij
dandavison/delta -> jonas/tig,0.0676205222151953,2.0832426697446413
jesseduffield/lazygit -> jonas/tig,-0.03614037143246157,0.4670713699943746
jonas/tig -> dandavison/delta,-1.6767349152336912,-23.419721416713752
jesseduffield/lazygit -> dandavison/delta,0.6660986657214405,3.9776429764920276
jonas/tig -> jesseduffield/lazygit,1.8876439625093986,13.524526952646413
dandavison/delta -> jesseduffield/lazygit,1.4972145799873826,7.27670706758245
