,AMS_ij,normalized_AMS_ij
oven-sh/bun -> nodejs/node,0.1307175803835923,-0.13140085202532414
denoland/deno -> nodejs/node,-0.27803741593803705,-2.60818239013559
nodejs/node -> oven-sh/bun,-0.9368694960198932,-4.231026310382954
denoland/deno -> oven-sh/bun,0.5806552629157957,0.4319401865271981
nodejs/node -> denoland/deno,0.5070984206421133,2.576029057303943
oven-sh/bun -> denoland/deno,0.17797500140159195,0.4315943762505477
