,AMS_ij,normalized_AMS_ij
remix-run/remix -> vercel/next.js,2.0317424575597913,3.7636243301991694
nuxt/nuxt -> vercel/next.js,-5.3945899323113,-24.925284181144512
vercel/next.js -> remix-run/remix,-0.5547654608611243,-2.7175620542282326
nuxt/nuxt -> remix-run/remix,-1.2501274744750233,-8.464265672945402
vercel/next.js -> nuxt/nuxt,-0.8945687212198461,-9.788271931518489
remix-run/remix -> nuxt/nuxt,0.41630499078932215,1.1453684396954542
