,AMS_ij,normalized_AMS_ij
NVIDIA/Megatron-LM -> openxla/xla,0.18219513589290806,3.3783174612373243
alpa-projects/alpa -> openxla/xla,1.9235918184489398,1.3934612538196165
openxla/xla -> NVIDIA/Megatron-LM,0.10379786492455755,3.232572860028514
alpa-projects/alpa -> NVIDIA/Megatron-LM,-0.7182568555379854,4.028105947990627
openxla/xla -> alpa-projects/alpa,0.04223617128321569,2.1662272597129677
NVIDIA/Megatron-LM -> alpa-projects/alpa,0.11173324485125617,9.024848306066788
