,AMS_ij,normalized_AMS_ij
thedevdojo/wave -> filamentphp/filament,2.008108297797582,8.26567661575869
thedevdojo/voyager -> filamentphp/filament,-0.6507099874232647,-0.7993591109482874
filamentphp/filament -> thedevdojo/wave,0.04123554826987633,1.8789374851112162
thedevdojo/voyager -> thedevdojo/wave,-0.10454628672031654,-3.0311501862378347
filamentphp/filament -> thedevdojo/voyager,-0.006292785942735795,0.17404704744823446
thedevdojo/wave -> thedevdojo/voyager,0.08197908733608755,5.2366405845495585
