,AMS_ij,normalized_AMS_ij
ruby/ruby -> php/php-src,-1.8280963520359284,-12.05777938066107
python/cpython -> php/php-src,0.5375271751890083,1.1257219627519799
php/php-src -> ruby/ruby,-0.43827405740537173,-4.792586050964919
python/cpython -> ruby/ruby,0.04608949532624632,3.9478000913153037
php/php-src -> python/cpython,-1.6498494461577464,-1.7263608205907006
ruby/ruby -> python/cpython,-5.318291979033242,10.035274730358498
