,AMS_ij,normalized_AMS_ij
ruby/ruby -> php/php-src,-2.925632134611167,-3.713850364723225
python/cpython -> php/php-src,0.18649809548531604,0.0552042686312473
php/php-src -> ruby/ruby,0.38181197168569647,0.7616245553080239
python/cpython -> ruby/ruby,0.4867821932026492,-0.5531829261034727
php/php-src -> python/cpython,-0.37995848645753394,-3.0337571198739792
ruby/ruby -> python/cpython,3.5379281709409085,-4.163580769225672
