,AMS_ij,normalized_AMS_ij
ruby/ruby -> php/php-src,-1.6639751655163844,-8.177462520633528
python/cpython -> php/php-src,1.8281076161682752,2.105352480764326
php/php-src -> ruby/ruby,-1.3553495775615947,-2.391550275175309
python/cpython -> ruby/ruby,0.5799700502408782,0.3998655003967764
php/php-src -> python/cpython,1.1885535163643812,4.409620708584089
ruby/ruby -> python/cpython,1.5893540644067619,3.7057377789302364
