,AMS_ij,normalized_AMS_ij
ruby/ruby -> php/php-src,0.12981810784630052,-0.001114387979848008
python/cpython -> php/php-src,-0.5221612042951984,0.42848736212542066
php/php-src -> ruby/ruby,-0.19611107966205782,0.8760456126473609
python/cpython -> ruby/ruby,0.32627541239719837,0.6384710188466542
php/php-src -> python/cpython,0.45242707094550566,1.5790440892454543
ruby/ruby -> python/cpython,2.217666458116116,4.734325786371656
