,AMS_ij,normalized_AMS_ij
ruby/ruby -> php/php-src,1.8799000090572968,1.171920475615475
python/cpython -> php/php-src,-1.759267174871543,-3.9559812953985722
php/php-src -> ruby/ruby,0.4174984275853604,-0.07681735785071477
python/cpython -> ruby/ruby,0.7288939375671879,2.872291915722694
php/php-src -> python/cpython,-2.3337967653985734,-6.204192100276821
ruby/ruby -> python/cpython,0.9612640644888832,0.9702888244545034
