,AMS_ij,normalized_AMS_ij
ruby/ruby -> php/php-src,0.04228817742407602,-0.45360316769821435
python/cpython -> php/php-src,1.8000669453649163,10.25707677692456
php/php-src -> ruby/ruby,-0.727235271784173,-1.775550701869313
python/cpython -> ruby/ruby,-2.803607711047918,-0.6005288952264835
php/php-src -> python/cpython,-0.11978709601696955,-0.24015647884075078
ruby/ruby -> python/cpython,0.05612886935812186,0.8672849587286501
