,AMS_ij,normalized_AMS_ij
sinatra/sinatra -> django/django,1.3870527545292233,3.815715178148153
rails/rails -> django/django,0.41664151096382124,0.4721575012505797
django/django -> sinatra/sinatra,-0.45543872628858373,-4.8298581480474985
rails/rails -> sinatra/sinatra,0.058245221979519674,0.02973896285686818
django/django -> rails/rails,0.5521603652200651,0.0073079782529839755
sinatra/sinatra -> rails/rails,-0.6245765787477743,-2.1752262153889315
