,AMS_ij,normalized_AMS_ij
pallets/flask -> rails/rails,2.991519319784672,6.8375969983585705
django/django -> rails/rails,2.2180367986709983,3.9242005030157805
rails/rails -> pallets/flask,0.1462341208955179,0.37242685574283935
django/django -> pallets/flask,0.8939629902548174,4.283473525662371
rails/rails -> django/django,-0.22976912495876758,0.8357299070436068
pallets/flask -> django/django,2.9837041549884633,7.052984372197013
