,AMS_ij,normalized_AMS_ij
gcc-mirror/gcc -> llvm/llvm-project,-0.8719666393234924,-0.40979285588712755
golang/go -> llvm/llvm-project,3.202068626651017,2.3657250258188975
llvm/llvm-project -> gcc-mirror/gcc,0.05732159008857558,0.04886480396220927
golang/go -> gcc-mirror/gcc,-2.0376347772050933,-5.921583716303237
llvm/llvm-project -> golang/go,-0.1074828088262326,0.2921172423611819
gcc-mirror/gcc -> golang/go,0.14400031657686752,2.684379261317989
