,AMS_ij,normalized_AMS_ij
microlinkhq/metascraper -> seleniumhq/selenium,1.4906939574923381,5.611741020353331
scrapy/scrapy -> seleniumhq/selenium,0.8781191410212063,7.067315831547891
seleniumhq/selenium -> microlinkhq/metascraper,0.14425031118094123,0.6278361679762207
scrapy/scrapy -> microlinkhq/metascraper,0.3690830746334353,3.0293870571864154
seleniumhq/selenium -> scrapy/scrapy,0.13734152461121207,1.2800936618058956
microlinkhq/metascraper -> scrapy/scrapy,-0.6091685552673478,-8.689665533983149
