,AMS_ij,normalized_AMS_ij
apache/avro -> apache/thrift,-0.4652190005202359,-3.843272205517229
protocolbuffers/protobuf -> apache/thrift,0.3236921435705559,4.471594213776301
apache/thrift -> apache/avro,0.18421232022405543,1.9470930643284552
protocolbuffers/protobuf -> apache/avro,0.15282415795726736,3.5744337098558336
apache/thrift -> protocolbuffers/protobuf,-1.3936221285054975,-4.668692317930945
apache/avro -> protocolbuffers/protobuf,0.988488974917663,-0.5747164966770693
