,AMS_ij,normalized_AMS_ij
apache/avro -> apache/thrift,-0.4990859321848041,-10.348170886342789
protocolbuffers/protobuf -> apache/thrift,-0.03175982411388681,4.24704586290866
apache/thrift -> apache/avro,-0.36587322992496063,-2.399042945855418
protocolbuffers/protobuf -> apache/avro,-0.009773408098390318,2.228827880147035
apache/thrift -> protocolbuffers/protobuf,-1.4201965674576404,-4.469422412526854
apache/avro -> protocolbuffers/protobuf,-2.3703168928080336,-9.385101319092989
