,AMS_ij,normalized_AMS_ij
apache/groovy -> scala/scala,-0.6151908145311896,-2.0642855284453256
jetbrains/kotlin -> scala/scala,0.18676403112055756,0.8051405543282885
scala/scala -> apache/groovy,-0.11635722585063601,-1.7387874864819872
jetbrains/kotlin -> apache/groovy,-0.05159088109160319,0.23947492245371058
scala/scala -> jetbrains/kotlin,-4.4308516605635475,-2.779656242572518
apache/groovy -> jetbrains/kotlin,-5.739677349515944,-2.7028103949779556
