,AMS_ij,normalized_AMS_ij
apache/groovy -> scala/scala,-0.059337822770947096,-4.169038839004279
jetbrains/kotlin -> scala/scala,-0.7858857703572173,-2.220672533141297
scala/scala -> apache/groovy,-0.1985118621474618,-2.5523704709529333
jetbrains/kotlin -> apache/groovy,-0.04553462852889517,-0.8177861607134714
scala/scala -> jetbrains/kotlin,-3.115197444366691,-3.6761163902499594
apache/groovy -> jetbrains/kotlin,-1.8798658190613247,-3.4487531835311684
