,AMS_ij,normalized_AMS_ij
apache/commons-io -> apache/commons-lang,-0.08371025263355528,5.12215633159636
google/guava -> apache/commons-lang,3.040922577702174,2.843150757530509
apache/commons-lang -> apache/commons-io,-0.03414679402662815,-0.5926301840955714
google/guava -> apache/commons-io,-0.39745121704227876,-0.2374046488808665
apache/commons-lang -> google/guava,-0.30179656907633345,-4.127304899608741
apache/commons-io -> google/guava,-0.5985616040616892,-9.778856052362878
