,AMS_ij,normalized_AMS_ij
python/cpython -> rust-lang/rust,3.2173097595984173,4.317795702787576
JuliaLang/julia -> rust-lang/rust,-0.7942055413969402,0.6067289151147974
rust-lang/rust -> python/cpython,-0.2760367050832726,0.43302079535719834
JuliaLang/julia -> python/cpython,-0.2755124708746599,-2.4160046068764327
rust-lang/rust -> JuliaLang/julia,-0.04568293086452583,0.7977378123001363
python/cpython -> JuliaLang/julia,-0.15322740589532333,-2.257733718608184
