,AMS_ij,normalized_AMS_ij
sorin-ionescu/prezto -> Bash-it/bash-it,-0.1612432838421241,-3.472371274842428
ohmyzsh/ohmyzsh -> Bash-it/bash-it,0.06757861962039727,1.1200850293826767
Bash-it/bash-it -> sorin-ionescu/prezto,0.39876142718953667,-0.5479867589844274
ohmyzsh/ohmyzsh -> sorin-ionescu/prezto,0.015551317137724563,2.3007962962972077
Bash-it/bash-it -> ohmyzsh/ohmyzsh,0.900769193022573,3.8675851406707533
sorin-ionescu/prezto -> ohmyzsh/ohmyzsh,-1.0360409903777645,1.3992794675628437
