,AMS_ij,normalized_AMS_ij
ruby/ruby -> python/cpython,1.1075434880696482,1.2782270851317619
nodejs/node -> python/cpython,0.24716159435044874,0.9324092433720722
python/cpython -> ruby/ruby,0.030288615968265684,0.17682817630065661
nodejs/node -> ruby/ruby,-0.9564208210219328,-0.2832276466750265
python/cpython -> nodejs/node,0.06562864369152711,0.6168029667788909
ruby/ruby -> nodejs/node,-0.5074806483675527,-2.916627183284242
