,AMS_ij,normalized_AMS_ij
ruby/ruby -> python/cpython,0.8157260741616135,2.5993694715689077
nodejs/node -> python/cpython,-0.3488772955392393,-1.2755772381855845
python/cpython -> ruby/ruby,0.14283198266911923,1.2767232589341604
nodejs/node -> ruby/ruby,-0.04514051707616307,4.160461185492272
python/cpython -> nodejs/node,0.17476401237453543,-0.2022705517526707
ruby/ruby -> nodejs/node,0.269009233069593,5.027269996846099
