,AMS_ij,normalized_AMS_ij
ruby/ruby -> python/cpython,-0.6557123513736267,-4.419801182288048
nodejs/node -> python/cpython,-0.4400049921464406,-1.237895422673733
python/cpython -> ruby/ruby,-2.107006795352244,-6.7936974183497005
nodejs/node -> ruby/ruby,-1.990427382068704,-0.2852410785665561
python/cpython -> nodejs/node,0.48376448570857394,3.2297473409739137
ruby/ruby -> nodejs/node,0.4742914708138653,3.058401119185862
