,AMS_ij,normalized_AMS_ij
ruby/ruby -> python/cpython,0.11850331826282494,1.2425026713337595
nodejs/node -> python/cpython,-0.8285367213522408,-6.800492154991081
python/cpython -> ruby/ruby,-0.5292171267932595,0.39473758912480444
nodejs/node -> ruby/ruby,-0.9343276482938204,-1.6570394324550466
python/cpython -> nodejs/node,-0.22447281807783862,-0.5010732006640051
ruby/ruby -> nodejs/node,0.0506990147962752,0.412573409823412
