,AMS_ij,normalized_AMS_ij
apache/struts -> apache/tomcat,-0.8143748903064286,-4.922292423716405
spring-projects/spring-framework -> apache/tomcat,0.4895271407831857,1.0051502112139756
apache/tomcat -> apache/struts,0.08137372599414928,0.9865948955634061
spring-projects/spring-framework -> apache/struts,0.5177744203253191,7.882242873620127
apache/tomcat -> spring-projects/spring-framework,-1.0933042965868187,-2.7827304557760897
apache/struts -> spring-projects/spring-framework,0.1209745003090911,8.883913124936281
