,AMS_ij,normalized_AMS_ij
statsmodels/statsmodels -> mlpack/mlpack,-0.4058568625595295,-3.5602180220564357
scikit-learn/scikit-learn -> mlpack/mlpack,-0.036239418440469864,1.3281100495240912
mlpack/mlpack -> statsmodels/statsmodels,-0.02352548119644769,-0.34337564352219785
scikit-learn/scikit-learn -> statsmodels/statsmodels,0.10794168878676977,2.457642160879298
mlpack/mlpack -> scikit-learn/scikit-learn,-0.081490458736434,-0.6492031623018294
statsmodels/statsmodels -> scikit-learn/scikit-learn,0.0078092480681580465,2.0146720620333047
