,AMS_ij,normalized_AMS_ij
blevesearch/bleve -> apache/solr,-1.1738150125496143,-0.8321248546577071
elastic/elasticsearch -> apache/solr,0.818859755586761,4.932753662506408
apache/solr -> blevesearch/bleve,0.7240514257457114,14.423915994588727
elastic/elasticsearch -> blevesearch/bleve,0.24071485994599678,2.5256416284112446
apache/solr -> elastic/elasticsearch,-1.059937304263058,-8.0386509865334
blevesearch/bleve -> elastic/elasticsearch,-3.389399604682686,-2.3519608003399
