,AMS_ij,normalized_AMS_ij
blevesearch/bleve -> apache/solr,-0.7069619532924641,-20.19675362997694
elastic/elasticsearch -> apache/solr,0.3244361521880089,1.7823029485281008
apache/solr -> blevesearch/bleve,0.1380489098796085,-2.323610418955861
elastic/elasticsearch -> blevesearch/bleve,-0.05207983338409784,-1.1677337641562382
apache/solr -> elastic/elasticsearch,-0.6125942459818922,-5.923564684279414
blevesearch/bleve -> elastic/elasticsearch,-15.514407291096596,-26.794481285330914
