,AMS_ij,normalized_AMS_ij
davisking/dlib -> scikit-image/scikit-image,-0.7911996397335065,-3.644493051527558
opencv/opencv -> scikit-image/scikit-image,-0.031214360259907405,-4.309626981651399
scikit-image/scikit-image -> davisking/dlib,0.32410849337164416,4.153440495127583
opencv/opencv -> davisking/dlib,0.174661391212253,3.6017338637717176
scikit-image/scikit-image -> opencv/opencv,-1.4624304590938793,-13.073370638123654
davisking/dlib -> opencv/opencv,-5.140374603635315,-28.85131510386625
