,AMS_ij,normalized_AMS_ij
davisking/dlib -> scikit-image/scikit-image,0.4268489062184472,-4.522246546194994
opencv/opencv -> scikit-image/scikit-image,0.18014064697762014,7.1699980874666265
scikit-image/scikit-image -> davisking/dlib,-0.0777010436077279,-0.8392862051466924
opencv/opencv -> davisking/dlib,0.0636426768185562,3.2206078447409565
scikit-image/scikit-image -> opencv/opencv,0.5285763308144893,-4.630188230248056
davisking/dlib -> opencv/opencv,-0.8042821469119837,-0.2831349471398648
