,AMS_ij,normalized_AMS_ij
nim-lang/Nim -> golang/go,-7.352907333390773,-1.0613832934090528
rust-lang/rust -> golang/go,-1.0264626481264547,-1.707556164913606
golang/go -> nim-lang/Nim,0.23245327094478652,5.896097083754513
rust-lang/rust -> nim-lang/Nim,-0.6728578874929576,-9.661028754155454
golang/go -> rust-lang/rust,-0.8266126137813403,0.3723140122235895
nim-lang/Nim -> rust-lang/rust,-14.973235927621896,-44.47922205364549
