,AMS_ij,normalized_AMS_ij
nim-lang/Nim -> golang/go,-1.4085821558069205,-1.8104469431785075
rust-lang/rust -> golang/go,-0.22998444905117651,0.25148831454961296
golang/go -> nim-lang/Nim,-0.5441807945229891,-2.074987710087779
rust-lang/rust -> nim-lang/Nim,-0.46560732908090996,-0.6026295200521321
golang/go -> rust-lang/rust,-1.0539855232479294,-1.1002291700780935
nim-lang/Nim -> rust-lang/rust,-4.88463322457686,-1.3917552114231233
