,AMS_ij,normalized_AMS_ij
nim-lang/Nim -> golang/go,0.6808692242139353,1.786158144560672
rust-lang/rust -> golang/go,-0.49974121251499687,-1.3197927110597
golang/go -> nim-lang/Nim,0.27558525249299914,0.5854792508953908
rust-lang/rust -> nim-lang/Nim,-0.12597534654632764,-1.8374740640888436
golang/go -> rust-lang/rust,0.39913354814067925,0.7342182477081871
nim-lang/Nim -> rust-lang/rust,5.342407836679973,3.581320213930371
