,AMS_ij,normalized_AMS_ij
nim-lang/Nim -> golang/go,1.4824869332619326,-1.1692114715840183
rust-lang/rust -> golang/go,-0.13251584270040417,-0.27018643727728153
golang/go -> nim-lang/Nim,-0.49837568619523254,-8.341733275126655
rust-lang/rust -> nim-lang/Nim,-0.04111206458448141,-0.12492333757800075
golang/go -> rust-lang/rust,-0.37892811597338644,0.054331562223614405
nim-lang/Nim -> rust-lang/rust,9.168664758130515,24.418598518944783
