,AMS_ij,normalized_AMS_ij
jashkenas/underscore -> ramda/ramda,-1.4957236727693073,-16.543061248107435
lodash/lodash -> ramda/ramda,-0.2442963116276557,-5.461315168766545
ramda/ramda -> jashkenas/underscore,-1.0854042476375132,-16.776936070150665
lodash/lodash -> jashkenas/underscore,-0.45316789078502134,-6.526868907026132
ramda/ramda -> lodash/lodash,-0.1436501194352209,-7.758505467051263
jashkenas/underscore -> lodash/lodash,-0.07903466794247783,-3.866430953966425
