,AMS_ij,normalized_AMS_ij
playcanvas/engine -> BabylonJS/Babylon.js,-3.8437547893386923,-7.554200463308628
mrdoob/three.js -> BabylonJS/Babylon.js,0.3499208155467678,1.9669917574916942
BabylonJS/Babylon.js -> playcanvas/engine,-0.5523980647271516,-3.247077866340707
mrdoob/three.js -> playcanvas/engine,-0.39110997194138497,-1.8682553196725689
BabylonJS/Babylon.js -> mrdoob/three.js,-0.21590898061847136,0.03817030777345271
playcanvas/engine -> mrdoob/three.js,-1.5744313772679668,-1.8416006846358048
