,AMS_ij,normalized_AMS_ij
playcanvas/engine -> BabylonJS/Babylon.js,3.7223983310764552,13.199958529887729
mrdoob/three.js -> BabylonJS/Babylon.js,0.03889428984090261,0.07392090322734769
BabylonJS/Babylon.js -> playcanvas/engine,-0.152147028961649,-0.4912064002629895
mrdoob/three.js -> playcanvas/engine,-0.00457506721808352,-0.11034717816093402
BabylonJS/Babylon.js -> mrdoob/three.js,-2.8702089398302384,-2.9514264972353397
playcanvas/engine -> mrdoob/three.js,0.6222779404123164,0.6541845158552526
