,AMS_ij,normalized_AMS_ij
plotly/plotly.js -> highcharts/highcharts,-2.548973719979603,-11.05716500841529
d3/d3 -> highcharts/highcharts,0.8144527772796943,5.397556985045905
highcharts/highcharts -> plotly/plotly.js,-3.2215811185757937,-14.251568178873608
d3/d3 -> plotly/plotly.js,1.7188683694379374,8.6444334595838
highcharts/highcharts -> d3/d3,-0.011075585236897348,3.925316714932266
plotly/plotly.js -> d3/d3,2.4478378181237064,12.085628736646578
