,AMS_ij,normalized_AMS_ij
plotly/plotly.js -> highcharts/highcharts,1.0385645271935893,2.9425853110671385
d3/d3 -> highcharts/highcharts,7.529183716689163,27.492579222655316
highcharts/highcharts -> plotly/plotly.js,-0.8749899761582614,-4.6357462709729775
d3/d3 -> plotly/plotly.js,2.4023389875325,10.883537338979501
highcharts/highcharts -> d3/d3,-0.06176535255046685,-1.3160462495302954
plotly/plotly.js -> d3/d3,-0.2095760564827338,-3.551778301442141
