,AMS_ij,normalized_AMS_ij
twisted/treq -> urllib3/urllib3,-0.8190596177276614,-2.5786680676028424
psf/requests -> urllib3/urllib3,0.22892003009734202,2.850019504137545
urllib3/urllib3 -> twisted/treq,0.059565075411817714,0.32830767818652934
psf/requests -> twisted/treq,-0.2910014349190978,-4.884924171785069
urllib3/urllib3 -> psf/requests,-1.0141919036568703,-2.236404364878735
twisted/treq -> psf/requests,-4.744114968336833,-16.750254723075244
