,AMS_ij,normalized_AMS_ij
twisted/treq -> urllib3/urllib3,-0.28554902464853404,-7.721617872515313
psf/requests -> urllib3/urllib3,-0.8965351237755006,-7.2476579140769575
urllib3/urllib3 -> twisted/treq,-0.3254534427941787,-8.078506295671867
psf/requests -> twisted/treq,0.04906297912827973,0.35123405003203073
urllib3/urllib3 -> psf/requests,0.3697003620788305,-0.9218054299642932
twisted/treq -> psf/requests,0.8962063600661618,2.3680777743084858
