,AMS_ij,normalized_AMS_ij
twisted/treq -> urllib3/urllib3,0.1328640005482852,4.759950994420035
psf/requests -> urllib3/urllib3,0.07637763631419167,-11.207091405926269
urllib3/urllib3 -> twisted/treq,-0.35848937625660904,-14.046133232933647
psf/requests -> twisted/treq,0.7537779157411966,5.644815881457773
urllib3/urllib3 -> psf/requests,-0.46607094692118844,-12.739135197422485
twisted/treq -> psf/requests,-0.016213275208639688,-1.8854583643119511
