,AMS_ij,normalized_AMS_ij
expressjs/express -> django/django,-0.21074975357834158,6.7063048063989745
pallets/flask -> django/django,-0.20525796832660326,0.09601803215225284
django/django -> expressjs/express,0.03104325454976828,0.8395583396043016
pallets/flask -> expressjs/express,0.02318667822637821,1.1714187667047884
django/django -> pallets/flask,0.5701281805104857,3.2926022141819287
expressjs/express -> pallets/flask,-3.461487979449714,-27.42297071026083
