,AMS_ij,normalized_AMS_ij
sass/sassc -> sass/dart-sass,1.3350639623470708,4.853895934924603
sass/libsass -> sass/dart-sass,-0.9881830407277361,-8.986255269380518
sass/dart-sass -> sass/sassc,-0.06539881770803875,-5.243508547468353
sass/libsass -> sass/sassc,0.03010291587063517,1.5620175657748099
sass/dart-sass -> sass/libsass,-0.6635291547286798,-9.083592653465654
sass/sassc -> sass/libsass,-3.9922853704361394,-66.09724434625718
