,AMS_ij,normalized_AMS_ij
apache/httpcomponents-client -> jetty/jetty.project,0.9825005451881272,-5.784699275661797
square/okhttp -> jetty/jetty.project,-5.489341302471884,-8.418640922509745
jetty/jetty.project -> apache/httpcomponents-client,0.10980420595861852,0.5450018876737764
square/okhttp -> apache/httpcomponents-client,0.19720715252702053,0.7829484938940683
jetty/jetty.project -> square/okhttp,0.04988515132478837,0.10058613054435454
apache/httpcomponents-client -> square/okhttp,0.28855318844353806,-2.9710938291029882
