,AMS_ij,normalized_AMS_ij
moment/luxon -> date-fns/date-fns,1.2132264275424873,11.156378869940553
moment/moment -> date-fns/date-fns,0.10220524020090874,1.4405154225368653
date-fns/date-fns -> moment/luxon,-0.13297682611187273,-3.12038762908199
moment/moment -> moment/luxon,0.05936396567323353,0.6504088742454601
date-fns/date-fns -> moment/moment,1.0060617831951113,2.5725101842662155
moment/luxon -> moment/moment,0.6327862184688052,3.764416024362141
