,AMS_ij,normalized_AMS_ij
aws/aws-cli -> iterate-ch/cyberduck,-3.3114421465250645,-10.556254385349337
rclone/rclone -> iterate-ch/cyberduck,12.19827755260436,17.39774263912895
iterate-ch/cyberduck -> aws/aws-cli,-0.6216789373302009,-1.8973633754171688
rclone/rclone -> aws/aws-cli,2.2409158461458265,4.797666237128554
iterate-ch/cyberduck -> rclone/rclone,-0.021786116488660835,-1.4983213651424416
aws/aws-cli -> rclone/rclone,0.18407317660117584,-1.2658398052806836
