,AMS_ij,normalized_AMS_ij
aws/aws-cli -> iterate-ch/cyberduck,1.8065635410148175,1.5130815567642062
rclone/rclone -> iterate-ch/cyberduck,1.2685317181789628,4.947843027194723
iterate-ch/cyberduck -> aws/aws-cli,0.1914954134745735,2.0159693735979154
rclone/rclone -> aws/aws-cli,-0.4740647808730316,-4.359666044351572
iterate-ch/cyberduck -> rclone/rclone,0.2601811797178779,2.0732122431449596
aws/aws-cli -> rclone/rclone,0.4217442786495532,1.1390275823278881
