,AMS_ij,normalized_AMS_ij
aws/aws-cli -> iterate-ch/cyberduck,0.6194588780624244,-0.963411267402891
rclone/rclone -> iterate-ch/cyberduck,-0.3177885100181126,-2.5864161448832244
iterate-ch/cyberduck -> aws/aws-cli,-0.03599878362411073,-0.43868547487030085
rclone/rclone -> aws/aws-cli,-0.3440170849193055,-4.35250207481607
iterate-ch/cyberduck -> rclone/rclone,-0.09798964380687991,-0.6917961156449088
aws/aws-cli -> rclone/rclone,-2.085665161870725,-17.153364063182497
