,AMS_ij,normalized_AMS_ij
parcel-bundler/parcel -> rollup/rollup,0.46265082993730566,13.726631596631078
webpack/webpack -> rollup/rollup,-0.024387252917751796,-0.2644944105263248
rollup/rollup -> parcel-bundler/parcel,-0.01820757313586792,-0.9835192573838787
webpack/webpack -> parcel-bundler/parcel,0.017811129356550777,0.5667137125695073
rollup/rollup -> webpack/webpack,-0.20484701823361617,-1.9341896342897216
parcel-bundler/parcel -> webpack/webpack,-0.7931627944694171,-7.399331706592774
