,AMS_ij,normalized_AMS_ij
containerd/containerd -> canonical/lxd,-2.7705375563587875,-6.866685308920152
moby/moby -> canonical/lxd,0.8706178126637757,2.2374531641112654
canonical/lxd -> containerd/containerd,-0.001497953514216055,1.7147891314137576
moby/moby -> containerd/containerd,1.2102091995195283,7.884577180761104
canonical/lxd -> moby/moby,-0.9112300946448445,-0.5958360135480185
containerd/containerd -> moby/moby,7.822838910383803,20.889741727141143
