,AMS_ij,normalized_AMS_ij
nwjs/nw.js -> AvaloniaUI/Avalonia,-0.04514207534011447,4.836936940164589
electron/electron -> AvaloniaUI/Avalonia,-0.03141545350093682,0.13555225113162986
AvaloniaUI/Avalonia -> nwjs/nw.js,0.004614353767723938,-0.8799728028458288
electron/electron -> nwjs/nw.js,0.08657539916790484,0.8592173038277683
AvaloniaUI/Avalonia -> electron/electron,0.13183621450860816,0.3978493891551357
nwjs/nw.js -> electron/electron,2.9048683096146797,0.5109289190541625
