,AMS_ij,normalized_AMS_ij
godotengine/godot -> MonoGame/MonoGame,-0.5976557530961346,12.491517087018146
4ian/GDevelop -> MonoGame/MonoGame,1.0938231212273912,14.01709146975877
MonoGame/MonoGame -> godotengine/godot,0.4179009278707727,9.969111253498916
4ian/GDevelop -> godotengine/godot,-1.4038097337549353,-3.1557212238296577
MonoGame/MonoGame -> 4ian/GDevelop,-0.10309920843643702,-4.00821990450467
godotengine/godot -> 4ian/GDevelop,-0.13179639648662195,8.36920282262076
