,AMS_ij,normalized_AMS_ij
godotengine/godot -> MonoGame/MonoGame,-0.09367502014840244,-0.5433708747937551
4ian/GDevelop -> MonoGame/MonoGame,0.23382718716777745,-1.2426370539070424
MonoGame/MonoGame -> godotengine/godot,2.180039515332836,2.3999284577915208
4ian/GDevelop -> godotengine/godot,-2.1314251647877267,-2.2372908880971707
MonoGame/MonoGame -> 4ian/GDevelop,0.19931309613894027,1.5409965337024898
godotengine/godot -> 4ian/GDevelop,-0.10368526786634871,-0.3604977520294173
