,AMS_ij,normalized_AMS_ij
chartjs/chart.js -> highcharts/highcharts,-1.712292567938273,-21.850495533846026
d3/d3 -> highcharts/highcharts,9.704292773939983,21.320758936304397
highcharts/highcharts -> chartjs/chart.js,0.1378135078627113,1.4931719295301689
d3/d3 -> chartjs/chart.js,0.5780323990829728,3.6416222069328854
highcharts/highcharts -> d3/d3,-0.047319300531649,-1.3419068871962891
chartjs/chart.js -> d3/d3,0.24875621232271689,6.418404589556551
