,AMS_ij,normalized_AMS_ij
chartjs/chart.js -> highcharts/highcharts,5.939351011890652,32.006296718018255
d3/d3 -> highcharts/highcharts,-11.755538827974442,-44.298994910511404
highcharts/highcharts -> chartjs/chart.js,-0.050729515148629487,1.761576409817249
d3/d3 -> chartjs/chart.js,-2.0752665178642458,16.195132961222296
highcharts/highcharts -> d3/d3,0.0003834702911041496,0.34812773617298975
chartjs/chart.js -> d3/d3,0.21592418442229103,12.687442636854836
