,AMS_ij,normalized_AMS_ij
apache/echarts -> highcharts/highcharts,8.894462300916642,37.617396660929096
plotly/plotly.js -> highcharts/highcharts,0.21005886342551064,1.6569143332289955
highcharts/highcharts -> apache/echarts,0.0619450240481396,3.6717385331330994
plotly/plotly.js -> apache/echarts,-0.48181963725958843,-7.081839385067424
highcharts/highcharts -> plotly/plotly.js,-0.39360904023710414,-1.1806789107254705
apache/echarts -> plotly/plotly.js,-1.8187555649582805,-15.062448148433033
