,AMS_ij,normalized_AMS_ij
home-assistant/core -> node-red/node-red,-0.04415505625377926,-0.7055470628770366
ioBroker/ioBroker -> node-red/node-red,-1.2898086320250304,-0.22474704906442797
node-red/node-red -> home-assistant/core,-3.0122116366990417,-10.52279697317241
ioBroker/ioBroker -> home-assistant/core,3.3756687111221892,3.0496255033605215
node-red/node-red -> ioBroker/ioBroker,0.3195504823701176,2.9907658905800507
home-assistant/core -> ioBroker/ioBroker,0.04283776609247003,1.0052831443035761
