,AMS_ij,normalized_AMS_ij
home-assistant/core -> node-red/node-red,0.5570514222091472,2.825513927608235
ioBroker/ioBroker -> node-red/node-red,-5.039711505744425,-33.65800310655987
node-red/node-red -> home-assistant/core,1.1678963338570383,0.399374978130484
ioBroker/ioBroker -> home-assistant/core,1.0634168629025553,-5.451997989915771
node-red/node-red -> ioBroker/ioBroker,-0.1428338837054023,-4.777607830237561
home-assistant/core -> ioBroker/ioBroker,0.08176266154950534,0.04205296770034951
