,AMS_ij,normalized_AMS_ij
facebook/react -> angular/angular,-1.8705576945795102,-11.149419937833024
jquery/jquery -> angular/angular,-7.444575057538598,-38.73165263890031
angular/angular -> facebook/react,-1.3316241420359733,-8.960527462218652
jquery/jquery -> facebook/react,-4.607893435949359,-60.7601329170617
angular/angular -> jquery/jquery,-0.07065414981989379,-3.1284544032442767
facebook/react -> jquery/jquery,-0.20855326252953652,-12.437747892205214
