,AMS_ij,normalized_AMS_ij
gogs/gogs -> gitlabhq/gitlabhq,-0.22818973692873085,-3.6760963854986244
gitbucket/gitbucket -> gitlabhq/gitlabhq,-0.34381214571696783,-3.793382307758354
gitlabhq/gitlabhq -> gogs/gogs,-0.13987456456040442,2.8640209999593367
gitbucket/gitbucket -> gogs/gogs,-0.11237335001509832,-2.5137871082067345
gitlabhq/gitlabhq -> gitbucket/gitbucket,-0.0721279765964802,-8.661193212370025
gogs/gogs -> gitbucket/gitbucket,0.12734535864019875,9.277930353991461
