,AMS_ij,normalized_AMS_ij
gogs/gogs -> gitlabhq/gitlabhq,6.146812449383718,6.802884690264207
gitbucket/gitbucket -> gitlabhq/gitlabhq,-15.122330265167644,-12.138012797067757
gitlabhq/gitlabhq -> gogs/gogs,-0.09209877035643761,-2.4924812494098405
gitbucket/gitbucket -> gogs/gogs,0.00855611977998278,3.5698584986821698
gitlabhq/gitlabhq -> gitbucket/gitbucket,-0.24420531659216665,-3.921539553659935
gogs/gogs -> gitbucket/gitbucket,-2.047608840707208,-12.963915776874568
