,AMS_ij,normalized_AMS_ij
cypress-io/cypress -> seleniumhq/selenium,-0.2839240787742564,0.42566033840563305
DevExpress/testcafe -> seleniumhq/selenium,-1.0414390571345282,-1.9389047773774661
seleniumhq/selenium -> cypress-io/cypress,0.6820840153930379,1.0796962466044884
DevExpress/testcafe -> cypress-io/cypress,3.325281331130932,7.582741987690533
seleniumhq/selenium -> DevExpress/testcafe,-0.14771619660892088,-1.9295200539110824
cypress-io/cypress -> DevExpress/testcafe,-0.09275564369120813,-1.0681292984663977
