,AMS_ij,normalized_AMS_ij
cypress-io/cypress -> seleniumhq/selenium,-0.6279140145321588,-0.3135507264578359
DevExpress/testcafe -> seleniumhq/selenium,1.7662339311140984,8.340738774893893
seleniumhq/selenium -> cypress-io/cypress,-0.2898262547333109,1.1046259155979412
DevExpress/testcafe -> cypress-io/cypress,5.124612980717226,31.111830620119886
seleniumhq/selenium -> DevExpress/testcafe,-0.23028061476992867,-3.282826312383244
cypress-io/cypress -> DevExpress/testcafe,0.05520619792358228,1.7179030619708748
