,AMS_ij,normalized_AMS_ij
gorhill/ublock -> brave/brave-browser,0.004765006836863265,1.7419310330474107
adblockplus/adblockplus -> brave/brave-browser,0.21423041306968157,4.700188857883625
brave/brave-browser -> gorhill/ublock,0.4631810561299058,10.02668194560939
adblockplus/adblockplus -> gorhill/ublock,-1.0247871279777383,-11.864507067412166
brave/brave-browser -> adblockplus/adblockplus,0.22947443139419374,2.979865543776052
gorhill/ublock -> adblockplus/adblockplus,0.19747403417688392,2.7568237589854405
