,AMS_ij,normalized_AMS_ij
avelino/awesome-go -> fffaraz/awesome-cpp,0.05805635351562442,2.0915624370985397
vinta/awesome-python -> fffaraz/awesome-cpp,-0.011597413302856421,-14.720749809493336
fffaraz/awesome-cpp -> avelino/awesome-go,-2.2010825498671203,-23.714030244945867
vinta/awesome-python -> avelino/awesome-go,-4.99787891254001,-13.540443596503538
fffaraz/awesome-cpp -> vinta/awesome-python,-0.10550693320836135,-0.941305823558279
avelino/awesome-go -> vinta/awesome-python,0.006928423399010529,-0.6352950812470495
