,AMS_ij,normalized_AMS_ij
avelino/awesome-go -> fffaraz/awesome-cpp,-0.2602362653364554,-1.6361816763463959
vinta/awesome-python -> fffaraz/awesome-cpp,-0.34046471289615454,-12.224456973751833
fffaraz/awesome-cpp -> avelino/awesome-go,-0.791201555457115,-3.20222607347044
vinta/awesome-python -> avelino/awesome-go,0.0985581118848176,3.54628008612719
fffaraz/awesome-cpp -> vinta/awesome-python,0.5714757593510671,4.888368159243853
avelino/awesome-go -> vinta/awesome-python,-0.15358322144568645,-1.9162147651682226
