,AMS_ij,normalized_AMS_ij
avelino/awesome-go -> fffaraz/awesome-cpp,0.32633241665922685,1.1651760112923621
vinta/awesome-python -> fffaraz/awesome-cpp,-2.6655972310933445,-27.776213461544003
fffaraz/awesome-cpp -> avelino/awesome-go,-0.006447361240765476,0.948190353637382
vinta/awesome-python -> avelino/awesome-go,0.6043587255022697,-4.994967229508694
fffaraz/awesome-cpp -> vinta/awesome-python,-0.812650616801368,-13.201480154993343
avelino/awesome-go -> vinta/awesome-python,-0.34648562285166506,-9.42511043725784
