,AMS_ij,normalized_AMS_ij
pi-hole/pi-hole -> NLnetLabs/unbound,-0.3917092258667667,-0.928663398682156
AdguardTeam/AdGuardHome -> NLnetLabs/unbound,0.34364149631566365,1.4255802909367319
NLnetLabs/unbound -> pi-hole/pi-hole,-0.5396829335761439,-3.7201242642667887
AdguardTeam/AdGuardHome -> pi-hole/pi-hole,-0.03960124873358182,-0.4031479533500643
NLnetLabs/unbound -> AdguardTeam/AdGuardHome,-0.030398546181258233,-1.6916810029506064
pi-hole/pi-hole -> AdguardTeam/AdGuardHome,1.019481496454071,2.7628731543615688
