,AMS_ij,normalized_AMS_ij
ant-design/ant-design -> twbs/bootstrap,-1.874562504726979,-14.828408193669269
mui/material-ui -> twbs/bootstrap,-2.563863829078995,-22.605547935822354
twbs/bootstrap -> ant-design/ant-design,-1.423830869035832,-7.979005409846432
mui/material-ui -> ant-design/ant-design,-2.453189803670916,-20.757957954967797
twbs/bootstrap -> mui/material-ui,-2.5763019758058974,-14.052052052480912
ant-design/ant-design -> mui/material-ui,0.46521450548121424,3.2921123633622726
