,AMS_ij,normalized_AMS_ij
ant-design/ant-design -> twbs/bootstrap,-1.3470329284029194,-5.537407926337258
mui/material-ui -> twbs/bootstrap,-3.2586171337693135,-1.984859364926827
twbs/bootstrap -> ant-design/ant-design,0.15849486980226624,-2.285310331722489
mui/material-ui -> ant-design/ant-design,-6.534429746611586,-15.327396961167109
twbs/bootstrap -> mui/material-ui,1.4722342188904864,11.79612326889076
ant-design/ant-design -> mui/material-ui,0.7433616356352374,3.5121041820975556
