,AMS_ij,normalized_AMS_ij
apache/superset -> metabase/metabase,-1.065702178003714,-1.2356240556137847
getredash/redash -> metabase/metabase,8.43766198983886,53.9290748656898
metabase/metabase -> apache/superset,-0.5221117841757645,0.5774888040476147
getredash/redash -> apache/superset,7.137308311555895,3.8047919093957785
metabase/metabase -> getredash/redash,0.8042234907669227,18.64466973956392
apache/superset -> getredash/redash,0.23559203487229424,0.701159105244709
