,AMS_ij,normalized_AMS_ij
traefik/traefik -> haproxy/haproxy,2.239808085309925,4.1231915736346085
kong/kong -> haproxy/haproxy,-0.4617381478336622,0.9897905421957353
haproxy/haproxy -> traefik/traefik,0.058939307286337984,0.8579767180761881
kong/kong -> traefik/traefik,0.30065238583891507,3.533204513729603
haproxy/haproxy -> kong/kong,0.07753708665489978,0.6387786853811845
traefik/traefik -> kong/kong,-0.22085892475253183,1.5007156015872398
