,AMS_ij,normalized_AMS_ij
strapi/strapi -> TryGhost/Ghost,1.7429804064888268,-0.07511687448988999
decaporg/decap-cms -> TryGhost/Ghost,-0.11297339632454959,2.233795363522923
TryGhost/Ghost -> strapi/strapi,-0.6948199907325056,-9.000060896975778
decaporg/decap-cms -> strapi/strapi,1.0199031270986438,6.40342007388279
TryGhost/Ghost -> decaporg/decap-cms,0.0034021763482072398,0.0928355223549427
strapi/strapi -> decaporg/decap-cms,-0.9262726414142797,-1.0276233325321986
