,AMS_ij,normalized_AMS_ij
strapi/strapi -> TryGhost/Ghost,-0.33052326526827436,-0.5152493063195173
decaporg/decap-cms -> TryGhost/Ghost,-2.142076970100341,-3.592558337880636
TryGhost/Ghost -> strapi/strapi,-3.047567958354579,-4.346435398099586
decaporg/decap-cms -> strapi/strapi,21.45399595550814,44.38488616222569
TryGhost/Ghost -> decaporg/decap-cms,0.11768281650490447,2.747999791759539
strapi/strapi -> decaporg/decap-cms,0.03722330966751175,1.357609483100845
