,AMS_ij,normalized_AMS_ij
tensorflow/models -> huggingface/transformers,-4.779069957775189,-14.041815704061062
pytorch/vision -> huggingface/transformers,-0.3623333448072687,0.6925483399841652
huggingface/transformers -> tensorflow/models,-0.03916857268605438,1.0947829068630237
pytorch/vision -> tensorflow/models,-0.6435427406285734,15.2456486211343
huggingface/transformers -> pytorch/vision,-0.3054573862903671,-4.372839762433801
tensorflow/models -> pytorch/vision,-0.6461681957102323,-5.081998234787473
