,AMS_ij,normalized_AMS_ij
mastodon/mastodon -> friendica/friendica,-1.5236950155415232,2.2082346377322164
diaspora/diaspora -> friendica/friendica,0.42502261959235593,2.900785797403218
friendica/friendica -> mastodon/mastodon,0.12194431558689592,0.28274048348507
diaspora/diaspora -> mastodon/mastodon,0.19910363853307117,1.5244245887629289
friendica/friendica -> diaspora/diaspora,0.14268348826826593,0.5930222121240536
mastodon/mastodon -> diaspora/diaspora,0.5554785268995642,3.8883413737386117
