,AMS_ij,normalized_AMS_ij
tensorflow/tensorflow -> pytorch/pytorch,0.05997760622741578,-1.4382970506020918
apache/mxnet -> pytorch/pytorch,1.8540728245565368,7.662807514287559
pytorch/pytorch -> tensorflow/tensorflow,-4.471199015896134,-4.779361135688992
apache/mxnet -> tensorflow/tensorflow,9.795557023508454,11.877031063066646
pytorch/pytorch -> apache/mxnet,0.058587049023794364,2.397000745270544
tensorflow/tensorflow -> apache/mxnet,0.2594362607577628,1.5545438316382327
