,AMS_ij,normalized_AMS_ij
microsoft/vscode -> pulsar-edit/pulsar,0.25443369636036617,1.3999620318974009
neovim/neovim -> pulsar-edit/pulsar,-0.6857445206958503,-4.1615512377135015
pulsar-edit/pulsar -> microsoft/vscode,6.0471632849814885,2.656481409475231
neovim/neovim -> microsoft/vscode,0.8699774512519869,0.6783420101375809
pulsar-edit/pulsar -> neovim/neovim,-0.28043548921399253,-4.038787440906722
microsoft/vscode -> neovim/neovim,0.3065801591889433,1.6623074144883065
