,AMS_ij,normalized_AMS_ij
prettier/prettier -> eslint/eslint,0.232260824925029,2.7727137637302772
standard/standard -> eslint/eslint,0.22286930060213203,-3.930117815656628
eslint/eslint -> prettier/prettier,0.5211153022615543,5.419834648471796
standard/standard -> prettier/prettier,-0.7464884042615159,2.5427562265274157
eslint/eslint -> standard/standard,0.07634056257288721,4.592320494791638
prettier/prettier -> standard/standard,-0.0038902430317174037,0.9888938211500713
