,AMS_ij,normalized_AMS_ij
commaai/openpilot -> apolloauto/apollo,6.581352869944025,8.027910296838664
carla-simulator/carla -> apolloauto/apollo,2.1016611792861997,0.7493357675165883
apolloauto/apollo -> commaai/openpilot,0.04435354109899606,0.4467002980973115
carla-simulator/carla -> commaai/openpilot,-0.19881693155309826,0.037772382144003434
apolloauto/apollo -> carla-simulator/carla,0.03517167321170653,-0.25959638893822584
commaai/openpilot -> carla-simulator/carla,0.058755047469464805,1.8666070080111932
