,AMS_ij,normalized_AMS_ij
microsoft/terminal -> mintty/mintty,-0.3719022311255794,-4.624798831081452
alacritty/alacritty -> mintty/mintty,0.07585142221444763,1.5356335950511077
mintty/mintty -> microsoft/terminal,0.2227365190506042,12.110939435103022
alacritty/alacritty -> microsoft/terminal,0.033459195968218065,2.735372153390166
mintty/mintty -> alacritty/alacritty,-0.34959357222633136,-7.578857949419366
microsoft/terminal -> alacritty/alacritty,0.5690848703086147,8.54322592922431
