,AMS_ij,normalized_AMS_ij
nestjs/nest -> fastify/fastify,1.4748323842944737,12.685584305896846
koajs/koa -> fastify/fastify,-0.9412539388686343,-8.673733435855915
fastify/fastify -> nestjs/nest,2.793911530476883,21.09554886171
koajs/koa -> nestjs/nest,5.199906760699087,28.57008327979258
fastify/fastify -> koajs/koa,-0.010812373668598768,-3.747064374267507
nestjs/nest -> koajs/koa,0.04665955287357872,4.318029729340397
