,AMS_ij,normalized_AMS_ij
nestjs/nest -> fastify/fastify,0.05117637109796447,0.7981514329826245
koajs/koa -> fastify/fastify,-0.05583311476284442,0.11106847127721128
fastify/fastify -> nestjs/nest,-1.068660974037059,-2.63012122204563
koajs/koa -> nestjs/nest,-2.2187737205163485,-15.45101403524653
fastify/fastify -> koajs/koa,0.01834493426787048,1.8978419159887843
nestjs/nest -> koajs/koa,0.015360021714899297,0.664062142286299
