,AMS_ij,normalized_AMS_ij
ElemeFE/element -> ant-design/ant-design,0.5020748828207348,-0.6822578243625581
youzan/vant -> ant-design/ant-design,-1.4158681326304703,0.5707531049037792
ant-design/ant-design -> ElemeFE/element,-0.25884645440749093,-0.6607541442691283
youzan/vant -> ElemeFE/element,0.09479779522441226,7.2263291483701
ant-design/ant-design -> youzan/vant,-1.661642915219999,-2.3269556680950725
ElemeFE/element -> youzan/vant,0.32070999034767056,11.134313335211766
