,AMS_ij,normalized_AMS_ij
jesseduffield/lazygit -> jonas/tig,-0.03726235247256647,0.43445673326889067
dandavison/delta -> jonas/tig,0.06788160552304955,2.133845877595924
jonas/tig -> jesseduffield/lazygit,1.887643917784244,13.524527624243113
dandavison/delta -> jesseduffield/lazygit,1.1764388224643625,5.957276876590357
jonas/tig -> dandavison/delta,-1.6767341314032584,-23.4197368039516
jesseduffield/lazygit -> dandavison/delta,0.8058907835000859,5.023057819912593
