,AMS_ij,normalized_AMS_ij
tailwindlabs/tailwindcss -> twbs/bootstrap,-0.053965289880208336,-3.5599063636601493
jgthms/bulma -> twbs/bootstrap,-0.3879431711828081,-5.862978573506099
twbs/bootstrap -> tailwindlabs/tailwindcss,-0.24939795118356362,-7.807328735870336
jgthms/bulma -> tailwindlabs/tailwindcss,-1.2320257446892753,-25.79848595526918
twbs/bootstrap -> jgthms/bulma,0.014217093444373233,-0.8786152610646405
tailwindlabs/tailwindcss -> jgthms/bulma,-0.022136426862037716,-2.1308732022344223
