,AMS_ij,normalized_AMS_ij
vuejs/core -> facebook/react,2.0630845327768506,10.201754709254335
sveltejs/svelte -> facebook/react,-2.618089183255899,-19.66194698085189
facebook/react -> vuejs/core,0.933741825628826,2.1429250851059476
sveltejs/svelte -> vuejs/core,1.3389582189404585,5.345133334614212
facebook/react -> sveltejs/svelte,-7.06740253457647,-40.778684539982955
vuejs/core -> sveltejs/svelte,3.3878306259517323,10.247374417885709
