,AMS_ij,normalized_AMS_ij
denoland/deno -> nodejs/node,-0.27898792629122837,-2.607103210053659
oven-sh/bun -> nodejs/node,0.13245642337170796,-0.09346033533190244
nodejs/node -> denoland/deno,0.5070984218952295,2.576029222767688
oven-sh/bun -> denoland/deno,0.18742385053595847,0.6761361149032987
nodejs/node -> oven-sh/bun,-0.9368695013814324,-4.231026408291981
denoland/deno -> oven-sh/bun,0.5074396127144452,-0.4432269514929317
