,AMS_ij,normalized_AMS_ij
gatsbyjs/gatsby -> vercel/next.js,0.44130534720565445,2.4113143705282014
phenomic/phenomic -> vercel/next.js,0.106830579898676,-0.7897640568795825
vercel/next.js -> gatsbyjs/gatsby,0.3003110366865104,0.40320318528164906
phenomic/phenomic -> gatsbyjs/gatsby,0.4720801077933787,3.7774764310400126
vercel/next.js -> phenomic/phenomic,0.322006113197296,1.6959711396151391
gatsbyjs/gatsby -> phenomic/phenomic,0.04336572150186632,1.807346743896813
