,AMS_ij,normalized_AMS_ij
rs/zerolog -> uber-go/zap,0.006517780554689588,-3.8721704360089793
sirupsen/logrus -> uber-go/zap,-0.09926175063519065,-2.9909104698069036
uber-go/zap -> rs/zerolog,-0.225319300809333,-12.317811629841579
sirupsen/logrus -> rs/zerolog,-0.29243942199594664,-12.242094054313418
uber-go/zap -> sirupsen/logrus,-0.8390322743581953,-18.02182368766303
rs/zerolog -> sirupsen/logrus,-0.6808907193741529,-17.549967694010356
