,AMS_ij,normalized_AMS_ij
go-pg/pg -> jackc/pgx,-0.8337958078573244,-11.12826031498594
lib/pq -> jackc/pgx,0.5401510467757036,-2.6659389041962713
jackc/pgx -> go-pg/pg,-0.3033159744923295,-7.3450574911019615
lib/pq -> go-pg/pg,0.3202354952416494,-12.534693654520535
jackc/pgx -> lib/pq,0.013577589269290515,0.9529309186005928
go-pg/pg -> lib/pq,0.08011111557877298,0.976434873618464
