,AMS_ij,normalized_AMS_ij
python/cpython -> php/php-src,0.5049913869453229,0.9763702866826658
ruby/ruby -> php/php-src,-2.0923478877279873,-12.217885673124815
php/php-src -> python/cpython,-1.6498493606826996,-1.7263606255860142
ruby/ruby -> python/cpython,-2.099889815851314,12.31402563889973
php/php-src -> ruby/ruby,-0.43827404964322053,-4.792586363383147
python/cpython -> ruby/ruby,-0.033466981359386624,2.99523466532548
