,AMS_ij,normalized_AMS_ij
python/cpython -> php/php-src,0.24089310956256474,0.20008118977365508
ruby/ruby -> php/php-src,-2.9222554318113665,-3.7046984242007786
php/php-src -> python/cpython,-0.3799584857349452,-3.0337571400365406
ruby/ruby -> python/cpython,2.8876364052607957,-6.7772290739367165
php/php-src -> ruby/ruby,0.3818119640548208,0.7616246454342765
python/cpython -> ruby/ruby,0.6580617509808879,1.1796558540703523
