,AMS_ij,normalized_AMS_ij
python/cpython -> php/php-src,1.7928372550961709,1.954104625907787
ruby/ruby -> php/php-src,-1.788509322188674,-8.396083637720912
php/php-src -> python/cpython,1.1885535105273193,4.409620707079473
ruby/ruby -> python/cpython,1.9450206166310384,4.541942852421111
php/php-src -> ruby/ruby,-1.3553495747070836,-2.3915504899257223
python/cpython -> ruby/ruby,0.47916823035393497,-0.20221892593320104
