,AMS_ij,normalized_AMS_ij
python/cpython -> php/php-src,-0.5177122433800323,0.4274841183310604
ruby/ruby -> php/php-src,0.11467592200934482,0.01030860081678497
php/php-src -> python/cpython,0.45242707483606487,1.5790440905821446
ruby/ruby -> python/cpython,2.098311596464698,4.429265341477098
php/php-src -> ruby/ruby,-0.1961110720599792,0.8760457646516996
python/cpython -> ruby/ruby,0.3965023202864921,0.8801865857830049
