,AMS_ij,normalized_AMS_ij
python/cpython -> php/php-src,-1.7696251445735651,-3.952153987161354
ruby/ruby -> php/php-src,1.8781656374239337,1.1784910632698806
php/php-src -> python/cpython,-2.333796771987188,-6.204192014966316
ruby/ruby -> python/cpython,0.804853159808024,1.0097653199057213
php/php-src -> ruby/ruby,0.41749844117224394,-0.07681736657983113
python/cpython -> ruby/ruby,0.7292904794385167,2.8257761264222565
