,AMS_ij,normalized_AMS_ij
python/cpython -> php/php-src,1.7622924749880287,10.113375666498609
ruby/ruby -> php/php-src,0.035688497917575404,-0.5420536280962387
php/php-src -> python/cpython,-0.1197871398263331,-0.24015628910919237
ruby/ruby -> python/cpython,0.06984150608485905,1.1384475766127853
php/php-src -> ruby/ruby,-0.7272353077331624,-1.7755506773552956
python/cpython -> ruby/ruby,-3.0430141241777475,-1.3228425863631463
