,AMS_ij,normalized_AMS_ij
rails/rails -> django/django,-0.3006372648794082,-2.9809458261447945
sinatra/sinatra -> django/django,-0.6861928463357292,-8.13564707619244
django/django -> rails/rails,0.47336965031810446,-3.398770233657046
sinatra/sinatra -> rails/rails,-1.4684893143495164,-8.23776269359432
django/django -> sinatra/sinatra,0.20267065745163676,-0.3767887551191142
rails/rails -> sinatra/sinatra,0.002652173814124012,-0.4667694767049595
