,AMS_ij,normalized_AMS_ij
django/django -> rails/rails,2.254221916714521,4.126792430296112
pallets/flask -> rails/rails,2.8956346327348963,6.223857955546272
rails/rails -> django/django,-0.22976915976558554,0.835729852321141
pallets/flask -> django/django,3.1863880747902913,9.958741079064563
rails/rails -> pallets/flask,0.14623415084044278,0.3724273017113779
django/django -> pallets/flask,0.851506694241813,3.0283597581830315
