,AMS_ij,normalized_AMS_ij
django/django -> rails/rails,-3.3112271299410496,-6.886798040638259
pallets/flask -> rails/rails,6.024829646236999,1.1886503790922562
rails/rails -> django/django,-0.6718807827807101,-4.821237698048722
pallets/flask -> django/django,0.15060026945992844,-0.8802525019697823
rails/rails -> pallets/flask,0.04925598385203837,0.9888783397486797
django/django -> pallets/flask,-0.10811942423419899,-0.04281422240653438
