,AMS_ij,normalized_AMS_ij
golang/go -> llvm/llvm-project,3.1108189480529247,2.3369184622413366
gcc-mirror/gcc -> llvm/llvm-project,-1.0049388823693253,-0.4723748048739608
llvm/llvm-project -> golang/go,-0.10748277125818018,0.29211726555358064
gcc-mirror/gcc -> golang/go,0.4006299831261662,3.1425096558396794
llvm/llvm-project -> gcc-mirror/gcc,0.057321583457694336,0.048864754497429025
golang/go -> gcc-mirror/gcc,-2.3945482138251997,-6.3861379560569365
