,AMS_ij,normalized_AMS_ij
scrapy/scrapy -> seleniumhq/selenium,0.9355913673296514,7.067657310238213
microlinkhq/metascraper -> seleniumhq/selenium,1.4860542632565927,5.613295574184251
seleniumhq/selenium -> scrapy/scrapy,0.13734153406768546,1.2800939883676299
microlinkhq/metascraper -> scrapy/scrapy,-0.536262110498572,-8.691892198709935
seleniumhq/selenium -> microlinkhq/metascraper,0.14425032711164937,0.6278363741914885
scrapy/scrapy -> microlinkhq/metascraper,0.241725456885648,3.0306370335906907
