,AMS_ij,normalized_AMS_ij
protocolbuffers/protobuf -> apache/thrift,0.28056711842726506,1.4682507045629696
apache/avro -> apache/thrift,-0.203359200342072,-6.380248693987285
apache/thrift -> protocolbuffers/protobuf,-1.2489877754147156,-8.731417207211914
apache/avro -> protocolbuffers/protobuf,0.3175463808573704,1.218971337286106
apache/thrift -> apache/avro,-0.3849194122097822,-8.780193809891173
protocolbuffers/protobuf -> apache/avro,-0.03331668550200084,-2.896387400029379
