,AMS_ij,normalized_AMS_ij
google/guava -> apache/commons-lang,-0.27554139668319366,-2.4637030770105004
apache/commons-io -> apache/commons-lang,0.5895947010449835,4.498538374436083
apache/commons-lang -> google/guava,0.15372618096216498,2.96814719600685
apache/commons-io -> google/guava,-0.21360790041930022,-5.6911778315748895
apache/commons-lang -> apache/commons-io,-0.5266033476626959,-6.703241585059628
google/guava -> apache/commons-io,-0.09168847334870556,-7.0845428985985395
