,AMS_ij,normalized_AMS_ij
JuliaLang/julia -> rust-lang/rust,-4.098591311800366,-11.315617628186766
python/cpython -> rust-lang/rust,0.7477483876603469,2.1900232822414214
rust-lang/rust -> JuliaLang/julia,-2.2533140953650515,-7.928817624829021
python/cpython -> JuliaLang/julia,0.6207296057076683,2.2283803530898267
rust-lang/rust -> python/cpython,1.3666545306229347,4.442492533762662
JuliaLang/julia -> python/cpython,1.9398616644991122,3.6062789339435763
