,AMS_ij,normalized_AMS_ij
ohmyzsh/ohmyzsh -> Bash-it/bash-it,0.03747552571907431,0.9353478782032197
sorin-ionescu/prezto -> Bash-it/bash-it,-0.15911530147682487,-3.616725586170494
Bash-it/bash-it -> ohmyzsh/ohmyzsh,0.9007692815305575,3.8675865368418556
sorin-ionescu/prezto -> ohmyzsh/ohmyzsh,-0.10396658463963153,3.811814175097873
Bash-it/bash-it -> sorin-ionescu/prezto,0.3987616830554159,-0.547981995812964
ohmyzsh/ohmyzsh -> sorin-ionescu/prezto,-0.7814241026069673,0.3205077370010235
