,AMS_ij,normalized_AMS_ij
ohmyzsh/ohmyzsh -> Bash-it/bash-it,-0.2723627481648464,-7.453829556163727
sorin-ionescu/prezto -> Bash-it/bash-it,1.733222505533612,13.165395221517153
Bash-it/bash-it -> ohmyzsh/ohmyzsh,0.2837706887317086,-2.7017741746836856
sorin-ionescu/prezto -> ohmyzsh/ohmyzsh,1.0167468461307134,9.959817101463365
Bash-it/bash-it -> sorin-ionescu/prezto,-0.3051510708584746,0.3641362028366904
ohmyzsh/ohmyzsh -> sorin-ionescu/prezto,0.10655192714178291,1.7803519768470246
