,AMS_ij,normalized_AMS_ij
nodejs/node -> python/cpython,0.33697473741495954,0.9567639969250613
ruby/ruby -> python/cpython,1.1115582762610476,1.25957050333629
python/cpython -> nodejs/node,0.06562865789117137,0.6168030855452301
ruby/ruby -> nodejs/node,-0.3819679813800496,-2.5989334170955454
python/cpython -> ruby/ruby,0.030288615541966334,0.1768283594935921
nodejs/node -> ruby/ruby,-1.1890381291037215,-0.7240238473033214
