,AMS_ij,normalized_AMS_ij
nodejs/node -> python/cpython,-0.31387306718109037,-1.1540463859969714
ruby/ruby -> python/cpython,0.8123051906207066,2.6379101103151443
python/cpython -> nodejs/node,0.17476402405940572,-0.2022703330515724
ruby/ruby -> nodejs/node,0.38149258967086697,5.992907549958189
python/cpython -> ruby/ruby,0.1428319812640462,1.2767233274530247
nodejs/node -> ruby/ruby,-0.25975330539277003,3.067712021850971
