,AMS_ij,normalized_AMS_ij
nodejs/node -> python/cpython,-0.44787040444295034,-1.244112637192835
ruby/ruby -> python/cpython,-0.6503467085216681,-4.418833162715765
python/cpython -> nodejs/node,0.48376461832781525,3.2297476502068148
ruby/ruby -> nodejs/node,0.5312954602405009,3.0699476775619483
python/cpython -> ruby/ruby,-2.1070066849148956,-6.79369757437398
nodejs/node -> ruby/ruby,-2.0731967543732237,-0.30569879632735636
