,AMS_ij,normalized_AMS_ij
nodejs/node -> python/cpython,-0.8281052942054236,-6.8038452463668175
ruby/ruby -> python/cpython,0.11853404586378626,1.2417801874946295
python/cpython -> nodejs/node,-0.22447265469757072,-0.5010722705518316
ruby/ruby -> nodejs/node,0.05103412026929685,0.41200943315003735
python/cpython -> ruby/ruby,-0.5292174762886253,0.39473731061636996
nodejs/node -> ruby/ruby,-0.9507252766148763,-1.6531506819152837
