,AMS_ij,normalized_AMS_ij
spring-projects/spring-framework -> apache/tomcat,0.20187528649032968,0.3311763313889149
apache/struts -> apache/tomcat,2.907227757359543,17.079565922573973
apache/tomcat -> spring-projects/spring-framework,-0.8151425709902881,0.3106830272695716
apache/struts -> spring-projects/spring-framework,-1.8130488598678238,-1.2830529593615738
apache/tomcat -> apache/struts,-0.05602331366703607,0.7761128917064978
spring-projects/spring-framework -> apache/struts,-0.3048893841847492,-5.058331814601368
