,AMS_ij,normalized_AMS_ij
spring-projects/spring-framework -> apache/tomcat,0.14009187775869225,0.5873691155252605
apache/struts -> apache/tomcat,0.9294750167981967,3.8839660684377377
apache/tomcat -> spring-projects/spring-framework,-0.15538940239558952,-3.2521691692842642
apache/struts -> spring-projects/spring-framework,-0.1487678904370453,-2.1112444353686493
apache/tomcat -> apache/struts,0.09004565635541173,-2.400314068257043
spring-projects/spring-framework -> apache/struts,-0.11526630823021146,-4.695519567194842
