,AMS_ij,normalized_AMS_ij
scikit-learn/scikit-learn -> mlpack/mlpack,-0.19582122577200256,1.2885069796802813
statsmodels/statsmodels -> mlpack/mlpack,0.13456703560402153,0.2771773144946457
mlpack/mlpack -> scikit-learn/scikit-learn,-1.4230123557388217,1.6011777764849116
statsmodels/statsmodels -> scikit-learn/scikit-learn,-0.2794376578331944,-0.4235629697463297
mlpack/mlpack -> statsmodels/statsmodels,0.10520753254708569,0.7659341275133424
scikit-learn/scikit-learn -> statsmodels/statsmodels,0.07229868659193113,-0.4441835913366809
