,AMS_ij,normalized_AMS_ij
scikit-learn/scikit-learn -> mlpack/mlpack,-0.0317958314892371,1.3692943764274408
statsmodels/statsmodels -> mlpack/mlpack,-0.40709515895239345,-3.5253204294212255
mlpack/mlpack -> scikit-learn/scikit-learn,-0.08149046275390562,-0.6492034531049115
statsmodels/statsmodels -> scikit-learn/scikit-learn,-0.04598464745912936,1.424464769402388
mlpack/mlpack -> statsmodels/statsmodels,-0.023525472520634076,-0.34337572455421395
scikit-learn/scikit-learn -> statsmodels/statsmodels,0.12310839021057182,2.767097908098864
