,AMS_ij,normalized_AMS_ij
redis/redis -> tarantool/tarantool,-0.2859776801902223,-2.909475586120823
memcached/memcached -> tarantool/tarantool,1.6893777237838448,33.08161007654956
tarantool/tarantool -> redis/redis,-0.12843782872934673,-0.6225185534677481
memcached/memcached -> redis/redis,2.40996438161286,23.410599674007592
tarantool/tarantool -> memcached/memcached,-0.057445150800584044,-0.3588574402820079
redis/redis -> memcached/memcached,-0.08092057585914736,-3.553192188461206
