,AMS_ij,normalized_AMS_ij
redis/redis -> tarantool/tarantool,0.473198251354503,2.2404290632929342
memcached/memcached -> tarantool/tarantool,0.9734499684472551,-1.5825059429938282
tarantool/tarantool -> redis/redis,0.7411522586957047,3.4597888475466534
memcached/memcached -> redis/redis,-1.7878355097947414,-6.7811244721892034
tarantool/tarantool -> memcached/memcached,0.06815958241284575,1.7046695142152375
redis/redis -> memcached/memcached,0.02883859847146465,-1.1060109213400255
