,AMS_ij,normalized_AMS_ij
jekyll/jekyll -> getpelican/pelican,0.10442237916899968,2.5723768653817243
middleman/middleman -> getpelican/pelican,-0.2715833725953153,-5.676340694133332
getpelican/pelican -> jekyll/jekyll,-4.497595447874329,-23.027311862312438
middleman/middleman -> jekyll/jekyll,-3.5574573198891972,-37.60469496626645
getpelican/pelican -> middleman/middleman,-1.1569497537667832,-26.592814254254538
jekyll/jekyll -> middleman/middleman,-0.07890590892585617,-7.779741934970641
