,AMS_ij,normalized_AMS_ij
rust-lang/rust -> golang/go,-1.0826337895934093,-1.7119645461998987
nim-lang/Nim -> golang/go,-7.143340834496927,-0.9032152790260574
golang/go -> rust-lang/rust,-0.8266127617567376,0.37231352169928933
nim-lang/Nim -> rust-lang/rust,-13.968613775130828,-42.43803619127567
golang/go -> nim-lang/Nim,0.2324532376251861,5.8960965979236
rust-lang/rust -> nim-lang/Nim,-0.7123519007655795,-10.006740081970982
