,AMS_ij,normalized_AMS_ij
rust-lang/rust -> golang/go,-0.2634123069659706,0.22815389529913296
nim-lang/Nim -> golang/go,-1.3709119548978923,-1.8412906677221823
golang/go -> rust-lang/rust,-1.0539855051844755,-1.1002290603824336
nim-lang/Nim -> rust-lang/rust,-3.882665328849611,-0.43251251551679226
golang/go -> nim-lang/Nim,-0.5441807967619159,-2.074987931017067
rust-lang/rust -> nim-lang/Nim,-0.5621831585884813,-0.891995862771129
