,AMS_ij,normalized_AMS_ij
rust-lang/rust -> golang/go,-0.5024134471252413,-1.3255343425680122
nim-lang/Nim -> golang/go,0.6034137958580671,1.6612257328094004
golang/go -> rust-lang/rust,0.3991335260541633,0.7342185021655127
nim-lang/Nim -> rust-lang/rust,4.852896748807476,2.928024142973664
golang/go -> nim-lang/Nim,0.2755851724201952,0.5854786150330836
rust-lang/rust -> nim-lang/Nim,-0.1054999744216272,-1.6630897686513464
