,AMS_ij,normalized_AMS_ij
rust-lang/rust -> golang/go,-0.11965018616888973,-0.274048086629192
nim-lang/Nim -> golang/go,1.5590449444004926,-1.0679510246336625
golang/go -> rust-lang/rust,-0.3789278253551539,0.054332553114629686
nim-lang/Nim -> rust-lang/rust,10.054914617556868,25.949100159054307
golang/go -> nim-lang/Nim,-0.4983757625426217,-8.341735557566752
rust-lang/rust -> nim-lang/Nim,-0.05536464008301091,-0.3296238430541955
