,AMS_ij,normalized_AMS_ij
lodash/lodash -> ramda/ramda,-0.8108785060743995,-4.925406307674608
jashkenas/underscore -> ramda/ramda,0.4621676701357962,5.928493680194658
ramda/ramda -> lodash/lodash,0.10310749906651821,4.059945895168295
jashkenas/underscore -> lodash/lodash,-0.10058054501875731,-1.7465673262644488
ramda/ramda -> jashkenas/underscore,0.12879815824730462,10.68206770428238
lodash/lodash -> jashkenas/underscore,0.3340696609098722,7.837190657347517
