,AMS_ij,normalized_AMS_ij
swiftlang/swift -> rust-lang/rust,0.20703651815068688,-0.1258987320546919
golang/go -> rust-lang/rust,1.9406464597313593,3.33128193937252
rust-lang/rust -> swiftlang/swift,-0.6234374114427477,-0.306691499911282
golang/go -> swiftlang/swift,0.08470777059060602,1.1569235777348466
rust-lang/rust -> golang/go,-0.6105339755054411,-1.5625205575361192
swiftlang/swift -> golang/go,-0.7523651615902437,-1.3778841338404129
