,AMS_ij,normalized_AMS_ij
apple/swift -> rust-lang/rust,-3.0656922467259875,-8.938938960721925
JetBrains/kotlin -> rust-lang/rust,-0.6751860324023808,-0.6042052750011492
rust-lang/rust -> apple/swift,-0.8272750481699636,-5.593635859470432
JetBrains/kotlin -> apple/swift,-0.2314829438564377,0.05372229065594944
rust-lang/rust -> JetBrains/kotlin,-1.6481818620368722,-5.805204476791463
apple/swift -> JetBrains/kotlin,-1.73278299451133,-5.82635931993959
