,AMS_ij,normalized_AMS_ij
apple/swift -> rust-lang/rust,0.27739818383105747,-3.076972061776945
JetBrains/kotlin -> rust-lang/rust,0.7553025150321748,1.9609182031992098
rust-lang/rust -> apple/swift,-0.6670091900248093,-1.3676267851075803
JetBrains/kotlin -> apple/swift,1.2523825648766576,2.1831092742714544
rust-lang/rust -> JetBrains/kotlin,-0.4066374261292225,0.01570644160090117
apple/swift -> JetBrains/kotlin,-0.4794666045706658,-0.47925423221445734
