,AMS_ij,normalized_AMS_ij
mrdoob/three.js -> BabylonJS/Babylon.js,-0.5386247693587298,-3.6036736959764113
playcanvas/engine -> BabylonJS/Babylon.js,-0.3583210906368385,0.5896847766776394
BabylonJS/Babylon.js -> mrdoob/three.js,-4.469969150474394,-9.370799179933506
playcanvas/engine -> mrdoob/three.js,0.08451574470715092,-0.9455816502881003
BabylonJS/Babylon.js -> playcanvas/engine,-0.4971022657531099,2.0025497252020608
mrdoob/three.js -> playcanvas/engine,0.30969497636350685,1.8418983734226606
