,AMS_ij,normalized_AMS_ij
mrdoob/three.js -> BabylonJS/Babylon.js,0.3308368339919747,1.9264614575064634
playcanvas/engine -> BabylonJS/Babylon.js,-3.876031662790955,-7.6664551731001565
BabylonJS/Babylon.js -> mrdoob/three.js,-0.21590897029504835,0.03817033436620329
playcanvas/engine -> mrdoob/three.js,-1.3450385501802344,-0.852189087916118
BabylonJS/Babylon.js -> playcanvas/engine,-0.5523980694305397,-3.2470778237823885
mrdoob/three.js -> playcanvas/engine,-0.41275899144154865,-2.1232963085774945
