,AMS_ij,normalized_AMS_ij
d3/d3 -> highcharts/highcharts,0.8960546316690974,5.6140558692473554
plotly/plotly.js -> highcharts/highcharts,-2.520097686984049,-11.02285012896847
highcharts/highcharts -> d3/d3,-0.011075631471875645,3.925316501067666
plotly/plotly.js -> d3/d3,2.2745207899756177,11.881951742855284
highcharts/highcharts -> plotly/plotly.js,-3.2215810441332033,-14.251568078532294
d3/d3 -> plotly/plotly.js,2.08007538727463,9.427852877387256
