,AMS_ij,normalized_AMS_ij
d3/d3 -> highcharts/highcharts,0.5666875554193882,10.285312091219739
plotly/plotly.js -> highcharts/highcharts,-1.868704712511195,-6.949323807853837
highcharts/highcharts -> d3/d3,-0.026515144300226494,-0.48425532279227307
plotly/plotly.js -> d3/d3,-0.03130966034193326,-0.6776236445651981
highcharts/highcharts -> plotly/plotly.js,-0.9222437994502073,-2.915047532446919
d3/d3 -> plotly/plotly.js,-1.478579879072643,-1.8475506285028351
