,AMS_ij,normalized_AMS_ij
psf/requests -> urllib3/urllib3,0.22818528081312056,2.8707239036284635
twisted/treq -> urllib3/urllib3,-0.8033845315508698,-2.3916333489517596
urllib3/urllib3 -> psf/requests,-1.0141918302546589,-2.2364041453649772
twisted/treq -> psf/requests,-4.729089411171488,-18.169303671491797
urllib3/urllib3 -> twisted/treq,0.05956511062434882,0.3283075943030507
psf/requests -> twisted/treq,-0.28218374331517393,-4.2469355212421425
