,AMS_ij,normalized_AMS_ij
psf/requests -> urllib3/urllib3,-0.8959332033494107,-7.228357367680702
twisted/treq -> urllib3/urllib3,-0.33423725486618727,-7.92927588919942
urllib3/urllib3 -> psf/requests,0.3697003435559459,-0.9218060100266937
twisted/treq -> psf/requests,0.6999223973117357,1.9656963538581658
urllib3/urllib3 -> twisted/treq,-0.32545342274557093,-8.078505265791764
psf/requests -> twisted/treq,0.07185093660884499,0.4816362949309005
