,AMS_ij,normalized_AMS_ij
psf/requests -> urllib3/urllib3,0.08752613832061609,-10.98422538121536
twisted/treq -> urllib3/urllib3,0.1312223039035591,4.851459489798514
urllib3/urllib3 -> psf/requests,-0.46607093646201864,-12.73913562631127
twisted/treq -> psf/requests,0.0021623561970342143,-1.0479346670458818
urllib3/urllib3 -> twisted/treq,-0.3584893779182582,-14.04613673620414
psf/requests -> twisted/treq,0.5093255622580513,3.285315248434115
