,AMS_ij,normalized_AMS_ij
moment/moment -> date-fns/date-fns,0.09074069442738336,1.3464778437216967
moment/luxon -> date-fns/date-fns,1.2215040029895397,11.234471397558346
date-fns/date-fns -> moment/moment,1.0060618287429377,2.5725103010794
moment/luxon -> moment/moment,0.3608555531378521,2.903122567083871
date-fns/date-fns -> moment/luxon,-0.13297681788965984,-3.1203882987408282
moment/moment -> moment/luxon,0.10475484248252598,1.3139755648910196
