,AMS_ij,normalized_AMS_ij
rclone/rclone -> iterate-ch/cyberduck,12.487732170185488,17.934818913313904
aws/aws-cli -> iterate-ch/cyberduck,-3.2251321658982004,-10.410695927715967
iterate-ch/cyberduck -> rclone/rclone,-0.02178612425803138,-1.4983212452542163
aws/aws-cli -> rclone/rclone,0.15476294665560983,-1.7575377199400042
iterate-ch/cyberduck -> aws/aws-cli,-0.6216789039482324,-1.89736307553692
rclone/rclone -> aws/aws-cli,2.6994770239582,5.959581823496382
