,AMS_ij,normalized_AMS_ij
rclone/rclone -> iterate-ch/cyberduck,1.2714271259720218,4.9544259482487565
aws/aws-cli -> iterate-ch/cyberduck,1.7901987374119925,1.4414981319454303
iterate-ch/cyberduck -> rclone/rclone,0.26018118234294885,2.073212166486731
aws/aws-cli -> rclone/rclone,0.416914605537105,1.4001110786056936
iterate-ch/cyberduck -> aws/aws-cli,0.19149541544966442,2.0159693414917705
rclone/rclone -> aws/aws-cli,-0.4715932650580263,-4.4939613482115295
