,AMS_ij,normalized_AMS_ij
MonoGame/MonoGame -> godotengine/godot,-11.482312470031635,-14.72115718057458
4ian/GDevelop -> godotengine/godot,0.8737136048575738,9.513975742773237
godotengine/godot -> MonoGame/MonoGame,0.05667500919275319,1.5969194687072321
4ian/GDevelop -> MonoGame/MonoGame,0.17021674389441316,0.04329723049180341
godotengine/godot -> 4ian/GDevelop,-0.2227182155423439,-4.139145163126003
MonoGame/MonoGame -> 4ian/GDevelop,-0.5038198269384724,-1.5526205783313067
