,AMS_ij,normalized_AMS_ij
MonoGame/MonoGame -> godotengine/godot,2.9525474644679406,4.031484005209124
4ian/GDevelop -> godotengine/godot,-2.131425164787726,-2.237290888097143
godotengine/godot -> MonoGame/MonoGame,-0.11293950188412405,-0.8275126921725865
4ian/GDevelop -> MonoGame/MonoGame,0.23382718716777742,-1.242637053907034
godotengine/godot -> 4ian/GDevelop,-0.10236462041153263,-0.34851916251837795
MonoGame/MonoGame -> 4ian/GDevelop,0.21440653799062093,1.6058020602358736
