,AMS_ij,normalized_AMS_ij
MonoGame/MonoGame -> godotengine/godot,0.5773736630159592,10.895682612622712
4ian/GDevelop -> godotengine/godot,-1.4038097337549424,-3.1557212238298273
godotengine/godot -> MonoGame/MonoGame,-0.9787551274504003,11.807872389869162
4ian/GDevelop -> MonoGame/MonoGame,1.0938231212274045,14.017091469758954
godotengine/godot -> 4ian/GDevelop,-0.13057817995413618,8.310149169940601
MonoGame/MonoGame -> 4ian/GDevelop,-0.09862909285952372,-4.14857557376708
