,AMS_ij,normalized_AMS_ij
WordPress/WordPress -> tryghost/ghost,-3.1692156650417336,-11.996891575394866
getgrav/grav -> tryghost/ghost,5.000862233035164,19.051513532839476
tryghost/ghost -> WordPress/WordPress,-0.5299280753567575,-0.38673861751781613
getgrav/grav -> WordPress/WordPress,1.3915818021628878,4.422922604415386
tryghost/ghost -> getgrav/grav,0.2168437167167327,5.411666442575413
WordPress/WordPress -> getgrav/grav,0.39746358086564626,5.549095063219568
