,AMS_ij,normalized_AMS_ij
highcharts/highcharts -> chartjs/chart.js,-0.13432162005170184,-2.3175088934223003
d3/d3 -> chartjs/chart.js,0.34183938500937033,2.735583712138836
chartjs/chart.js -> highcharts/highcharts,-4.147036633332121,0.36107860603622444
d3/d3 -> highcharts/highcharts,1.2195033804557256,8.961394114534288
chartjs/chart.js -> d3/d3,3.266643627047785,0.3201598644238251
highcharts/highcharts -> d3/d3,0.257762569708877,3.9654520480653126
