,AMS_ij,normalized_AMS_ij
highcharts/highcharts -> chartjs/chart.js,-0.05642208698034863,1.8084681267384966
d3/d3 -> chartjs/chart.js,-2.0752665178642227,16.195132961222555
chartjs/chart.js -> highcharts/highcharts,5.978864935370292,31.482347368848174
d3/d3 -> highcharts/highcharts,-11.755538827974545,-44.29899491051202
chartjs/chart.js -> d3/d3,0.21652962646115156,12.712595421455338
highcharts/highcharts -> d3/d3,0.00039997419724147444,0.3422491149225343
