,AMS_ij,normalized_AMS_ij
highcharts/highcharts -> chartjs/chart.js,0.1498287269538101,1.9354522393847002
d3/d3 -> chartjs/chart.js,0.5780323990829639,3.64162220693251
chartjs/chart.js -> highcharts/highcharts,-2.6826721263652886,-23.493927088762046
d3/d3 -> highcharts/highcharts,9.704292773939969,21.32075893630429
chartjs/chart.js -> d3/d3,0.2470685744382244,6.240303024376279
highcharts/highcharts -> d3/d3,-0.04687634187376405,-1.3607922838822963
