,AMS_ij,normalized_AMS_ij
highcharts/highcharts -> apache/echarts,0.6663658185327013,8.641462863471526
plotly/plotly.js -> apache/echarts,-0.33307548737239184,-3.885757641235527
apache/echarts -> highcharts/highcharts,-0.5700838482893874,2.074823788119171
plotly/plotly.js -> highcharts/highcharts,-0.9426295323220903,-3.355573367046786
apache/echarts -> plotly/plotly.js,-0.34051495622176187,-2.5977276324137923
highcharts/highcharts -> plotly/plotly.js,-2.5473523329261996,-2.8288005285122355
