,AMS_ij,normalized_AMS_ij
hashicorp/consul -> etcd-io/etcd,-0.9793350612187175,-0.6553950108023984
apache/zookeeper -> etcd-io/etcd,17.045612541329387,26.284634566638037
etcd-io/etcd -> hashicorp/consul,0.2920692389620526,0.9657387371245305
apache/zookeeper -> hashicorp/consul,-1.2476677362546322,-1.3534069651087566
etcd-io/etcd -> apache/zookeeper,0.028964488837740048,1.19410252697437
hashicorp/consul -> apache/zookeeper,0.03306672570028211,0.631241928139259
