,AMS_ij,normalized_AMS_ij
apache/tomee -> spring-projects/spring-boot,4.513161873852581,15.441037549792458
dropwizard/dropwizard -> spring-projects/spring-boot,-0.07226544826023329,0.10047763171668603
spring-projects/spring-boot -> apache/tomee,0.6905612554623464,4.7393273971437155
dropwizard/dropwizard -> apache/tomee,-1.0915428748702434,-6.06066586545194
spring-projects/spring-boot -> dropwizard/dropwizard,-0.24416898140865512,-1.5416041518574286
apache/tomee -> dropwizard/dropwizard,0.03194641086540741,-1.8305102498307964
