,AMS_ij,normalized_AMS_ij
cocos/cocos-engine -> defold/defold,-0.09435048790092251,-1.8021351247976658
cocos2d/cocos2d-x -> defold/defold,-0.25774915101624696,-5.733205750723471
defold/defold -> cocos/cocos-engine,-1.8479168361279767,-8.080548554514186
cocos2d/cocos2d-x -> cocos/cocos-engine,-4.866959766878363,-17.925053694124248
defold/defold -> cocos2d/cocos2d-x,-1.7890839881276857,-11.757730256682299
cocos/cocos-engine -> cocos2d/cocos2d-x,-0.9538396011450807,-9.119080908162433
