,AMS_ij,normalized_AMS_ij
NethermindEth/nethermind -> ethereum/go-ethereum,-0.18825098966754936,0.4245419206993862
hyperledger/besu -> ethereum/go-ethereum,0.01800407757057699,1.4894012895653996
ethereum/go-ethereum -> NethermindEth/nethermind,-0.05863299734995837,3.065095501198636
hyperledger/besu -> NethermindEth/nethermind,0.026790044836486247,4.257105457263273
ethereum/go-ethereum -> hyperledger/besu,-0.40808884348412294,-13.754363020327048
NethermindEth/nethermind -> hyperledger/besu,-0.4318775383254825,-4.983785587551671
