,AMS_ij,normalized_AMS_ij
gitlabhq/gitlabhq -> gogs/gogs,0.06866159014805864,13.6098397611242
gitbucket/gitbucket -> gogs/gogs,-0.11237335001509832,-2.513787108206636
gogs/gogs -> gitlabhq/gitlabhq,-0.3378694169387343,-6.126145644105038
gitbucket/gitbucket -> gitlabhq/gitlabhq,-0.3438121457169739,-3.7933823077585487
gogs/gogs -> gitbucket/gitbucket,0.11768348090984007,8.17956152282334
gitlabhq/gitlabhq -> gitbucket/gitbucket,-0.08130272268848308,-9.263133277859007
