,AMS_ij,normalized_AMS_ij
gitlabhq/gitlabhq -> gogs/gogs,0.4083185788926319,3.154446838956246
gitbucket/gitbucket -> gogs/gogs,-3.7390765757968465,-9.99414332727964
gogs/gogs -> gitlabhq/gitlabhq,5.097822318423024,12.218884966795224
gitbucket/gitbucket -> gitlabhq/gitlabhq,-2.6938053618471045,-3.380249218168231
gogs/gogs -> gitbucket/gitbucket,-0.045081797196257975,-1.324653274943479
gitlabhq/gitlabhq -> gitbucket/gitbucket,-0.04962880013391311,0.11553695813053663
