,AMS_ij,normalized_AMS_ij
gitlabhq/gitlabhq -> gogs/gogs,-0.10024417726869948,-2.6927959292934998
gitbucket/gitbucket -> gogs/gogs,0.008556119779980588,3.5698584986821795
gogs/gogs -> gitlabhq/gitlabhq,7.639851217794003,8.306486988880675
gitbucket/gitbucket -> gitlabhq/gitlabhq,-15.122330265167575,-12.138012797067695
gogs/gogs -> gitbucket/gitbucket,-1.9519219914673398,-11.730140103072781
gitlabhq/gitlabhq -> gitbucket/gitbucket,-0.24714569633342226,-3.9410018816144947
