,AMS_ij,normalized_AMS_ij
seleniumhq/selenium -> cypress-io/cypress,0.6277605585831585,1.533780330727173
DevExpress/testcafe -> cypress-io/cypress,3.3252813311309253,7.582741987690464
cypress-io/cypress -> seleniumhq/selenium,-0.2648882002717053,0.30739745815074504
DevExpress/testcafe -> seleniumhq/selenium,-1.04143905713453,-1.9389047773774666
cypress-io/cypress -> DevExpress/testcafe,-0.09027366149326371,-1.0818266689894476
seleniumhq/selenium -> DevExpress/testcafe,-0.14963950760287464,-1.9101900047500981
