,AMS_ij,normalized_AMS_ij
seleniumhq/selenium -> cypress-io/cypress,0.15969829619234363,4.040706779291928
DevExpress/testcafe -> cypress-io/cypress,5.124612980717205,31.11183062011976
cypress-io/cypress -> seleniumhq/selenium,-1.0854333538152334,-2.7975660778899125
DevExpress/testcafe -> seleniumhq/selenium,1.7662339311140958,8.340738774894039
cypress-io/cypress -> DevExpress/testcafe,0.03775243690467671,1.4610752861226823
seleniumhq/selenium -> DevExpress/testcafe,-0.2344093799637485,-3.41078896515043
