,AMS_ij,normalized_AMS_ij
fffaraz/awesome-cpp -> avelino/awesome-go,0.18463915134240508,0.8873567590748934
vinta/awesome-python -> avelino/awesome-go,0.6043587255022728,-4.994967229508832
avelino/awesome-go -> fffaraz/awesome-cpp,0.24907259218382624,1.1913011461109866
vinta/awesome-python -> fffaraz/awesome-cpp,-2.665597231093332,-27.77621346154342
avelino/awesome-go -> vinta/awesome-python,-0.3726716741998805,-9.439893890795206
fffaraz/awesome-cpp -> vinta/awesome-python,-0.8012925409524065,-13.205341755753649
