,AMS_ij,normalized_AMS_ij
fffaraz/awesome-cpp -> avelino/awesome-go,-1.0278600675476735,-5.394433865766947
vinta/awesome-python -> avelino/awesome-go,0.09855811188481392,3.5462800861270947
avelino/awesome-go -> fffaraz/awesome-cpp,-0.1309407845178579,0.12910267627980504
vinta/awesome-python -> fffaraz/awesome-cpp,-0.34046471289615543,-12.224456973751764
avelino/awesome-go -> vinta/awesome-python,-0.1744170044686279,-2.004391868280776
fffaraz/awesome-cpp -> vinta/awesome-python,0.5524008262053217,4.701424780153789
