,AMS_ij,normalized_AMS_ij
fffaraz/awesome-cpp -> avelino/awesome-go,-2.2152703126444453,-24.756677179742574
vinta/awesome-python -> avelino/awesome-go,-4.9978789125400045,-13.540443596503568
avelino/awesome-go -> fffaraz/awesome-cpp,0.05800677777144657,2.5857579045511963
vinta/awesome-python -> fffaraz/awesome-cpp,-0.011597413302856852,-14.720749809493338
avelino/awesome-go -> vinta/awesome-python,0.006393753475787661,-0.6285685048440883
fffaraz/awesome-cpp -> vinta/awesome-python,-0.10670245088067523,-0.9912198598042778
