,AMS_ij,normalized_AMS_ij
sphinx-doc/sphinx -> gohugoio/hugo,0.04817445734805647,0.7727473819111852
hexojs/hexo -> gohugoio/hugo,-1.9645792537237978,-5.265155292566269
gohugoio/hugo -> sphinx-doc/sphinx,-1.453456116795761,-0.5617328962892582
hexojs/hexo -> sphinx-doc/sphinx,1.92176468140151,11.513396473298524
gohugoio/hugo -> hexojs/hexo,-0.10872970360719948,-2.504280663726778
sphinx-doc/sphinx -> hexojs/hexo,0.3252655649334146,6.657168888842657
