,AMS_ij,normalized_AMS_ij
twbs/bootstrap -> ant-design/ant-design,0.5928915340230971,-1.8323807571096034
mui/material-ui -> ant-design/ant-design,-7.670044565892853,-16.45197437051875
ant-design/ant-design -> twbs/bootstrap,-1.6045991647110867,-6.129946291966883
mui/material-ui -> twbs/bootstrap,-3.5147938332904016,-2.2750932037310387
ant-design/ant-design -> mui/material-ui,1.164927546544585,5.568525811905432
twbs/bootstrap -> mui/material-ui,1.6194841048896977,12.07822769302574
