,AMS_ij,normalized_AMS_ij
twbs/bootstrap -> ant-design/ant-design,-0.585356743606146,-2.7492665724777696
mui/material-ui -> ant-design/ant-design,-3.245016726586253,-22.919117421247883
ant-design/ant-design -> twbs/bootstrap,-2.124809062350094,-16.014742625936023
mui/material-ui -> twbs/bootstrap,-2.8711804744851754,-23.19737969204993
ant-design/ant-design -> mui/material-ui,0.592845674361201,3.979013343411507
twbs/bootstrap -> mui/material-ui,-2.571253024608764,-14.527974464587896
