,AMS_ij,normalized_AMS_ij
metabase/metabase -> apache/superset,-0.23881371350136035,0.806712734664972
getredash/redash -> apache/superset,7.137308311555915,3.8047919093958003
apache/superset -> metabase/metabase,-1.2745791441078844,-1.353188502746143
getredash/redash -> metabase/metabase,8.437661989838922,53.92907486569008
apache/superset -> getredash/redash,0.2518274909914434,0.7328219272312473
metabase/metabase -> getredash/redash,0.7867224073058117,18.526007901471047
