,AMS_ij,normalized_AMS_ij
histoire-dev/histoire -> storybookjs/storybook,-0.3003149439026957,-1.4955285942188044
tajo/ladle -> storybookjs/storybook,5.466765405396835,6.205041175103552
storybookjs/storybook -> histoire-dev/histoire,0.453282669007918,3.0130182270934407
tajo/ladle -> histoire-dev/histoire,-1.384276642416863,-16.928915549716578
storybookjs/storybook -> tajo/ladle,0.05422911419444411,0.7153701418878545
histoire-dev/histoire -> tajo/ladle,-0.4856531871410598,-15.994694493791567
