,AMS_ij,normalized_AMS_ij
huggingface/transformers -> tensorflow/models,0.3487640377154825,4.341443721681268
pytorch/vision -> tensorflow/models,-0.6435427406285689,15.245648621134023
tensorflow/models -> huggingface/transformers,-5.8061141259357605,-16.861109143821157
pytorch/vision -> huggingface/transformers,-0.3623333448072559,0.6925483399841894
tensorflow/models -> pytorch/vision,-0.693931664347744,-5.675080732131018
huggingface/transformers -> pytorch/vision,-0.27722123631734796,-4.151757515064661
