,AMS_ij,normalized_AMS_ij
emberjs/ember.js -> angular/angular,-0.47867311645282956,-2.0166658065838687
facebook/react -> angular/angular,0.09766807694611565,1.1842979039963608
angular/angular -> emberjs/ember.js,0.36039509437575007,1.1809047844577343
facebook/react -> emberjs/ember.js,-0.8832583516581257,-5.171698989299192
angular/angular -> facebook/react,-0.4111458200657341,-1.7028464024705874
emberjs/ember.js -> facebook/react,0.3069465912290846,0.6004199598933063
