,AMS_ij,normalized_AMS_ij
emberjs/ember.js -> angular/angular,-0.41875248079547084,-2.307040572950566
facebook/react -> angular/angular,-1.794721144325354,-10.633560926248032
angular/angular -> emberjs/ember.js,-0.6673647675763823,-4.497368747888311
facebook/react -> emberjs/ember.js,0.17786814159833486,-3.753550695117802
angular/angular -> facebook/react,-1.486300451296916,-9.506743333853224
emberjs/ember.js -> facebook/react,-0.2377990643131679,-6.0971436126878595
