,AMS_ij,normalized_AMS_ij
pytorch/pytorch -> tensorflow/tensorflow,0.049426692650017735,0.11881378498855291
apache/mxnet -> tensorflow/tensorflow,-4.6750987618556525,-12.110884338421043
tensorflow/tensorflow -> pytorch/pytorch,0.003344858244041342,0.256154266578446
apache/mxnet -> pytorch/pytorch,2.76791688316559,2.1825357484202836
tensorflow/tensorflow -> apache/mxnet,-0.07640643543140019,-3.791789257706772
pytorch/pytorch -> apache/mxnet,0.04320461348939639,0.23965034990122677
