,AMS_ij,normalized_AMS_ij
reduxjs/redux-toolkit -> reduxjs/redux,0.0374737405316829,-0.20077340759867324
mobxjs/mobx -> reduxjs/redux,-0.06998986575754677,-3.4557190634954105
reduxjs/redux -> reduxjs/redux-toolkit,-2.2848625252335624,-31.03437768134943
mobxjs/mobx -> reduxjs/redux-toolkit,0.6585057161494279,11.830421936486665
reduxjs/redux -> mobxjs/mobx,-0.6222388880815243,3.472962959330396
reduxjs/redux-toolkit -> mobxjs/mobx,0.4246962345940395,7.6791888214046935
