,AMS_ij,normalized_AMS_ij
gatsbyjs/gatsby -> vercel/next.js,-0.12394041298083054,-3.617666274736167
gohugoio/hugo -> vercel/next.js,0.03514989169022757,2.928345047988168
vercel/next.js -> gatsbyjs/gatsby,-0.6178396163342424,-9.052255011324451
gohugoio/hugo -> gatsbyjs/gatsby,1.1958781886525722,4.418970779788943
vercel/next.js -> gohugoio/hugo,-0.047783296211581186,4.849821341484577
gatsbyjs/gatsby -> gohugoio/hugo,0.40460261488799754,2.3826743619200292
