,AMS_ij,normalized_AMS_ij
angular/angular -> sveltejs/svelte,-0.7595235364066171,-3.252152431751165
facebook/react -> sveltejs/svelte,-2.4601859120589333,-24.564253361778682
sveltejs/svelte -> angular/angular,-0.48484320633002054,-1.126853131162656
facebook/react -> angular/angular,-0.14849112645504853,-2.261680358950794
sveltejs/svelte -> facebook/react,-0.29822621185660136,-3.9876060349180786
angular/angular -> facebook/react,-0.4544434399567859,-4.694215624567607
