,AMS_ij,normalized_AMS_ij
angular/angular -> sveltejs/svelte,0.0757064795176958,0.7247185447996405
facebook/react -> sveltejs/svelte,-0.46628736809617966,-12.493200984124607
sveltejs/svelte -> angular/angular,1.559355160515862,3.85745678735038
facebook/react -> angular/angular,-2.506372427100122,-5.13759901241224
sveltejs/svelte -> facebook/react,-0.08925474468861325,-7.222367061163551
angular/angular -> facebook/react,-0.056985737388146086,-0.2914890432397915
