,AMS_ij,normalized_AMS_ij
eslint/eslint -> prettier/prettier,-1.4206923137453535,-6.20001802163398
standard/standard -> prettier/prettier,0.2289091217124067,-2.2750443799582176
prettier/prettier -> eslint/eslint,-0.11514266682674368,-2.9222456255971188
standard/standard -> eslint/eslint,0.1297140834353201,0.5108183109538228
prettier/prettier -> standard/standard,-0.21284275611957745,-1.5995932678204121
eslint/eslint -> standard/standard,-0.31175446068015367,-3.8071796469803783
