,AMS_ij,normalized_AMS_ij
mkdocs/mkdocs -> facebook/docusaurus,0.8365329412246807,7.720157054707453
docsifyjs/docsify -> facebook/docusaurus,-0.6368005947238127,1.0979280962547264
facebook/docusaurus -> mkdocs/mkdocs,0.04840839127015552,0.6698591498247837
docsifyjs/docsify -> mkdocs/mkdocs,-0.7259644306751203,-15.532283068495897
facebook/docusaurus -> docsifyjs/docsify,-0.03431125402616037,-2.070624496829515
mkdocs/mkdocs -> docsifyjs/docsify,-0.06871993778706037,-4.770808664673487
