,AMS_ij,normalized_AMS_ij
vercel/next.js -> gatsbyjs/gatsby,-0.3294221304458427,-7.3240484169331515
gohugoio/hugo -> gatsbyjs/gatsby,1.1958781886525733,4.418970779788955
gatsbyjs/gatsby -> vercel/next.js,-0.18889218645470196,-4.618722240940899
gohugoio/hugo -> vercel/next.js,0.03514989169022984,2.9283450479882283
gatsbyjs/gatsby -> gohugoio/hugo,0.4099706892029732,2.496653407966902
vercel/next.js -> gohugoio/hugo,-0.06626061013930468,4.514496300566121
