,AMS_ij,normalized_AMS_ij
mintty/mintty -> microsoft/terminal,0.6373732992477217,19.86521742926932
alacritty/alacritty -> microsoft/terminal,0.033459195968219134,2.735372153390204
microsoft/terminal -> mintty/mintty,-0.5076157969421692,-6.455366929117911
alacritty/alacritty -> mintty/mintty,0.0758514222144486,1.535633595051142
microsoft/terminal -> alacritty/alacritty,0.5528182173571388,8.312569242068058
mintty/mintty -> alacritty/alacritty,-0.3880243559799238,-8.291108587918469
