,AMS_ij,normalized_AMS_ij
mintty/mintty -> microsoft/terminal,-0.19608784549164435,9.463268411491935
alacritty/alacritty -> microsoft/terminal,-0.2206049999917613,3.9458648865144617
microsoft/terminal -> mintty/mintty,-0.0032930606956818997,1.1890430971447712
alacritty/alacritty -> mintty/mintty,-0.2374396438928208,19.46630293670114
microsoft/terminal -> alacritty/alacritty,-0.04362146236975572,1.4766433437480302
mintty/mintty -> alacritty/alacritty,0.5866947212357181,14.170490666314024
