,AMS_ij,normalized_AMS_ij
fastify/fastify -> nestjs/nest,2.810988953060542,20.978743108030613
koajs/koa -> nestjs/nest,5.199906760699104,28.57008327979279
nestjs/nest -> fastify/fastify,1.353717344878331,12.740631862489163
koajs/koa -> fastify/fastify,-0.9412539388686227,-8.673733435856
nestjs/nest -> koajs/koa,0.04762120313600848,4.319892525307459
fastify/fastify -> koajs/koa,-0.010472390880813143,-3.7309992379946824
