,AMS_ij,normalized_AMS_ij
fastify/fastify -> nestjs/nest,0.44462510675809,3.2722152468905903
koajs/koa -> nestjs/nest,-2.2187737205163467,-15.451014035246486
nestjs/nest -> fastify/fastify,0.03123063957755739,0.11876260433245182
koajs/koa -> fastify/fastify,-0.05583311476284401,0.1110684712772392
nestjs/nest -> koajs/koa,0.015461207386864071,0.686899700047286
fastify/fastify -> koajs/koa,0.009948022940526859,1.6189474166192
