,AMS_ij,normalized_AMS_ij
jonas/tig -> jesseduffield/lazygit,2.1456320034087364,13.644268561995304
dandavison/delta -> jesseduffield/lazygit,1.1764388224643607,5.9572768765903445
jesseduffield/lazygit -> jonas/tig,-0.042096693025115386,0.42208588488962373
dandavison/delta -> jonas/tig,0.06788160552304959,2.1338458775959808
jesseduffield/lazygit -> dandavison/delta,0.8010318731585726,5.021014032771591
jonas/tig -> dandavison/delta,-1.7639548118787445,-23.466308091102427
