,AMS_ij,normalized_AMS_ij
facebook/react -> vuejs/core,1.4660688472933043,5.83155439081849
sveltejs/svelte -> vuejs/core,1.3389582189404607,5.345133334614285
vuejs/core -> facebook/react,1.3615787945420679,5.710877118527416
sveltejs/svelte -> facebook/react,-2.618089183255882,-19.66194698085192
vuejs/core -> sveltejs/svelte,2.854696042744456,7.4230736261511625
facebook/react -> sveltejs/svelte,-7.3007124160682855,-41.73246102027199
