,AMS_ij,normalized_AMS_ij
nodejs/node -> denoland/deno,0.5218781941703421,2.65001690622879
oven-sh/bun -> denoland/deno,0.18742385053595806,0.6761361149033024
denoland/deno -> nodejs/node,-0.30245213376546454,-2.6931858265199606
oven-sh/bun -> nodejs/node,0.13245642337170718,-0.09346033533190469
denoland/deno -> oven-sh/bun,0.48750417049019995,-0.46705799672824444
nodejs/node -> oven-sh/bun,-0.94899873838949,-4.240408465402242
