,AMS_ij,normalized_AMS_ij
linkedin/venice -> apache/cassandra,2.482666561122989,12.79972081408524
voldemort/voldemort -> apache/cassandra,-1.5391151707796213,-5.151885306287149
apache/cassandra -> linkedin/venice,0.030631063918156946,0.6670880464121879
voldemort/voldemort -> linkedin/venice,0.1889309982061395,3.260903216797302
apache/cassandra -> voldemort/voldemort,-0.1694327678522668,-3.3636680679770214
linkedin/venice -> voldemort/voldemort,-0.27282864276012914,1.5073523697958837
