,AMS_ij,normalized_AMS_ij
pote/gpm -> golang/go,-6.827926034984548,-45.16240137882185
masterminds/glide -> golang/go,0.1753439206937526,-4.72840899322104
golang/go -> pote/gpm,0.017256212418470574,0.7258487110897548
masterminds/glide -> pote/gpm,0.12492870278476328,12.935167279133736
golang/go -> masterminds/glide,0.09081057331148681,1.703179472167389
pote/gpm -> masterminds/glide,-1.6986830237736088,-24.974386874875552
