,AMS_ij,normalized_AMS_ij
php/php-src -> python/cpython,-1.3998099774837813,-1.165681025128121
ruby/ruby -> python/cpython,-2.0998898158513137,12.31402563889969
python/cpython -> php/php-src,0.36668587340501807,0.47472411626674177
ruby/ruby -> php/php-src,-2.0923478877279864,-12.217885673124803
python/cpython -> ruby/ruby,-0.043571694168745886,2.8680201024313714
php/php-src -> ruby/ruby,-0.4378652698792822,-4.899811238082319
