,AMS_ij,normalized_AMS_ij
php/php-src -> python/cpython,-0.3943184231035413,-2.4443926557434064
ruby/ruby -> python/cpython,2.8876364052607872,-6.777229073936702
python/cpython -> php/php-src,0.3060801391629755,-0.4844033378268383
ruby/ruby -> php/php-src,-2.9222554318113727,-3.7046984242007768
python/cpython -> ruby/ruby,0.6542122970902171,1.211914249781444
php/php-src -> ruby/ruby,0.3879699545768581,0.7308706909397563
