,AMS_ij,normalized_AMS_ij
php/php-src -> python/cpython,1.5872009435251333,4.81147178579885
ruby/ruby -> python/cpython,1.9450206166310224,4.541942852421032
python/cpython -> php/php-src,1.2650802370455436,1.340764377595239
ruby/ruby -> php/php-src,-1.788509322188669,-8.396083637720862
python/cpython -> ruby/ruby,0.40312718443665774,-0.2758810660932581
php/php-src -> ruby/ruby,-1.390183434411296,-2.381527745445848
