,AMS_ij,normalized_AMS_ij
php/php-src -> python/cpython,0.3965714358385696,1.682513116733687
ruby/ruby -> python/cpython,2.0983115964646957,4.429265341477024
python/cpython -> php/php-src,-0.48490171975222446,0.2516802448576909
ruby/ruby -> php/php-src,0.1146759220093469,0.010308600816754613
python/cpython -> ruby/ruby,0.4018688339599632,0.8913971515534129
php/php-src -> ruby/ruby,-0.18924938955017104,0.8680081384258311
