,AMS_ij,normalized_AMS_ij
php/php-src -> python/cpython,-1.886047654684523,-4.8310895731878425
ruby/ruby -> python/cpython,0.8048531598080311,1.0097653199057186
python/cpython -> php/php-src,-2.4165994732971674,-5.8712683375611
ruby/ruby -> php/php-src,1.8781656374239373,1.1784910632698788
python/cpython -> ruby/ruby,0.7692411159238842,2.783168243287584
php/php-src -> ruby/ruby,0.380443049033915,-0.2423032525854128
