,AMS_ij,normalized_AMS_ij
php/php-src -> python/cpython,-0.11009993467813028,-0.2734608855753455
ruby/ruby -> python/cpython,0.06984150608485978,1.1384475766128044
python/cpython -> php/php-src,1.7088858622758814,10.181486616104216
ruby/ruby -> php/php-src,0.03568849791757453,-0.5420536280962409
python/cpython -> ruby/ruby,-2.990960903978385,-1.3132285234007743
php/php-src -> ruby/ruby,-0.7186094316885835,-1.7770913098891252
