,AMS_ij,normalized_AMS_ij
django/django -> rails/rails,1.7323286828931614,0.7995106983337689
sinatra/sinatra -> rails/rails,-1.4684893143495197,-8.237762693594265
rails/rails -> django/django,-0.42338085172227724,-4.039477104227489
sinatra/sinatra -> django/django,-0.6861928463357323,-8.135647076192477
rails/rails -> sinatra/sinatra,0.006496978546192926,-0.4749573948424946
django/django -> sinatra/sinatra,0.19755763276733135,-0.26037010359621143
