,AMS_ij,normalized_AMS_ij
django/django -> rails/rails,-0.1293421516676915,6.358732294198245
sinatra/sinatra -> rails/rails,5.434254452075771,8.098985166458084
rails/rails -> django/django,-0.052782620242527126,-1.0300605106601026
sinatra/sinatra -> django/django,0.48341651939980274,1.1795696281277024
rails/rails -> sinatra/sinatra,0.0220170906608263,-0.22552097622524042
django/django -> sinatra/sinatra,0.2379394700459182,4.152574129037296
