,AMS_ij,normalized_AMS_ij
rails/rails -> django/django,-0.5159528399331991,-3.819452220832936
pallets/flask -> django/django,0.15060026945990188,-0.8802525019697912
django/django -> rails/rails,-4.973131017134101,-10.273138347628997
pallets/flask -> rails/rails,6.024829646236917,1.1886503790922522
django/django -> pallets/flask,-0.09359198888160623,0.22113689382261098
rails/rails -> pallets/flask,0.053798352428924674,0.9893119263112347
