,AMS_ij,normalized_AMS_ij
rails/rails -> django/django,-0.014807803594651378,-0.6745404801513732
pallets/flask -> django/django,-0.44749441280046665,-0.6378737253013224
django/django -> rails/rails,-1.844721424455191,-3.7534453359140034
pallets/flask -> rails/rails,1.7505606634484983,7.222731184633066
django/django -> pallets/flask,0.6665037981299258,4.421769919205294
rails/rails -> pallets/flask,0.2662269427487095,0.34686351856148145
