,AMS_ij,normalized_AMS_ij
llvm/llvm-project -> golang/go,0.21493262326506668,0.3263031078790328
gcc-mirror/gcc -> golang/go,0.6958703791089531,2.622788494906745
golang/go -> llvm/llvm-project,-3.500758415025212,-0.9912747767513975
gcc-mirror/gcc -> llvm/llvm-project,0.8371820408409986,0.14441214430815866
golang/go -> gcc-mirror/gcc,-1.026061605212247,-1.9810969316665448
llvm/llvm-project -> gcc-mirror/gcc,0.019104067876963983,0.0657633734613271
