,AMS_ij,normalized_AMS_ij
seleniumhq/selenium -> scrapy/scrapy,0.11160484197775412,1.264968827771085
microlinkhq/metascraper -> scrapy/scrapy,-0.5362621104985694,-8.691892198709864
scrapy/scrapy -> seleniumhq/selenium,1.0639376682069737,7.088908875295708
microlinkhq/metascraper -> seleniumhq/selenium,1.486054263256594,5.613295574184283
scrapy/scrapy -> microlinkhq/metascraper,0.23375388962839228,3.0304386302174096
seleniumhq/selenium -> microlinkhq/metascraper,0.14533765559834774,0.6295062229657864
