,AMS_ij,normalized_AMS_ij
scala/scala -> jetbrains/kotlin,-2.4813354551112607,-1.2547393120047194
apache/groovy -> jetbrains/kotlin,-1.059035543354449,-0.7709608117346392
jetbrains/kotlin -> scala/scala,-0.7440751098689109,-0.24561800870091452
apache/groovy -> scala/scala,1.5904247995424738,4.7977325226527325
jetbrains/kotlin -> apache/groovy,0.010228096757308139,-0.24750200750006993
scala/scala -> apache/groovy,-0.2266641824825879,-0.33657806820780645
