,AMS_ij,normalized_AMS_ij
scala/scala -> jetbrains/kotlin,-2.2233684017016326,-2.8532872526446718
apache/groovy -> jetbrains/kotlin,0.524858807559623,-0.8175002887395165
jetbrains/kotlin -> scala/scala,-0.8822260510436548,-2.471649122339628
apache/groovy -> scala/scala,0.3020805039518421,-3.021063557997051
jetbrains/kotlin -> apache/groovy,-0.10951757442117725,-1.3068515306154196
scala/scala -> apache/groovy,-0.18108549865891305,-2.350353023000787
