,AMS_ij,normalized_AMS_ij
apache/commons-lang -> google/guava,-0.30860096187057173,-3.8120683025445494
apache/commons-io -> google/guava,-0.5465198216237345,-9.485232382836
google/guava -> apache/commons-lang,3.3481968838728973,2.587411723920633
apache/commons-io -> apache/commons-lang,-0.11705581993130243,5.098377857142967
google/guava -> apache/commons-io,-0.36979596155322,-0.4967710679189217
apache/commons-lang -> apache/commons-io,-0.03552985818856867,-0.5882254068490307
