,AMS_ij,normalized_AMS_ij
apache/commons-lang -> google/guava,-0.09108031291087815,-0.8494121813059505
apache/commons-io -> google/guava,0.13378366198620803,2.873721706780913
google/guava -> apache/commons-lang,0.3316663853602024,3.0699387729814447
apache/commons-io -> apache/commons-lang,2.6765775906615596,-0.00465757752883037
google/guava -> apache/commons-io,-0.09531041618100725,-2.1536214328064025
apache/commons-lang -> apache/commons-io,-0.13110533777849018,-2.3617546715780597
