,AMS_ij,normalized_AMS_ij
rust-lang/rust -> JuliaLang/julia,-1.919071463617118,-7.3203817577624175
python/cpython -> JuliaLang/julia,0.6207296057076674,2.228380353089837
JuliaLang/julia -> rust-lang/rust,-4.56492579345548,-12.33516503867505
python/cpython -> rust-lang/rust,0.7477483876603473,2.190023282241428
JuliaLang/julia -> python/cpython,2.067932746474373,3.9204370217287967
rust-lang/rust -> python/cpython,1.3030502305242446,4.347766116986109
