,AMS_ij,normalized_AMS_ij
rust-lang/rust -> JuliaLang/julia,-0.07452636883716224,-0.516429407103128
python/cpython -> JuliaLang/julia,0.1261538625353686,1.6706761216111268
JuliaLang/julia -> rust-lang/rust,-1.5060395654438439,-0.9657500457476856
python/cpython -> rust-lang/rust,1.9898190478326812,4.030114231236695
JuliaLang/julia -> python/cpython,0.2033192328090556,-0.8394782298422366
rust-lang/rust -> python/cpython,0.09273897269036649,0.9970371336647764
