,AMS_ij,normalized_AMS_ij
Bash-it/bash-it -> ohmyzsh/ohmyzsh,0.41507814730050896,-2.531552854280514
sorin-ionescu/prezto -> ohmyzsh/ohmyzsh,1.0167468461307183,9.959817101463466
ohmyzsh/ohmyzsh -> Bash-it/bash-it,-0.34219011010701994,-7.68553311426062
sorin-ionescu/prezto -> Bash-it/bash-it,1.7332225055336117,13.165395221517235
ohmyzsh/ohmyzsh -> sorin-ionescu/prezto,0.10179350244997737,1.7832027218705395
Bash-it/bash-it -> sorin-ionescu/prezto,-0.31068908514646465,0.35443767760779077
