,AMS_ij,normalized_AMS_ij
python/cpython -> nodejs/node,-0.02729165013898308,0.19631781076830962
ruby/ruby -> nodejs/node,-0.38196798138005017,-2.5989334170955414
nodejs/node -> python/cpython,1.066424772677721,1.9204450014327363
ruby/ruby -> python/cpython,1.1115582762610414,1.259570503336277
nodejs/node -> ruby/ruby,-1.1793269455285464,-0.7474607330189852
python/cpython -> ruby/ruby,0.008504876417880745,0.15575806380739846
