,AMS_ij,normalized_AMS_ij
python/cpython -> nodejs/node,0.11006400470937033,-0.5175976612256715
ruby/ruby -> nodejs/node,0.3814925896708716,5.992907549958221
nodejs/node -> python/cpython,-0.01015496248833192,-0.6181408692941063
ruby/ruby -> python/cpython,0.8123051906207042,2.6379101103151403
nodejs/node -> ruby/ruby,-0.26739012650722604,3.012703380957765
python/cpython -> ruby/ruby,0.14030123185119936,1.3150900873446953
