,AMS_ij,normalized_AMS_ij
python/cpython -> nodejs/node,0.8202750662316748,4.407623355964362
ruby/ruby -> nodejs/node,0.5312954602405051,3.0699476775619647
nodejs/node -> python/cpython,-0.5677826894818174,-2.0815694349754894
ruby/ruby -> python/cpython,-0.6503467085216639,-4.418833162715759
nodejs/node -> ruby/ruby,-2.1135772897845095,-0.47606940671808495
python/cpython -> ruby/ruby,-1.9664415440464658,-6.767815621135336
