,AMS_ij,normalized_AMS_ij
python/cpython -> nodejs/node,-0.04509747470953178,0.5923960685210377
ruby/ruby -> nodejs/node,0.0510341202692971,0.4120094331500481
nodejs/node -> python/cpython,-1.0975396769011914,-8.683519776305152
ruby/ruby -> python/cpython,0.118534045863789,1.241780187494675
nodejs/node -> ruby/ruby,-1.0110300883875825,-1.6053940667945674
python/cpython -> ruby/ruby,-0.4162640896379567,0.530739558710668
