,AMS_ij,normalized_AMS_ij
apache/tomcat -> spring-projects/spring-framework,0.18355095273193997,2.0619722588883995
apache/struts -> spring-projects/spring-framework,-0.5896360838271864,-3.2714187644615587
spring-projects/spring-framework -> apache/tomcat,-0.3723277310667251,2.8434032304804404
apache/struts -> apache/tomcat,-0.11385681408103862,2.9052004422105115
spring-projects/spring-framework -> apache/struts,-0.27163424505896666,-0.992447830185482
apache/tomcat -> apache/struts,-0.16828229218501775,-3.5684699397789217
