,AMS_ij,normalized_AMS_ij
tarantool/tarantool -> redis/redis,0.1889975345283485,2.3837573990577745
memcached/memcached -> redis/redis,2.4099643816128564,23.4105996740076
redis/redis -> tarantool/tarantool,-0.729097491456412,-6.951120117702084
memcached/memcached -> tarantool/tarantool,1.6893777237838419,33.081610076549644
redis/redis -> memcached/memcached,-0.08325372522769334,-3.559165789117552
tarantool/tarantool -> memcached/memcached,-0.05063727889500234,-0.030047903995363133
