,AMS_ij,normalized_AMS_ij
tarantool/tarantool -> redis/redis,0.2736546162696418,2.7167429794337736
memcached/memcached -> redis/redis,-1.851514213614784,-4.187522391850974
redis/redis -> tarantool/tarantool,-0.8325699363291885,-1.4627792946521179
memcached/memcached -> tarantool/tarantool,-1.910943505926081,-3.7000895268445353
redis/redis -> memcached/memcached,-0.21624437379276518,-3.28371213669736
tarantool/tarantool -> memcached/memcached,0.027034682743449195,0.9906984394672149
