,AMS_ij,normalized_AMS_ij
apache/solr -> elastic/elasticsearch,0.8618913086264124,-4.267775467990827
blevesearch/bleve -> elastic/elasticsearch,-2.4785795409081586,-1.272255625738824
elastic/elasticsearch -> apache/solr,0.641160915963389,3.966858938601678
blevesearch/bleve -> apache/solr,-1.279253928904815,-1.1697234935208032
elastic/elasticsearch -> blevesearch/bleve,0.23683103398901303,2.805886280409226
apache/solr -> blevesearch/bleve,0.6679072537015949,13.868484520099047
