,AMS_ij,normalized_AMS_ij
websockets/ws -> socketio/socket.io,-0.4323768195694941,-11.392920919366581
faye/faye -> socketio/socket.io,1.1147138209502434,0.2513161056462012
socketio/socket.io -> websockets/ws,-0.17427998011459717,-5.986943696652059
faye/faye -> websockets/ws,-1.3983918549328433,-20.277014629420073
socketio/socket.io -> faye/faye,0.00013718658260363946,-0.542793366116874
websockets/ws -> faye/faye,0.13287572226710295,4.482088798435079
