,AMS_ij,normalized_AMS_ij
balderdashy/sails -> expressjs/express,0.7054801412996691,2.5385089837831285
hapijs/hapi -> expressjs/express,1.1891361102688336,5.642051794339033
expressjs/express -> balderdashy/sails,3.1177912658717943,6.640339372925669
hapijs/hapi -> balderdashy/sails,-2.2524964264688903,-14.568640111825177
expressjs/express -> hapijs/hapi,-0.12934066126179472,-8.267728784494444
balderdashy/sails -> hapijs/hapi,-0.6813745840186098,-3.001736736966033
