,AMS_ij,normalized_AMS_ij
balderdashy/sails -> expressjs/express,0.036286571088359754,-4.313631363361662
hapijs/hapi -> expressjs/express,0.1658946362700976,1.7171467477646147
expressjs/express -> balderdashy/sails,-0.03016225129588898,-14.202868565131709
hapijs/hapi -> balderdashy/sails,-0.23709226588076376,-4.759456592160409
expressjs/express -> hapijs/hapi,-0.18297923694336476,-11.446338124519388
balderdashy/sails -> hapijs/hapi,0.25040826721074244,0.36075822500235216
