,AMS_ij,normalized_AMS_ij
xcpretty/xcpretty -> facebook/xcbuild,-2.3923196000998956,-31.080833706035342
facebook/xctool -> facebook/xcbuild,-0.5899686074056771,-9.839997051823493
facebook/xcbuild -> xcpretty/xcpretty,-0.041969744774291634,-4.276675173994038
facebook/xctool -> xcpretty/xcpretty,-0.14278187115602464,-14.22033168754302
facebook/xcbuild -> facebook/xctool,-0.011097245876208379,-2.58488202836105
xcpretty/xcpretty -> facebook/xctool,0.14249736867200674,10.207992739452658
