,AMS_ij,normalized_AMS_ij
getpelican/pelican -> jekyll/jekyll,-0.5240997049887026,-6.732598445849799
middleman/middleman -> jekyll/jekyll,0.23939002098826823,-2.3239971619262776
jekyll/jekyll -> getpelican/pelican,-0.02236550837260892,-3.7817857666828867
middleman/middleman -> getpelican/pelican,0.12813823924662812,7.978022814741001
jekyll/jekyll -> middleman/middleman,-0.038772766135907924,-4.209984121624932
getpelican/pelican -> middleman/middleman,0.05640378279289228,0.7184080823780312
