,AMS_ij,normalized_AMS_ij
scikit-image/scikit-image -> opencv/opencv,0.7068488092226959,-1.5342801705842903
davisking/dlib -> opencv/opencv,-1.1577320331973842,-3.4417330770570036
opencv/opencv -> scikit-image/scikit-image,0.08272161152282301,4.9603590497505925
davisking/dlib -> scikit-image/scikit-image,0.45889856877182955,-3.628225153167233
opencv/opencv -> davisking/dlib,0.07907656825287798,3.857922801412253
scikit-image/scikit-image -> davisking/dlib,-0.08570106375143027,-1.3113314033508252
