,AMS_ij,normalized_AMS_ij
golang/go -> rust-lang/rust,0.6399771679362061,4.5263753496149866
nim-lang/Nim -> rust-lang/rust,-13.968613775130814,-42.43803619127565
rust-lang/rust -> golang/go,-1.721433609937968,-3.1558376096518446
nim-lang/Nim -> golang/go,-7.143340834496954,-0.9032152790261724
rust-lang/rust -> nim-lang/Nim,-0.6932615897356629,-9.63229917322868
golang/go -> nim-lang/Nim,0.3709974054681343,7.753746823492996
