,AMS_ij,normalized_AMS_ij
golang/go -> rust-lang/rust,-0.1281412936248728,-0.12135111314764652
nim-lang/Nim -> rust-lang/rust,-3.8826653288495505,-0.43251251551691916
rust-lang/rust -> golang/go,-0.43436489274452394,-0.21726330397285687
nim-lang/Nim -> golang/go,-1.3709119548978717,-1.8412906677222445
rust-lang/rust -> nim-lang/Nim,-0.5758547704241286,-0.9455972113495932
golang/go -> nim-lang/Nim,-0.4622411850414535,-1.9667003718502856
