,AMS_ij,normalized_AMS_ij
golang/go -> rust-lang/rust,0.7012298225404319,2.0070645599375014
nim-lang/Nim -> rust-lang/rust,4.852896748807527,2.9280241429738743
rust-lang/rust -> golang/go,-0.5297302689405493,-1.813177946795733
nim-lang/Nim -> golang/go,0.6034137958580678,1.6612257328094153
rust-lang/rust -> nim-lang/Nim,-0.1122357006546107,-1.6417118650064926
golang/go -> nim-lang/Nim,0.28166098973704684,0.8980720393611148
