,AMS_ij,normalized_AMS_ij
golang/go -> rust-lang/rust,0.0870633226708962,1.4988335397879546
nim-lang/Nim -> rust-lang/rust,10.054914617556836,25.949100159054307
rust-lang/rust -> golang/go,-0.22286239998986448,-0.954300621517019
nim-lang/Nim -> golang/go,1.559044944400477,-1.0679510246336283
rust-lang/rust -> nim-lang/Nim,-0.06861379630410536,-0.6719232706417565
golang/go -> nim-lang/Nim,-0.48996911854982195,-8.226077366865674
