,AMS_ij,normalized_AMS_ij
ramda/ramda -> lodash/lodash,-0.12851575444232402,-7.086253713303009
jashkenas/underscore -> lodash/lodash,-0.35790843150584334,-5.092243672871261
lodash/lodash -> ramda/ramda,-0.2816617271653625,-5.906042937692685
jashkenas/underscore -> ramda/ramda,-1.513079394656076,-16.907854928657162
lodash/lodash -> jashkenas/underscore,-0.36013185956633964,-6.248188996991274
ramda/ramda -> jashkenas/underscore,-1.07747841687507,-16.55164887626545
