,AMS_ij,normalized_AMS_ij
rust-lang/rust -> swiftlang/swift,-0.46035343198573475,-1.816016634885742
golang/go -> swiftlang/swift,0.1564344242622453,-0.747521613526959
swiftlang/swift -> rust-lang/rust,-0.1978091424370893,-0.6939434497884266
golang/go -> rust-lang/rust,-0.7891109361778329,0.40628433188209573
swiftlang/swift -> golang/go,-0.3910130443684116,-1.9488702787915062
rust-lang/rust -> golang/go,-0.31447616756616587,-0.7777808686925985
