,AMS_ij,normalized_AMS_ij
rust-lang/rust -> apple/swift,-0.7027477567705029,-5.0543610535497345
JetBrains/kotlin -> apple/swift,-0.2314829438564381,0.053722290655951126
apple/swift -> rust-lang/rust,-3.811569370079008,-10.458123440475084
JetBrains/kotlin -> rust-lang/rust,-0.6751860324023788,-0.6042052750011381
apple/swift -> JetBrains/kotlin,-1.9461727855599849,-6.355949050152621
rust-lang/rust -> JetBrains/kotlin,-1.5859946105902154,-5.577982200432763
