,AMS_ij,normalized_AMS_ij
rust-lang/rust -> apple/swift,-0.5690726268904684,-1.9910099617469184
JetBrains/kotlin -> apple/swift,-0.832457424885192,-2.104857934530659
apple/swift -> rust-lang/rust,-0.00279890861815206,-0.1836276458984911
JetBrains/kotlin -> rust-lang/rust,-0.09832783235788943,-0.9350812959907612
apple/swift -> JetBrains/kotlin,-0.10114588841729197,0.07942059166782757
rust-lang/rust -> JetBrains/kotlin,-0.5988716422631913,-1.4120081893516843
