,AMS_ij,normalized_AMS_ij
BabylonJS/Babylon.js -> mrdoob/three.js,0.05570813545070645,1.2986967501341684
playcanvas/engine -> mrdoob/three.js,-1.345038550180242,-0.8521890879164313
mrdoob/three.js -> BabylonJS/Babylon.js,0.010222279215163915,0.9197792812950707
playcanvas/engine -> BabylonJS/Babylon.js,-3.8760316627909637,-7.666455173100487
mrdoob/three.js -> playcanvas/engine,-0.44870390136224525,-2.414386140381152
BabylonJS/Babylon.js -> playcanvas/engine,-0.5330354723950546,-3.09274563409266
