,AMS_ij,normalized_AMS_ij
highcharts/highcharts -> d3/d3,-0.021603411828129984,-0.26684534061337745
plotly/plotly.js -> d3/d3,-0.031309660341933214,-0.6776236445652016
d3/d3 -> highcharts/highcharts,-1.313147778190804,2.9020414302708963
plotly/plotly.js -> highcharts/highcharts,-1.8687047125111935,-6.949323807853804
d3/d3 -> plotly/plotly.js,-1.8606861225310258,-3.724956139202297
highcharts/highcharts -> plotly/plotly.js,-0.9175012041837834,-2.909443570113032
