,AMS_ij,normalized_AMS_ij
highcharts/highcharts -> d3/d3,-0.05301357027433891,-1.178000973625342
plotly/plotly.js -> d3/d3,-0.23485502459142166,-3.979284685723547
d3/d3 -> highcharts/highcharts,6.325317122369126,24.154760709127128
plotly/plotly.js -> highcharts/highcharts,1.0936690215827847,3.0603799697981002
d3/d3 -> plotly/plotly.js,2.8069338771903922,12.823022056867911
highcharts/highcharts -> plotly/plotly.js,-0.8843542413340278,-4.648186529405883
