,AMS_ij,normalized_AMS_ij
urllib3/urllib3 -> psf/requests,-0.732546097193333,-1.571434448744006
twisted/treq -> psf/requests,-4.729089411171484,-18.169303671491722
psf/requests -> urllib3/urllib3,0.12652942243119686,2.298394571257238
twisted/treq -> urllib3/urllib3,-0.8033845315508704,-2.391633348951769
psf/requests -> twisted/treq,-0.2787424659222143,-4.237670715544977
urllib3/urllib3 -> twisted/treq,0.0802562036410179,0.45986865325086995
