,AMS_ij,normalized_AMS_ij
urllib3/urllib3 -> psf/requests,0.3957444632265993,-0.6002530492263389
twisted/treq -> psf/requests,0.699922397311741,1.9656963538581465
psf/requests -> urllib3/urllib3,-0.9203162941587744,-7.407736372734111
twisted/treq -> urllib3/urllib3,-0.33423725486617806,-7.929275889199289
psf/requests -> twisted/treq,0.072122596462629,0.4545115067591544
urllib3/urllib3 -> twisted/treq,-0.3255865261666019,-8.089627087980448
