,AMS_ij,normalized_AMS_ij
urllib3/urllib3 -> psf/requests,-0.43925833664771385,-12.415921729190673
twisted/treq -> psf/requests,0.002162356197035092,-1.047934667045819
psf/requests -> urllib3/urllib3,-0.02441135980604192,-11.648352837700186
twisted/treq -> urllib3/urllib3,0.13122230390356018,4.851459489798711
psf/requests -> twisted/treq,0.4909455932859011,3.156788348809264
urllib3/urllib3 -> twisted/treq,-0.37140143489885113,-14.037578228504694
