,AMS_ij,normalized_AMS_ij
django/django -> pallets/flask,0.5324892199831655,3.579334728191177
expressjs/express -> pallets/flask,-2.8065352395084977,-21.771432387389474
pallets/flask -> django/django,-0.18136119682645574,-0.06479556623141397
expressjs/express -> django/django,-0.16453187323213853,6.688013453997482
pallets/flask -> expressjs/express,-0.034592437836770976,-1.0843594968490633
django/django -> expressjs/express,0.03201809476910017,0.8528661311719307
