,AMS_ij,normalized_AMS_ij
zurb/foundation-sites -> twbs/bootstrap,-2.343105528530404,-3.0205921627473002
primer/css -> twbs/bootstrap,4.5124680726343085,0.859818242496364
twbs/bootstrap -> zurb/foundation-sites,-0.7706667475161851,-2.777545028007964
primer/css -> zurb/foundation-sites,3.21402671710457,3.9980961305532565
twbs/bootstrap -> primer/css,-0.1464625740539369,-0.13909008948306995
zurb/foundation-sites -> primer/css,0.47042257940918164,2.6451205002856604
