,AMS_ij,normalized_AMS_ij
zurb/foundation-sites -> twbs/bootstrap,0.34569237197495717,0.5384848111645126
primer/css -> twbs/bootstrap,-0.29880631947048025,-5.259032692416114
twbs/bootstrap -> zurb/foundation-sites,-0.2270384784797513,-0.7168829734861888
primer/css -> zurb/foundation-sites,0.05783981950385622,-0.25089033452985054
twbs/bootstrap -> primer/css,-1.043763974681406,-6.213321924801194
zurb/foundation-sites -> primer/css,-0.5202684854325245,-2.2606710562471295
