,AMS_ij,normalized_AMS_ij
date-fns/date-fns -> moment/moment,0.017755075632343232,1.4175585681086
moment/luxon -> moment/moment,0.4812574247466091,5.721905922325239
moment/moment -> date-fns/date-fns,-0.14125846173055012,-2.5791866324200585
moment/luxon -> date-fns/date-fns,-0.29313045726350173,1.4450775238042108
moment/moment -> moment/luxon,-0.03132611317140755,-0.7386078941572356
date-fns/date-fns -> moment/luxon,0.1079240724223651,2.5416858132443214
