,AMS_ij,normalized_AMS_ij
rollup/rollup -> webpack/webpack,-0.1645029696783805,-1.9922799608905208
parcel-bundler/parcel -> webpack/webpack,-0.664086789631126,-6.45095479531251
webpack/webpack -> rollup/rollup,-0.02398725739888384,-0.1675282641105076
parcel-bundler/parcel -> rollup/rollup,0.46467043233034333,13.748153820270675
webpack/webpack -> parcel-bundler/parcel,0.0042417147750422515,0.2537370057187378
rollup/rollup -> parcel-bundler/parcel,-0.017918180907199054,-0.9823498955793063
