,AMS_ij,normalized_AMS_ij
sorin-ionescu/prezto -> ohmyzsh/ohmyzsh,3.6530412476254974,47.03052934225035
Bash-it/bash-it -> ohmyzsh/ohmyzsh,1.2448319455704837,4.892251388685847
ohmyzsh/ohmyzsh -> sorin-ionescu/prezto,0.169024104390122,5.31739482050518
Bash-it/bash-it -> sorin-ionescu/prezto,-0.414808812728436,-6.817794390370177
ohmyzsh/ohmyzsh -> Bash-it/bash-it,0.39242277606758424,2.7146097253245185
sorin-ionescu/prezto -> Bash-it/bash-it,0.2515761187595318,-4.377731250444157
