,AMS_ij,normalized_AMS_ij
ruby/ruby -> nodejs/node,1.1625470106030913,5.820845592623861
python/cpython -> nodejs/node,1.5509685613216984,9.02950164680604
nodejs/node -> ruby/ruby,-3.9285716036493046,-1.0492594887654412
python/cpython -> ruby/ruby,-3.0040871964991576,-12.149130586810303
nodejs/node -> python/cpython,-0.9801429169332792,-3.207210029542433
ruby/ruby -> python/cpython,-1.521539100635041,-8.593837473621875
