,AMS_ij,normalized_AMS_ij
ruby/ruby -> nodejs/node,0.5977280459105234,11.754951051182685
python/cpython -> nodejs/node,0.5376689126592349,1.3537535464949713
nodejs/node -> ruby/ruby,-0.7787156455137911,4.5888143447354075
python/cpython -> ruby/ruby,-0.30276835008282676,1.2127210661910837
nodejs/node -> python/cpython,-0.29398817823707313,2.0636354052143187
ruby/ruby -> python/cpython,2.781925081109505,5.582647114502662
