,AMS_ij,normalized_AMS_ij
memcached/memcached -> redis/redis,-0.23468769009798435,-3.3273315460916226
tarantool/tarantool -> redis/redis,0.16372758583910624,3.0793779518625377
redis/redis -> memcached/memcached,-0.2138844268495357,-6.906825879182323
tarantool/tarantool -> memcached/memcached,0.04028029209283185,1.6309454738521436
redis/redis -> tarantool/tarantool,-2.4766025066627826,-22.514863063739053
memcached/memcached -> tarantool/tarantool,-0.9920784262126997,-13.174273547788657
