,AMS_ij,normalized_AMS_ij
blevesearch/bleve -> elastic/elasticsearch,-2.174558739291145,-0.2095848196569226
apache/solr -> elastic/elasticsearch,1.6645796234156816,-8.683039209293307
elastic/elasticsearch -> blevesearch/bleve,0.6424898179819841,6.133703407549471
apache/solr -> blevesearch/bleve,1.8207811161986358,31.730130798554434
elastic/elasticsearch -> apache/solr,1.4800693007466919,8.186970408836777
blevesearch/bleve -> apache/solr,-3.4279235342578627,-7.221456020471825
