,AMS_ij,normalized_AMS_ij
faye/faye -> socketio/socket.io,7.668943386403592,54.45931088612728
websockets/ws -> socketio/socket.io,4.349122702507058,16.72302142383117
socketio/socket.io -> faye/faye,0.022215194435498208,-1.7525829578078405
websockets/ws -> faye/faye,0.12408875070002168,2.1451942849402896
socketio/socket.io -> websockets/ws,0.3667977600135687,9.788812779097743
faye/faye -> websockets/ws,-1.0282842498507534,-49.368770656949934
