,AMS_ij,normalized_AMS_ij
faye/faye -> socketio/socket.io,0.18845097275474587,-1.958608729946026
websockets/ws -> socketio/socket.io,0.9995070339671361,0.7967885932794266
socketio/socket.io -> faye/faye,0.06885555924674182,1.8596221446438292
websockets/ws -> faye/faye,-0.10347829465982337,-6.3796383054829136
socketio/socket.io -> websockets/ws,0.21777535773845252,3.4483385357318137
faye/faye -> websockets/ws,-1.9943476638163935,-17.912466763658475
