,AMS_ij,normalized_AMS_ij
hapijs/hapi -> expressjs/express,0.37712490825883915,3.666353149688189
balderdashy/sails -> expressjs/express,-0.11860784123293223,-11.328706760896786
expressjs/express -> hapijs/hapi,-0.3590447301145325,-23.651461694592406
balderdashy/sails -> hapijs/hapi,0.5645068875252817,3.4439920502824033
expressjs/express -> balderdashy/sails,-1.211165175288343,-25.797689395311014
hapijs/hapi -> balderdashy/sails,-0.1462395967554535,-13.472173068232108
