,AMS_ij,normalized_AMS_ij
hapijs/hapi -> expressjs/express,0.7738004711157549,49.58606407647548
balderdashy/sails -> expressjs/express,0.8162344511186542,32.06124176640521
expressjs/express -> hapijs/hapi,0.006731527562917339,20.832324740180113
balderdashy/sails -> hapijs/hapi,0.040755239504416556,3.8639351521188874
expressjs/express -> balderdashy/sails,0.5178618933726271,34.301052593569125
hapijs/hapi -> balderdashy/sails,-1.0048922754322076,-27.268288557602162
