,AMS_ij,normalized_AMS_ij
hapijs/hapi -> expressjs/express,1.9063266877100538,8.394701925248654
balderdashy/sails -> expressjs/express,1.0937492001001101,4.21460470092841
expressjs/express -> hapijs/hapi,0.18934383444820352,-6.924520590663249
balderdashy/sails -> hapijs/hapi,-1.2172523645844886,-7.242994405280065
expressjs/express -> balderdashy/sails,6.481292752281403,10.191405481114781
hapijs/hapi -> balderdashy/sails,-4.4352777658924225,-23.646494483154175
