,AMS_ij,normalized_AMS_ij
nim-lang/Nim -> rust-lang/rust,39.256787800473816,73.4991040764132
golang/go -> rust-lang/rust,1.6636272669333492,4.2391885899573305
rust-lang/rust -> nim-lang/Nim,-0.16036774886528748,-1.3523055155769563
golang/go -> nim-lang/Nim,-1.2481761626648402,-19.007899613052633
rust-lang/rust -> golang/go,-0.5449362582504794,-1.4753895586535974
nim-lang/Nim -> golang/go,-3.704808234961187,-36.40446275828854
