,AMS_ij,normalized_AMS_ij
nim-lang/Nim -> rust-lang/rust,7.043447506493836,4.0898902382837345
golang/go -> rust-lang/rust,2.3308825848384225,3.1339605716996455
rust-lang/rust -> nim-lang/Nim,-0.182778502806138,-2.0929371084638304
golang/go -> nim-lang/Nim,0.2788946715123515,0.788506562964024
rust-lang/rust -> golang/go,-0.9116139435771531,-3.102101473880617
nim-lang/Nim -> golang/go,-0.8352791662392247,-2.484276695040584
