,AMS_ij,normalized_AMS_ij
nim-lang/Nim -> rust-lang/rust,-6.900830817906993,-0.3594329681808646
golang/go -> rust-lang/rust,-0.5124453758583271,1.0032179036910287
rust-lang/rust -> nim-lang/Nim,-1.1667007662815192,-2.015042513989603
golang/go -> nim-lang/Nim,-1.4731174167419185,-3.5413125682343436
rust-lang/rust -> golang/go,-0.8896613240376121,-0.023180843711998085
nim-lang/Nim -> golang/go,-2.0277165976914993,-3.8008021119311883
