,AMS_ij,normalized_AMS_ij
golang/go -> swiftlang/swift,-0.14043859773405137,1.7812537456599258
rust-lang/rust -> swiftlang/swift,-1.086895130268751,-0.32301945336702864
swiftlang/swift -> golang/go,-1.711153332300816,-2.922295494646
rust-lang/rust -> golang/go,-1.4055855524833833,-2.937840408577561
swiftlang/swift -> rust-lang/rust,0.15340768489702852,-0.9800577896192776
golang/go -> rust-lang/rust,3.504596771090826,3.9175759161029235
