,AMS_ij,normalized_AMS_ij
plotly/plotly.js -> d3/d3,4.815058955267375,21.916324739327912
highcharts/highcharts -> d3/d3,0.1389534758842953,3.8682334781706738
d3/d3 -> plotly/plotly.js,4.632985723545134,20.168277525958924
highcharts/highcharts -> plotly/plotly.js,-4.579429243487973,-14.414247801779045
d3/d3 -> highcharts/highcharts,1.6092539197829412,11.98306268830303
plotly/plotly.js -> highcharts/highcharts,-5.722307585094389,-23.084552782712024
