,AMS_ij,normalized_AMS_ij
twisted/treq -> psf/requests,-10.160442597117061,-38.91409245544282
urllib3/urllib3 -> psf/requests,-1.269524501191724,-3.0709444260971117
psf/requests -> twisted/treq,-0.5631168258936579,-8.141929875350996
urllib3/urllib3 -> twisted/treq,0.1561079073057265,0.3152849668842656
psf/requests -> urllib3/urllib3,0.43241009318356816,5.586397636373469
twisted/treq -> urllib3/urllib3,-1.1075992784835855,-1.9830726723993757
