,AMS_ij,normalized_AMS_ij
twisted/treq -> psf/requests,0.03545438188514424,5.640235123773832
urllib3/urllib3 -> psf/requests,-0.9040407669714189,-24.796279914430432
psf/requests -> twisted/treq,0.7165977571485493,2.9659619230758785
urllib3/urllib3 -> twisted/treq,-0.893954825863576,-22.761490185871946
psf/requests -> urllib3/urllib3,0.1708491739733086,18.11967023516799
twisted/treq -> urllib3/urllib3,0.35467882938374545,8.010908657351616
