,AMS_ij,normalized_AMS_ij
expressjs/express -> pallets/flask,1.3692583358337322,43.774629313637156
django/django -> pallets/flask,0.034659517272406536,4.162083048085897
pallets/flask -> expressjs/express,0.14232311639281636,13.60331784642156
django/django -> expressjs/express,-0.07575547681425782,-4.358066594880024
pallets/flask -> django/django,0.2279821872180735,1.6680290881575248
expressjs/express -> django/django,0.5986177734566848,18.44349292798812
