,AMS_ij,normalized_AMS_ij
expressjs/express -> pallets/flask,-1.219115898288848,-9.729604931713881
django/django -> pallets/flask,-0.06696786234609087,2.2318104415614113
pallets/flask -> expressjs/express,-1.099638256199756,1.8146880570662347
django/django -> expressjs/express,-1.1506764591253256,-13.24199226159262
pallets/flask -> django/django,-0.5249205085686158,0.36718338919590093
expressjs/express -> django/django,-3.4277505427169306,-28.350535484691708
