,AMS_ij,normalized_AMS_ij
primer/css -> twbs/bootstrap,-0.5006487947535634,-11.490381139296787
zurb/foundation-sites -> twbs/bootstrap,0.7926343480847127,0.6160723307567428
twbs/bootstrap -> primer/css,-2.0957472541218545,-14.855055612463413
zurb/foundation-sites -> primer/css,-1.5292095581587533,-6.751149951087976
twbs/bootstrap -> zurb/foundation-sites,-0.37423333583070095,-1.6508270437664403
primer/css -> zurb/foundation-sites,0.10723266718863717,-0.9194402681246716
