,AMS_ij,normalized_AMS_ij
moment/luxon -> moment/moment,0.767817121318285,4.9537165083895935
date-fns/date-fns -> moment/moment,1.8804869821241474,4.7772363592534335
moment/moment -> moment/luxon,0.22740956198166573,2.2287460626593334
date-fns/date-fns -> moment/luxon,-0.32125912801811796,-6.665373065268317
moment/moment -> date-fns/date-fns,0.25024795184435655,3.1250770102976757
moment/luxon -> date-fns/date-fns,2.640600719545715,23.63863046582241
