,AMS_ij,normalized_AMS_ij
aws/aws-cli -> rclone/rclone,1.0738989643473227,4.767553128501538
iterate-ch/cyberduck -> rclone/rclone,0.445339796814025,3.97162036322997
rclone/rclone -> aws/aws-cli,-0.8889327568990443,-8.543477207061494
iterate-ch/cyberduck -> aws/aws-cli,0.48943159824115684,4.4719994947151935
rclone/rclone -> iterate-ch/cyberduck,1.9519544362674428,8.835385208716017
aws/aws-cli -> iterate-ch/cyberduck,-1.6639003328951216,-12.18943943354764
