,AMS_ij,normalized_AMS_ij
containerd/containerd -> moby/moby,19.381544741216644,49.47090872438071
canonical/lxd -> moby/moby,-1.8443480237198666,-0.3535371810591791
moby/moby -> containerd/containerd,1.589874672657529,7.866479323971831
canonical/lxd -> containerd/containerd,0.35947717547516816,5.317339969299793
moby/moby -> canonical/lxd,0.9707159620355426,4.40841845674262
containerd/containerd -> canonical/lxd,-6.605090777114942,-14.177758401946578
