,AMS_ij,normalized_AMS_ij
elastic/kibana -> grafana/grafana,4.970274600098743,13.07261407674213
getsentry/sentry -> grafana/grafana,-7.903856046507885,-9.167116234465672
grafana/grafana -> elastic/kibana,1.4650870282338144,6.915042948173797
getsentry/sentry -> elastic/kibana,-11.693610082885108,-30.582896319836607
grafana/grafana -> getsentry/sentry,-0.42060823316719875,3.4648785576700885
elastic/kibana -> getsentry/sentry,-1.8952534128461322,-17.771016715266832
