,AMS_ij,normalized_AMS_ij
nwjs/nw.js -> electron/electron,5.551920133409466,0.9315048499035447
AvaloniaUI/Avalonia -> electron/electron,0.3201396014749286,1.4677566069348806
electron/electron -> nwjs/nw.js,0.2122508079095965,1.8835291541701191
AvaloniaUI/Avalonia -> nwjs/nw.js,0.028440802472772087,-1.6017070801059414
electron/electron -> AvaloniaUI/Avalonia,-0.2973843802953438,-0.6077278589659691
nwjs/nw.js -> AvaloniaUI/Avalonia,-0.32244233623605234,8.31602806562487
