,AMS_ij,normalized_AMS_ij
4ian/GDevelop -> godotengine/godot,-2.6552901320189797,-2.9904041401991104
MonoGame/MonoGame -> godotengine/godot,4.240284875683116,6.32809702868518
godotengine/godot -> 4ian/GDevelop,-0.11410301224965608,-0.40184286331894425
MonoGame/MonoGame -> 4ian/GDevelop,0.23436797939713994,2.050091477200002
godotengine/godot -> MonoGame/MonoGame,-0.2185144971619431,-1.7142004591495792
4ian/GDevelop -> MonoGame/MonoGame,0.5223736201311451,-3.2561898049661564
