,AMS_ij,normalized_AMS_ij
4ian/GDevelop -> godotengine/godot,6.093092005394069,7.343677661370976
MonoGame/MonoGame -> godotengine/godot,-19.768402180376302,-14.34252814820589
godotengine/godot -> 4ian/GDevelop,-0.5409499113134,-4.881056352523451
MonoGame/MonoGame -> 4ian/GDevelop,-1.0314284814926353,5.886860900785389
godotengine/godot -> MonoGame/MonoGame,0.14583011405433693,0.6670166192402444
4ian/GDevelop -> MonoGame/MonoGame,0.4184625418408753,6.026497822265704
