,AMS_ij,normalized_AMS_ij
getgrav/grav -> tryghost/ghost,-2.2627839599842754,-15.443585069841346
WordPress/WordPress -> tryghost/ghost,0.46149993282127866,-1.4999786923605398
tryghost/ghost -> getgrav/grav,-0.4893623270114677,-8.403663100915201
WordPress/WordPress -> getgrav/grav,-0.9317909878912962,-11.060810659960495
tryghost/ghost -> WordPress/WordPress,-1.592733208144424,-9.947277545551286
getgrav/grav -> WordPress/WordPress,-4.164759973751574,-26.361494485378
