,AMS_ij,normalized_AMS_ij
getgrav/grav -> tryghost/ghost,11.506638538119228,39.003886995123906
WordPress/WordPress -> tryghost/ghost,-6.193699370703106,-22.97219394439724
tryghost/ghost -> getgrav/grav,0.4372194211128745,10.742786841661104
WordPress/WordPress -> getgrav/grav,0.951311412563975,12.587987615138468
tryghost/ghost -> WordPress/WordPress,-0.7297005806083551,-0.19962589308653256
getgrav/grav -> WordPress/WordPress,1.8149613245343266,4.122619417976579
