,AMS_ij,normalized_AMS_ij
d3/d3 -> chartjs/chart.js,-0.6339289912276469,30.925780060073848
highcharts/highcharts -> chartjs/chart.js,0.004381739562266257,5.521852362726644
chartjs/chart.js -> d3/d3,0.6009782598913813,11.897069752925972
highcharts/highcharts -> d3/d3,-0.005742666422070398,1.3743646446814024
chartjs/chart.js -> highcharts/highcharts,32.78603203236423,80.47507352449546
d3/d3 -> highcharts/highcharts,-34.91739629964792,-46.32244777128391
