,AMS_ij,normalized_AMS_ij
apache/zookeeper -> etcd-io/etcd,7.769188662478891,31.680426214663132
hashicorp/consul -> etcd-io/etcd,-0.09763369811184071,-8.073858880523114
etcd-io/etcd -> apache/zookeeper,-0.09230496994295906,-7.16402487828816
hashicorp/consul -> apache/zookeeper,-0.022374794429614,-6.683604936680975
etcd-io/etcd -> hashicorp/consul,3.5885031891628936,14.435321497631254
apache/zookeeper -> hashicorp/consul,13.068576049858306,55.67574230912176
