,AMS_ij,normalized_AMS_ij
apache/zookeeper -> etcd-io/etcd,33.2756939539475,49.775117022651855
hashicorp/consul -> etcd-io/etcd,-1.6031425441232818,-1.4284637455799678
etcd-io/etcd -> apache/zookeeper,0.05509920307350383,2.3622451206711954
hashicorp/consul -> apache/zookeeper,0.06950589192713005,1.7171648790283938
etcd-io/etcd -> hashicorp/consul,0.5226162028831105,1.9540755652851176
apache/zookeeper -> hashicorp/consul,-2.66693203901309,-10.159480560707312
