,AMS_ij,normalized_AMS_ij
apache/zookeeper -> etcd-io/etcd,2.4022765996429625,-7.807717059632196
hashicorp/consul -> etcd-io/etcd,-0.070879814017711,-0.4148208177464178
etcd-io/etcd -> apache/zookeeper,0.12309718583448247,1.0434263139141817
hashicorp/consul -> apache/zookeeper,0.005199301282758162,0.7354941995409052
etcd-io/etcd -> hashicorp/consul,0.25219411774976613,0.880725905668322
apache/zookeeper -> hashicorp/consul,8.214179091579418,11.163515850400724
