,AMS_ij,normalized_AMS_ij
cacti/cacti -> netdata/netdata,-0.34669537831994857,-1.229050121984863
grafana/grafana -> netdata/netdata,0.6859516923228074,6.458407508606657
netdata/netdata -> cacti/cacti,-0.05750569985164984,-0.22184801431489434
grafana/grafana -> cacti/cacti,-0.8121758788283907,-4.780228913336715
netdata/netdata -> grafana/grafana,1.223549276995055,6.1598017007625865
cacti/cacti -> grafana/grafana,-7.18713408930953,-28.78908201468024
