,AMS_ij,normalized_AMS_ij
ioBroker/ioBroker -> home-assistant/core,0.024574698959852648,-18.57714551773716
node-red/node-red -> home-assistant/core,1.760136519682952,-2.715416260472
home-assistant/core -> ioBroker/ioBroker,0.14656140736760284,0.17504352306066182
node-red/node-red -> ioBroker/ioBroker,-0.3124066451046742,-10.192555694540122
home-assistant/core -> node-red/node-red,1.070993260317705,4.680831567863267
ioBroker/ioBroker -> node-red/node-red,-8.545048654188518,-61.39156094666759
