,AMS_ij,normalized_AMS_ij
jquery/jquery -> facebook/react,-11.943493328331018,-152.98165013801244
angular/angular -> facebook/react,-1.1894886289212674,-8.396240665350186
facebook/react -> jquery/jquery,-0.4598272114534693,-26.206672042173278
angular/angular -> jquery/jquery,-0.08078501014904477,-2.7380815420318316
facebook/react -> angular/angular,-6.284677031714057,-29.123249257724858
jquery/jquery -> angular/angular,-28.7209153452337,-122.85524651036744
