,AMS_ij,normalized_AMS_ij
jquery/jquery -> facebook/react,-5.349413489469612,-112.65064328459356
angular/angular -> facebook/react,-0.3134659847637835,-5.10216971040922
facebook/react -> jquery/jquery,-0.11046210770393985,-10.543104620334814
angular/angular -> jquery/jquery,0.010493947170317087,-1.2092554740807389
facebook/react -> angular/angular,0.20494289093954612,10.246100993765534
jquery/jquery -> angular/angular,-3.3045910433316394,-17.29033065908129
