,AMS_ij,normalized_AMS_ij
gitbucket/gitbucket -> gogs/gogs,0.21413079703729193,10.762214950890137
gitlabhq/gitlabhq -> gogs/gogs,-0.1411098311962072,-4.176687734335285
gogs/gogs -> gitbucket/gitbucket,-3.7991913263402624,-16.623459176883166
gitlabhq/gitlabhq -> gitbucket/gitbucket,-0.4638189872038074,-7.485650166858759
gogs/gogs -> gitlabhq/gitlabhq,13.31312362642517,17.456132121518884
gitbucket/gitbucket -> gitlabhq/gitlabhq,-23.848143890434176,-19.46408310589681
