,AMS_ij,normalized_AMS_ij
gitbucket/gitbucket -> gogs/gogs,-3.4032274279921237,-9.51143057275413
gitlabhq/gitlabhq -> gogs/gogs,0.7123062947228205,6.15014394386955
gogs/gogs -> gitbucket/gitbucket,-0.6338941857784366,-6.100662658681216
gitlabhq/gitlabhq -> gitbucket/gitbucket,-0.18497737674274256,-0.20754393192929718
gogs/gogs -> gitlabhq/gitlabhq,10.673305896526196,27.19447455381635
gitbucket/gitbucket -> gitlabhq/gitlabhq,-6.258975437181858,-7.261777505398745
