,AMS_ij,normalized_AMS_ij
gitbucket/gitbucket -> gogs/gogs,-0.23327020106217272,-3.998348760672068
gitlabhq/gitlabhq -> gogs/gogs,0.27681293403123264,2.6768537647504287
gogs/gogs -> gitbucket/gitbucket,0.23040878836674236,1.1397599048567304
gitlabhq/gitlabhq -> gitbucket/gitbucket,-0.45009799428993735,-10.47429501460108
gogs/gogs -> gitlabhq/gitlabhq,0.04600843613425837,26.606925066016107
gitbucket/gitbucket -> gitlabhq/gitlabhq,-0.9493534310777407,-9.167346279041638
