,AMS_ij,normalized_AMS_ij
DevExpress/testcafe -> cypress-io/cypress,10.337293154664808,64.24478579627537
seleniumhq/selenium -> cypress-io/cypress,0.39355112275557524,8.108573089738874
cypress-io/cypress -> DevExpress/testcafe,0.0364880680662106,3.2694551047290727
seleniumhq/selenium -> DevExpress/testcafe,-0.4038113785021029,-6.470623055374368
cypress-io/cypress -> seleniumhq/selenium,-1.7396018872949897,-4.625473598844033
DevExpress/testcafe -> seleniumhq/selenium,3.1389068746273363,11.314540219095385
