,AMS_ij,normalized_AMS_ij
adblockplus/adblockplus -> gorhill/ublock,-2.496392068245545,-12.91673754706046
brave/brave-browser -> gorhill/ublock,1.2844402560823993,19.067401915330493
gorhill/ublock -> adblockplus/adblockplus,0.388754059041521,3.7440155225498204
brave/brave-browser -> adblockplus/adblockplus,0.8615304758498428,8.198750342943422
gorhill/ublock -> brave/brave-browser,0.15231943925500166,0.9963219522139733
adblockplus/adblockplus -> brave/brave-browser,0.591352619921773,4.306877103932603
