,AMS_ij,normalized_AMS_ij
vinta/awesome-python -> avelino/awesome-go,-12.701365686173938,-35.15285340102242
fffaraz/awesome-cpp -> avelino/awesome-go,-5.626611757586776,-58.86378823031866
avelino/awesome-go -> vinta/awesome-python,0.002749391748615267,-1.5043944605861854
fffaraz/awesome-cpp -> vinta/awesome-python,-0.16851035561078986,-2.9795669574206163
avelino/awesome-go -> fffaraz/awesome-cpp,0.1583262477480908,4.881349883194934
vinta/awesome-python -> fffaraz/awesome-cpp,-1.661465977098911,-47.87689306106328
