,AMS_ij,normalized_AMS_ij
Immediate-Mode-UI/Nuklear -> ocornut/imgui,4.5325281027188185,18.258218911200075
lvgl/lvgl -> ocornut/imgui,-1.4815339652633122,-7.417730374419825
ocornut/imgui -> Immediate-Mode-UI/Nuklear,0.012652417548736012,0.25728985951838007
lvgl/lvgl -> Immediate-Mode-UI/Nuklear,0.06359551478511835,-6.484738922381954
ocornut/imgui -> lvgl/lvgl,1.7000550882995928,5.172891064591331
Immediate-Mode-UI/Nuklear -> lvgl/lvgl,4.889895939738987,3.296774129934555
