,AMS_ij,normalized_AMS_ij
seaweedfs/seaweedfs -> minio/minio,-12.104404061875204,-35.657002016513786
ceph/ceph -> minio/minio,0.09603478733114645,0.6802059850178175
minio/minio -> seaweedfs/seaweedfs,-0.1559261458889299,7.895218281987859
ceph/ceph -> seaweedfs/seaweedfs,0.097212145821094,2.5907603798513796
minio/minio -> ceph/ceph,2.08076268516819,-0.171002630206346
seaweedfs/seaweedfs -> ceph/ceph,20.193846141148455,30.075623123728906
