,AMS_ij,normalized_AMS_ij
yuzutech/kroki -> mermaid-js/mermaid,-2.006159715324725,-0.2041162145071485
plantuml/plantuml -> mermaid-js/mermaid,4.971136965010862,34.907825005109586
mermaid-js/mermaid -> yuzutech/kroki,0.01658718890207652,-0.7796372794626414
plantuml/plantuml -> yuzutech/kroki,0.04186887958579907,5.790643459258896
mermaid-js/mermaid -> plantuml/plantuml,0.008731603243044068,0.032665647405371236
yuzutech/kroki -> plantuml/plantuml,-0.04384708057182581,-8.647171300998199
