,AMS_ij,normalized_AMS_ij
yuzutech/kroki -> mermaid-js/mermaid,0.5860772718677401,8.444980632272532
plantuml/plantuml -> mermaid-js/mermaid,-0.47140586683800734,-24.627026254336243
mermaid-js/mermaid -> yuzutech/kroki,-0.8598964414069532,-3.084102937278723
plantuml/plantuml -> yuzutech/kroki,-1.7670973795356446,8.136046886441852
mermaid-js/mermaid -> plantuml/plantuml,0.27506288835968573,6.1536946744821215
yuzutech/kroki -> plantuml/plantuml,0.7590610930002188,30.770655700929645
