,AMS_ij,normalized_AMS_ij
hexojs/hexo -> gohugoio/hugo,1.7931120163844954,24.88400099129846
sphinx-doc/sphinx -> gohugoio/hugo,-1.226785176709724,-12.576906437382975
gohugoio/hugo -> hexojs/hexo,-1.0505875530799167,6.721076097184444
sphinx-doc/sphinx -> hexojs/hexo,1.2563022933071872,21.573442511960607
gohugoio/hugo -> sphinx-doc/sphinx,-0.4667328724165881,-14.917741770214668
hexojs/hexo -> sphinx-doc/sphinx,1.773373520641653,29.453934549656896
