,AMS_ij,normalized_AMS_ij
hexojs/hexo -> gohugoio/hugo,-3.424962220568213,-12.057113902184573
sphinx-doc/sphinx -> gohugoio/hugo,0.15694897441083688,0.918370143804103
gohugoio/hugo -> hexojs/hexo,-0.08500967502648686,-4.829698123306919
sphinx-doc/sphinx -> hexojs/hexo,0.677989264085135,12.43871809431425
gohugoio/hugo -> sphinx-doc/sphinx,-2.6702262981366696,-0.7960227672564997
hexojs/hexo -> sphinx-doc/sphinx,6.753358776837082,25.19932637091876
