,AMS_ij,normalized_AMS_ij
getredash/redash -> apache/superset,14.37634108912152,10.4650056988432
metabase/metabase -> apache/superset,-0.27511211159012006,2.067904246999621
apache/superset -> getredash/redash,0.5511161397614344,1.5914323678958904
metabase/metabase -> getredash/redash,1.5262786987089254,40.43191108695308
apache/superset -> metabase/metabase,-2.215937662847686,-2.4748166526459765
getredash/redash -> metabase/metabase,14.431839287239793,81.06661741621296
