,AMS_ij,normalized_AMS_ij
getredash/redash -> apache/superset,-1.2154592702805642,-5.3359290112834135
metabase/metabase -> apache/superset,0.4039932113207536,-0.050039700525150804
apache/superset -> getredash/redash,-3.1396485687822016,-9.304624625031865
metabase/metabase -> getredash/redash,0.057193164241862965,-1.656146462875539
apache/superset -> metabase/metabase,-3.808978710329614,-10.996239413428276
getredash/redash -> metabase/metabase,0.5842412448656364,-3.0710470851954796
