,AMS_ij,normalized_AMS_ij
kong/kong -> traefik/traefik,0.5343712438628272,7.378628196907785
haproxy/haproxy -> traefik/traefik,0.16058494277412844,2.002418308463592
traefik/traefik -> kong/kong,-0.25428385907739104,5.947361179366967
haproxy/haproxy -> kong/kong,0.23391323816953874,1.7690744113139236
traefik/traefik -> haproxy/haproxy,0.8712062595690251,-0.025000383052966625
kong/kong -> haproxy/haproxy,-1.5195316531026368,0.14038883854790174
