,AMS_ij,normalized_AMS_ij
kong/kong -> traefik/traefik,0.16608607950783752,-2.794183367831676
haproxy/haproxy -> traefik/traefik,0.1702018828291259,3.94575232078037
traefik/traefik -> kong/kong,-1.4354297767777848,-44.96349834514468
haproxy/haproxy -> kong/kong,0.13370937420836082,2.8229271036758483
traefik/traefik -> haproxy/haproxy,-3.8351680296678388,-33.03873614839493
kong/kong -> haproxy/haproxy,-3.259330522342875,-21.294570831080193
