,AMS_ij,normalized_AMS_ij
decaporg/decap-cms -> strapi/strapi,2.5972773209474918,13.619857458989431
TryGhost/Ghost -> strapi/strapi,-0.5487759007132429,-11.506491305346572
strapi/strapi -> decaporg/decap-cms,-1.50755051683725,-1.19873680607023
TryGhost/Ghost -> decaporg/decap-cms,-0.0173520516979215,0.46086103982331
strapi/strapi -> TryGhost/Ghost,2.014827536958963,-5.1414098521901215
decaporg/decap-cms -> TryGhost/Ghost,-0.22367953341673696,4.102616930411283
