,AMS_ij,normalized_AMS_ij
decaporg/decap-cms -> strapi/strapi,5.0571108402057074,108.59574339040662
TryGhost/Ghost -> strapi/strapi,-0.10775171182730095,-1.7141724752786636
strapi/strapi -> decaporg/decap-cms,0.02094430723016663,3.450386108591267
TryGhost/Ghost -> decaporg/decap-cms,0.10346302617649045,14.651003300213143
strapi/strapi -> TryGhost/Ghost,-0.8386060457303037,-11.649897661916174
decaporg/decap-cms -> TryGhost/Ghost,4.4173368698748465,64.9751214319918
