,AMS_ij,normalized_AMS_ij
facebook/react -> angular/angular,0.8186239473686985,15.305947137095208
emberjs/ember.js -> angular/angular,-0.5341118305710405,-1.1171181607784408
angular/angular -> facebook/react,-0.6287977686973991,-10.154825490437412
emberjs/ember.js -> facebook/react,0.3828681636001586,10.158129281125042
angular/angular -> emberjs/ember.js,-0.631577928804502,-9.663739841644542
facebook/react -> emberjs/ember.js,-0.609560667963791,-4.974513037028268
