,AMS_ij,normalized_AMS_ij
apache/mxnet -> tensorflow/tensorflow,-13.47067845449037,-45.505067034953775
pytorch/pytorch -> tensorflow/tensorflow,-0.036761513408222174,0.685048622221144
tensorflow/tensorflow -> apache/mxnet,-0.20103927344516684,-8.569067610557079
pytorch/pytorch -> apache/mxnet,0.07120751871896011,1.5180518619770167
tensorflow/tensorflow -> pytorch/pytorch,-0.024668564981732317,0.42383299990458806
apache/mxnet -> pytorch/pytorch,10.485079381625672,23.904738048616167
