,AMS_ij,normalized_AMS_ij
apache/mxnet -> tensorflow/tensorflow,21.888575330947287,24.89276487577322
pytorch/pytorch -> tensorflow/tensorflow,-5.7161494056311986,-5.112638445271635
tensorflow/tensorflow -> apache/mxnet,0.42110342695189296,3.243193688973712
pytorch/pytorch -> apache/mxnet,0.19690947963897915,4.564851058240966
tensorflow/tensorflow -> pytorch/pytorch,-0.7041204095367357,-3.755301762517422
apache/mxnet -> pytorch/pytorch,5.563678399056412,17.138548668933968
