,AMS_ij,normalized_AMS_ij
neovim/neovim -> microsoft/vscode,-2.8812808426500194,-1.9797132903688262
pulsar-edit/pulsar -> microsoft/vscode,1.7069829122287241,3.680147452753804
microsoft/vscode -> neovim/neovim,0.6059243322043708,1.2561857885474899
pulsar-edit/pulsar -> neovim/neovim,0.18796216888229472,-0.32088448824246035
microsoft/vscode -> pulsar-edit/pulsar,1.7290395436458195,3.5169767998571437
neovim/neovim -> pulsar-edit/pulsar,-0.03751346938502209,-0.29462706462758365
