,AMS_ij,normalized_AMS_ij
neovim/neovim -> microsoft/vscode,-4.126422669330855,-20.211460232741185
pulsar-edit/pulsar -> microsoft/vscode,-2.6728734020493974,-12.929959039853017
microsoft/vscode -> neovim/neovim,-0.18012597271626588,-3.465022164504222
pulsar-edit/pulsar -> neovim/neovim,-1.519641810617655,-26.523490844766528
microsoft/vscode -> pulsar-edit/pulsar,0.10871574185658364,1.6090084225534467
neovim/neovim -> pulsar-edit/pulsar,-0.26972129944794276,-10.49079853725517
