,AMS_ij,normalized_AMS_ij
gohugoio/hugo -> gatsbyjs/gatsby,-4.884853839985084,-51.83274106118716
vercel/next.js -> gatsbyjs/gatsby,2.7645503684629595,27.48584960816104
gatsbyjs/gatsby -> gohugoio/hugo,0.20021208704235943,-23.36436550839858
vercel/next.js -> gohugoio/hugo,-0.22346716223780627,-1.3903356672007363
gatsbyjs/gatsby -> vercel/next.js,22.8193705158055,91.81291844097244
gohugoio/hugo -> vercel/next.js,14.756065758447397,46.822533244465724
