,AMS_ij,normalized_AMS_ij
facebook/react -> sveltejs/svelte,-3.1263276257146613,-59.464232740013955
angular/angular -> sveltejs/svelte,0.9378578236987644,21.620738429736758
sveltejs/svelte -> facebook/react,-1.228386814330487,-23.475459251810815
angular/angular -> facebook/react,0.030770912075199927,-1.7970514715586603
sveltejs/svelte -> angular/angular,8.112802728182956,52.87470715620968
facebook/react -> angular/angular,-7.59173024158755,12.242646947187408
