,AMS_ij,normalized_AMS_ij
standard/standard -> prettier/prettier,0.11919144192684615,-5.985882428624745
eslint/eslint -> prettier/prettier,-2.4975919418161756,-9.01027791745756
prettier/prettier -> standard/standard,-0.2163825739587612,-0.3784590516160648
eslint/eslint -> standard/standard,-0.7682807712701604,-8.93282235476584
prettier/prettier -> eslint/eslint,-0.29656531189848245,-6.322295188647475
standard/standard -> eslint/eslint,0.4088535700061281,1.852927581082881
