,AMS_ij,normalized_AMS_ij
standard/standard -> prettier/prettier,-1.2198117478588362,2.4099599544690107
eslint/eslint -> prettier/prettier,1.0780491427361714,13.642327414812582
prettier/prettier -> standard/standard,-0.001012565314267089,0.1317246319110412
eslint/eslint -> standard/standard,0.28397605180217533,9.710946135026024
prettier/prettier -> eslint/eslint,0.4627050910264942,3.869901285850843
standard/standard -> eslint/eslint,-0.45409438325113083,-8.680262007272184
