,AMS_ij,normalized_AMS_ij
docsifyjs/docsify -> facebook/docusaurus,-0.5623967351568473,-3.9055791584918174
mkdocs/mkdocs -> facebook/docusaurus,-1.0824018422878567,-11.260090166131272
facebook/docusaurus -> docsifyjs/docsify,-0.15383942437606307,-6.705952835274117
mkdocs/mkdocs -> docsifyjs/docsify,0.05836979484240898,11.336774747732141
facebook/docusaurus -> mkdocs/mkdocs,0.13173722615275202,6.165726336026968
docsifyjs/docsify -> mkdocs/mkdocs,-0.17073424603934173,-6.7158566648509135
