,AMS_ij,normalized_AMS_ij
alacritty/alacritty -> microsoft/terminal,0.07890316054266686,6.823813181451158
mintty/mintty -> microsoft/terminal,1.3862434011175413,44.299748249578116
microsoft/terminal -> alacritty/alacritty,1.2204884996859633,17.181044452800244
mintty/mintty -> alacritty/alacritty,-0.7395597038180737,-19.63236377639098
microsoft/terminal -> mintty/mintty,-0.8201535198060035,-13.189335907642374
alacritty/alacritty -> mintty/mintty,0.1652918500113021,2.9377185836127957
