,AMS_ij,normalized_AMS_ij
youzan/vant -> ElemeFE/element,-0.2902435819206114,-17.69943017329967
ant-design/ant-design -> ElemeFE/element,0.012994496029056094,0.47761300795127903
ElemeFE/element -> youzan/vant,-1.5891159282061327,-39.83647615785347
ant-design/ant-design -> youzan/vant,0.7515007218926233,7.93839660765898
ElemeFE/element -> ant-design/ant-design,-6.601327646379252,-59.53996471364831
youzan/vant -> ant-design/ant-design,4.079599473521997,27.10526215739587
