,AMS_ij,normalized_AMS_ij
dandavison/delta -> jesseduffield/lazygit,-1.2050558124029411,-6.0063417255719065
jonas/tig -> jesseduffield/lazygit,0.21607854424627831,10.818234973703243
jesseduffield/lazygit -> dandavison/delta,-0.022456275341868403,-0.6556816707429672
jonas/tig -> dandavison/delta,0.7953656285207606,54.34749881249292
jesseduffield/lazygit -> jonas/tig,-4.239176662503832e-05,-0.4314688196078703
dandavison/delta -> jonas/tig,0.12306840852862748,16.409391379535293
