,AMS_ij,normalized_AMS_ij
jgthms/bulma -> tailwindlabs/tailwindcss,1.4159272496636555,2.0449430369609756
twbs/bootstrap -> tailwindlabs/tailwindcss,-12.04514000418833,-23.93064241370517
tailwindlabs/tailwindcss -> jgthms/bulma,-0.41683696486597144,-4.910814601779058
twbs/bootstrap -> jgthms/bulma,-1.8847485860002242,-13.078855606874235
tailwindlabs/tailwindcss -> twbs/bootstrap,-0.8899701266686311,-4.467760997443166
jgthms/bulma -> twbs/bootstrap,-1.1560469465976668,-6.409312528227814
