,AMS_ij,normalized_AMS_ij
oven-sh/bun -> denoland/deno,-0.1055804952012236,-7.330821209739965
nodejs/node -> denoland/deno,0.8951918365624096,5.393971663235433
denoland/deno -> oven-sh/bun,-1.4912524894751098,-13.907989084000544
nodejs/node -> oven-sh/bun,-2.3534443906466413,-8.37104594260535
denoland/deno -> nodejs/node,-0.7728472382106647,-0.9362529225344575
oven-sh/bun -> nodejs/node,0.25808169480213483,0.5559259747659863
