,AMS_ij,normalized_AMS_ij
google/flax -> pytorch/pytorch,-5.875508370220352,-28.569962988614034
deepmind/dm-haiku -> pytorch/pytorch,-2.115781662313573,-10.246841151861949
pytorch/pytorch -> google/flax,0.1616205371978534,6.122413001764635
deepmind/dm-haiku -> google/flax,0.532435719476971,20.00877512254015
pytorch/pytorch -> deepmind/dm-haiku,0.006091764602137718,1.8927522217826982
google/flax -> deepmind/dm-haiku,-0.08283172938561024,-26.20284951040831
