,AMS_ij,normalized_AMS_ij
atom/atom -> microsoft/vscode,1.6482979144908096,3.2863657876008325
adobe/brackets -> microsoft/vscode,12.21806585415461,28.770753053637076
microsoft/vscode -> atom/atom,1.8527141494830093,3.6376113656210776
adobe/brackets -> atom/atom,-11.574348355017328,-55.654121910738155
microsoft/vscode -> adobe/brackets,0.23559564736372607,1.828710250535669
atom/atom -> adobe/brackets,-0.20936861018743758,-4.001010793382723
