,AMS_ij,normalized_AMS_ij
ruby/ruby -> python/cpython,-3.602060007510439,28.845356530223427
php/php-src -> python/cpython,-2.9140806620168536,-2.5291950465923714
python/cpython -> ruby/ruby,0.056478345441363736,7.337424481132919
php/php-src -> ruby/ruby,-0.7206924427594482,-7.576331615612303
python/cpython -> php/php-src,0.8768914206007077,1.279055577248256
ruby/ruby -> php/php-src,-7.0603245844079945,-27.916518975844877
