,AMS_ij,normalized_AMS_ij
ruby/ruby -> python/cpython,3.367056721891642,-17.76332108388748
php/php-src -> python/cpython,-1.7422862952581555,-5.629832410605988
python/cpython -> ruby/ruby,1.36129903512231,-0.40586004129867964
php/php-src -> ruby/ruby,1.328329149809782,1.5305577884937405
python/cpython -> php/php-src,0.8943835895610572,-2.2894865394934296
ruby/ruby -> php/php-src,-9.312750012687374,-11.8632401800168
