,AMS_ij,normalized_AMS_ij
ruby/ruby -> python/cpython,3.7876548844088873,7.388184704013822
php/php-src -> python/cpython,0.379596095418003,2.213105910354499
python/cpython -> ruby/ruby,0.6359070711939524,1.2114378381880455
php/php-src -> ruby/ruby,0.25059677330806335,2.592300442020213
python/cpython -> php/php-src,-0.9968527232561311,0.09212182929401726
ruby/ruby -> php/php-src,-0.6181706760249126,-1.645297791548713
