,AMS_ij,normalized_AMS_ij
ruby/ruby -> python/cpython,1.6276789147049016,1.9652513899043593
php/php-src -> python/cpython,-3.9403262651423097,-9.848817132537443
python/cpython -> ruby/ruby,1.5530037257103289,5.598214908109073
php/php-src -> ruby/ruby,0.9578519575671857,-0.1060132910307906
python/cpython -> php/php-src,-4.9968548339019225,-12.054393932558547
ruby/ruby -> php/php-src,3.885333551932457,1.8809822648867542
