,AMS_ij,normalized_AMS_ij
ruby/ruby -> python/cpython,0.25526034257507246,1.6653861015288298
php/php-src -> python/cpython,0.13338806668193495,4.165246672874131
python/cpython -> ruby/ruby,-7.758016278551281,-9.426529300511568
php/php-src -> ruby/ruby,-2.3663260277588347,-3.8975908933272034
python/cpython -> php/php-src,6.236696366687335,20.53543421124182
ruby/ruby -> php/php-src,-0.2046051309128314,-1.0305263711818056
