,AMS_ij,normalized_AMS_ij
sinatra/sinatra -> rails/rails,11.276373415285821,15.809782591706467
django/django -> rails/rails,0.3660401300439471,12.367379630634785
rails/rails -> sinatra/sinatra,0.023006434246146883,-0.2800121796372395
django/django -> sinatra/sinatra,0.4348790116699542,7.106642577422568
rails/rails -> django/django,-0.1640028635371568,-2.069518380547098
sinatra/sinatra -> django/django,0.7593813011702634,2.2351635480596337
