,AMS_ij,normalized_AMS_ij
sinatra/sinatra -> rails/rails,-3.8446405234146885,-43.41856678799619
django/django -> rails/rails,-1.3031633250385468,-14.145356276892066
rails/rails -> sinatra/sinatra,0.008460419495624491,0.9111728927161391
django/django -> sinatra/sinatra,-0.0009156867030760407,-0.1426679452868052
rails/rails -> django/django,-0.09251283081742868,-3.668472149958904
sinatra/sinatra -> django/django,-0.37460621620711076,-15.046749088972067
