,AMS_ij,normalized_AMS_ij
pallets/flask -> django/django,0.037211648296166105,0.6865715551180829
rails/rails -> django/django,-1.1781852934416281,-7.554867631271084
django/django -> pallets/flask,-0.14917291965215204,0.8238294465425069
rails/rails -> pallets/flask,0.1324668966974353,0.9713133517949634
django/django -> rails/rails,-8.593386961646326,-19.202890003781054
pallets/flask -> rails/rails,10.391903432058442,6.6169129919007155
