,AMS_ij,normalized_AMS_ij
gcc-mirror/gcc -> golang/go,0.3305519088133791,2.206445014117628
llvm/llvm-project -> golang/go,-0.9161013534938811,-2.7690522912021542
golang/go -> gcc-mirror/gcc,0.034843345575818085,-5.297662635324766
llvm/llvm-project -> gcc-mirror/gcc,0.21655066317102795,-2.132127324137399
golang/go -> llvm/llvm-project,-13.612795537187786,-14.584099628128822
gcc-mirror/gcc -> llvm/llvm-project,-1.939891095039755,-1.6319152373763948
