,AMS_ij,normalized_AMS_ij
gcc-mirror/gcc -> golang/go,2.0397465259292726,8.147517933172505
llvm/llvm-project -> golang/go,-2.067467838813152,-8.151587968257093
golang/go -> gcc-mirror/gcc,2.532097236497423,-0.5788560961085034
llvm/llvm-project -> gcc-mirror/gcc,1.33858759762708,-0.09999001353255041
golang/go -> llvm/llvm-project,-11.980172116118624,-13.133232293352712
gcc-mirror/gcc -> llvm/llvm-project,-0.1698031124201704,1.655021497958218
