,AMS_ij,normalized_AMS_ij
gcc-mirror/gcc -> golang/go,1.2279717849626266,5.317542240840507
llvm/llvm-project -> golang/go,0.2589087594458192,0.24864665884910853
golang/go -> gcc-mirror/gcc,-1.92373440530201,-3.8505558519709973
llvm/llvm-project -> gcc-mirror/gcc,0.429749122879878,0.7044164782550664
golang/go -> llvm/llvm-project,-5.267126082088058,-1.582165890650631
gcc-mirror/gcc -> llvm/llvm-project,-0.6541850567152343,-1.1789861160784088
