,AMS_ij,normalized_AMS_ij
gcc-mirror/gcc -> golang/go,1.4569985813795767,1.8148675512151866
llvm/llvm-project -> golang/go,1.0018687588532338,2.1906044081892517
golang/go -> gcc-mirror/gcc,-5.956356622281284,-2.488811364905539
llvm/llvm-project -> gcc-mirror/gcc,1.8691267368280367,1.5924564258625589
golang/go -> llvm/llvm-project,0.5666112982057516,0.05677768826359917
gcc-mirror/gcc -> llvm/llvm-project,-5.631486415255286,-1.4807493177778794
