,AMS_ij,normalized_AMS_ij
apache/avro -> protocolbuffers/protobuf,2.1864709947841763,-2.545188706269239
apache/thrift -> protocolbuffers/protobuf,-3.090952514887939,-9.50765152379032
protocolbuffers/protobuf -> apache/avro,0.2548374550356687,7.150265713690963
apache/thrift -> apache/avro,0.31247822048964774,5.279099769414108
protocolbuffers/protobuf -> apache/thrift,0.4831811094115071,8.400183017296122
apache/avro -> apache/thrift,-0.6763754171379996,-11.610666819265049
