,AMS_ij,normalized_AMS_ij
apache/avro -> protocolbuffers/protobuf,0.5146521957735084,1.5926095227185477
apache/thrift -> protocolbuffers/protobuf,-1.7821865808691069,-11.483488054132888
protocolbuffers/protobuf -> apache/avro,-0.18077152361016324,-5.789386668374267
apache/thrift -> apache/avro,-0.08434699486707423,-6.6939539072681935
protocolbuffers/protobuf -> apache/thrift,0.49414823661679225,0.6952512551949795
apache/avro -> apache/thrift,-0.899207408517793,-20.96199914354868
