,AMS_ij,normalized_AMS_ij
apache/avro -> protocolbuffers/protobuf,0.16482340790372113,18.06929964650797
apache/thrift -> protocolbuffers/protobuf,-2.5209447374321035,2.8130373010950205
protocolbuffers/protobuf -> apache/avro,-0.19080698611359664,2.7967133977269376
apache/thrift -> apache/avro,-0.1992828722837825,-2.2254811033135384
protocolbuffers/protobuf -> apache/thrift,0.017383203819279554,3.786198853770195
apache/avro -> apache/thrift,-1.7222062462230263,-33.579559243879174
