,AMS_ij,normalized_AMS_ij
apache/groovy -> jetbrains/kotlin,2.026585651155636,-1.4401921619474112
scala/scala -> jetbrains/kotlin,-4.462205555067026,-5.584856743511832
jetbrains/kotlin -> apache/groovy,-0.20118016565215602,-2.6308050901903917
scala/scala -> apache/groovy,-0.24104062982353683,-3.8921604545604818
jetbrains/kotlin -> scala/scala,-1.8132816377820753,-4.978080201876313
apache/groovy -> scala/scala,-0.2159451760837972,-8.033411498044872
