,AMS_ij,normalized_AMS_ij
apache/groovy -> jetbrains/kotlin,-2.797373850780808,1.0995275384836287
scala/scala -> jetbrains/kotlin,3.4874948358435467,4.3076468305588005
jetbrains/kotlin -> apache/groovy,-0.1587982440223395,-3.8187345886823043
scala/scala -> apache/groovy,0.6520650642769622,19.945545918193783
jetbrains/kotlin -> scala/scala,0.0030106645169548033,-0.6776089075385691
apache/groovy -> scala/scala,-0.07689251270059436,0.5813860878871416
