,AMS_ij,normalized_AMS_ij
apache/commons-io -> google/guava,0.06429030299684045,13.704264999720174
apache/commons-lang -> google/guava,-0.19083240224304382,4.970263729644156
google/guava -> apache/commons-io,0.28646627896875476,15.215236702067184
apache/commons-lang -> apache/commons-io,-0.5260916736855539,-2.720779883189617
google/guava -> apache/commons-lang,-0.20744851948398768,0.6549036445575308
apache/commons-io -> apache/commons-lang,-0.8812096673058858,-5.518136464440595
