,AMS_ij,normalized_AMS_ij
python/cpython -> JuliaLang/julia,0.22153962973527075,-2.9002881362123
rust-lang/rust -> JuliaLang/julia,0.3097935863190372,3.069966162535672
JuliaLang/julia -> python/cpython,-1.741811488503433,-7.690355041574312
rust-lang/rust -> python/cpython,-0.5210838385358102,1.3870047755254296
JuliaLang/julia -> rust-lang/rust,-1.601714784666144,0.6385405770593875
python/cpython -> rust-lang/rust,7.601462528398022,10.524988148819755
