,AMS_ij,normalized_AMS_ij
python/cpython -> JuliaLang/julia,-0.015345842354296924,2.7126332269798956
rust-lang/rust -> JuliaLang/julia,-0.16399161222815045,-1.0668246473084235
JuliaLang/julia -> python/cpython,-0.44611498347266876,-5.6050934687606935
rust-lang/rust -> python/cpython,0.2407760588000002,2.51200339542414
JuliaLang/julia -> rust-lang/rust,-3.207523898969819,-2.872344925828634
python/cpython -> rust-lang/rust,2.6298412463939957,2.8382562974531136
