,AMS_ij,normalized_AMS_ij
python/cpython -> JuliaLang/julia,0.2822889353586431,3.47194618578833
rust-lang/rust -> JuliaLang/julia,0.14562275768513425,1.8283325682911953
JuliaLang/julia -> python/cpython,-1.3044767743884562,-11.30949300480666
rust-lang/rust -> python/cpython,-0.004197938891092941,-0.1657758572911968
JuliaLang/julia -> rust-lang/rust,-4.3785754861499155,-13.080078483954166
python/cpython -> rust-lang/rust,-0.7069981899429651,-4.484861439928033
