,AMS_ij,normalized_AMS_ij
godotengine/godot -> 4ian/GDevelop,-0.08993599216779981,-0.22774296179450637
MonoGame/MonoGame -> 4ian/GDevelop,0.12797870118225507,1.5879780080174801
4ian/GDevelop -> godotengine/godot,-2.7578071412255456,-3.039215667761746
MonoGame/MonoGame -> godotengine/godot,2.8384641776792896,4.027575872332179
4ian/GDevelop -> MonoGame/MonoGame,0.29462579817457646,-1.2941953681471183
godotengine/godot -> MonoGame/MonoGame,-0.114273723105557,-0.8194389667324995
