,AMS_ij,normalized_AMS_ij
godotengine/godot -> 4ian/GDevelop,-0.05812946450087354,8.089920200354067
MonoGame/MonoGame -> 4ian/GDevelop,-0.11172542339143435,-3.4927158246068553
4ian/GDevelop -> godotengine/godot,-1.4825367632844653,-1.8897965385691302
MonoGame/MonoGame -> godotengine/godot,0.5730166901446501,10.92009276367879
4ian/GDevelop -> MonoGame/MonoGame,1.1070897368490162,11.956225510421085
godotengine/godot -> MonoGame/MonoGame,-0.9806016515684156,11.839749324713827
