,AMS_ij,normalized_AMS_ij
godotengine/godot -> 4ian/GDevelop,-0.16222042212607718,-3.3483670248845647
MonoGame/MonoGame -> 4ian/GDevelop,-0.5606968261731587,-0.594364552693014
4ian/GDevelop -> godotengine/godot,-4.045084337339196,-1.5120352777466655
MonoGame/MonoGame -> godotengine/godot,-11.722917819757871,-14.956475255562271
4ian/GDevelop -> MonoGame/MonoGame,0.22630996256498237,1.0428581334621558
godotengine/godot -> MonoGame/MonoGame,0.05223574781607129,1.6068354843681636
