,AMS_ij,normalized_AMS_ij
tryghost/ghost -> getgrav/grav,-0.10943965445730551,-3.2376347033783315
WordPress/WordPress -> getgrav/grav,-0.3003948208946151,-4.485165887285949
getgrav/grav -> tryghost/ghost,-2.373792940738413,-9.832370332616044
WordPress/WordPress -> tryghost/ghost,0.2778519225607554,-0.39841764513533817
getgrav/grav -> WordPress/WordPress,-0.9647361692160924,-11.34876005295034
tryghost/ghost -> WordPress/WordPress,-0.6898663962112636,-4.215278825371838
