,AMS_ij,normalized_AMS_ij
chartjs/chart.js -> d3/d3,0.19780650689075954,10.697279369749827
highcharts/highcharts -> d3/d3,-0.002288472966619536,0.1382669920269322
d3/d3 -> chartjs/chart.js,-2.0213046314983223,18.36347704747963
highcharts/highcharts -> chartjs/chart.js,-0.058445599730643644,1.8281722312322353
d3/d3 -> highcharts/highcharts,-11.477927330782057,-42.149382725538274
chartjs/chart.js -> highcharts/highcharts,5.902178387437348,31.02230474337089
