,AMS_ij,normalized_AMS_ij
chartjs/chart.js -> d3/d3,0.2081582095106997,5.566692254329632
highcharts/highcharts -> d3/d3,-0.03821869508203489,-1.0310463427198877
d3/d3 -> chartjs/chart.js,1.0298924690612499,8.07350337381525
highcharts/highcharts -> chartjs/chart.js,0.14776835816658157,1.921651054334207
d3/d3 -> highcharts/highcharts,6.343654036865756,15.540466668962416
chartjs/chart.js -> highcharts/highcharts,-2.585946709703646,-23.378296626684087
