,AMS_ij,normalized_AMS_ij
netdata/netdata -> cacti/cacti,-1.540110268155526,-27.36767932309774
grafana/grafana -> cacti/cacti,-0.6862901522448877,-6.401499040934724
cacti/cacti -> netdata/netdata,-0.2828641481849369,-23.845072768109652
grafana/grafana -> netdata/netdata,-0.20998031863975905,-6.650491432514824
cacti/cacti -> grafana/grafana,-8.059668070268854,-13.518861049356246
netdata/netdata -> grafana/grafana,-0.321265828390327,-4.6794091043680925
