,AMS_ij,normalized_AMS_ij
ansible/ansible -> cfengine/core,-0.5517969727877503,-2.1051157904495277
saltstack/salt -> cfengine/core,-0.18275077933012635,0.43564077554969505
cfengine/core -> ansible/ansible,-2.9583837945947384,-7.4226714820045965
saltstack/salt -> ansible/ansible,-0.013557014060023659,0.05305155913918684
cfengine/core -> saltstack/salt,-0.2699363254796283,2.2981638013955576
ansible/ansible -> saltstack/salt,-0.05432315239590764,-0.02392309315100008
