,AMS_ij,normalized_AMS_ij
home-assistant/core -> ioBroker/ioBroker,0.07309595506465211,0.08406885922323704
node-red/node-red -> ioBroker/ioBroker,-0.17172733541217172,-5.419439115405169
ioBroker/ioBroker -> home-assistant/core,3.30936443784484,-6.275152915026824
node-red/node-red -> home-assistant/core,0.9803910809523206,0.32974652499881557
ioBroker/ioBroker -> node-red/node-red,-4.274378757830276,-30.870452130295657
home-assistant/core -> node-red/node-red,0.5642368413681687,2.849973028702837
