,AMS_ij,normalized_AMS_ij
gogs/gogs -> gitbucket/gitbucket,-2.1435528356923164,-13.475071192904656
gitlabhq/gitlabhq -> gitbucket/gitbucket,-0.2690561707494342,-4.2220925632427075
gitbucket/gitbucket -> gogs/gogs,0.12556043708050077,5.9119011972926465
gitlabhq/gitlabhq -> gogs/gogs,-0.10012986089237885,-2.67899718644213
gitbucket/gitbucket -> gitlabhq/gitlabhq,-13.301580645239026,-10.56561955963624
gogs/gogs -> gitlabhq/gitlabhq,6.974376662682582,8.042626884415359
