,AMS_ij,normalized_AMS_ij
gogs/gogs -> gitbucket/gitbucket,0.11335686699966353,7.483692034671605
gitlabhq/gitlabhq -> gitbucket/gitbucket,-0.0916822094067843,-10.016674991864575
gitbucket/gitbucket -> gogs/gogs,-0.11067731903873378,-1.4668179609203957
gitlabhq/gitlabhq -> gogs/gogs,0.06786495605180763,13.570940276077295
gitbucket/gitbucket -> gitlabhq/gitlabhq,-0.3288418314765361,-3.4192288700485243
gogs/gogs -> gitlabhq/gitlabhq,-0.3380104870950634,-6.159421482868106
