,AMS_ij,normalized_AMS_ij
cypress-io/cypress -> DevExpress/testcafe,-0.04984855580944926,-0.42456323418367475
seleniumhq/selenium -> DevExpress/testcafe,-0.1263794456176104,-1.3349448890537927
DevExpress/testcafe -> cypress-io/cypress,0.6009786316661736,-1.4509815933786674
seleniumhq/selenium -> cypress-io/cypress,0.6004915770857905,1.439940017998427
DevExpress/testcafe -> seleniumhq/selenium,-1.3089982849259811,-3.9169891090328104
cypress-io/cypress -> seleniumhq/selenium,-0.24676569221548472,0.36444656875525633
