,AMS_ij,normalized_AMS_ij
gorhill/ublock -> adblockplus/adblockplus,-0.3083871104174199,-2.037320952878884
brave/brave-browser -> adblockplus/adblockplus,-0.2150596000504035,-3.1035440561843113
adblockplus/adblockplus -> gorhill/ublock,-0.7834932498921136,0.3086724665642202
brave/brave-browser -> gorhill/ublock,-0.7022190189615583,-25.993821408986626
adblockplus/adblockplus -> brave/brave-browser,-1.5806379676541047,-28.28584729700917
gorhill/ublock -> brave/brave-browser,0.8135615990476197,11.648578334400975
