,AMS_ij,normalized_AMS_ij
gorhill/ublock -> adblockplus/adblockplus,0.15405739455902123,2.2592125952984854
brave/brave-browser -> adblockplus/adblockplus,0.24945198117754097,3.5981689956383964
adblockplus/adblockplus -> gorhill/ublock,-0.792075497509479,-9.567759337493706
brave/brave-browser -> gorhill/ublock,0.13166293784381833,8.33108339118527
adblockplus/adblockplus -> brave/brave-browser,0.20389446159024197,4.237418282995035
gorhill/ublock -> brave/brave-browser,0.0986201358520366,2.1427279273613182
