,AMS_ij,normalized_AMS_ij
avelino/awesome-go -> vinta/awesome-python,-0.41993451584483077,-10.502548077672937
fffaraz/awesome-cpp -> vinta/awesome-python,-0.6677665673432267,-10.767693769576919
vinta/awesome-python -> avelino/awesome-go,0.7831676898059716,-2.5002436259841714
fffaraz/awesome-cpp -> avelino/awesome-go,0.16327376844263775,1.0932576191503895
vinta/awesome-python -> fffaraz/awesome-cpp,-2.846494766179036,-30.102229624127297
avelino/awesome-go -> fffaraz/awesome-cpp,0.22138233341243596,0.7422830910482234
