,AMS_ij,normalized_AMS_ij
avelino/awesome-go -> vinta/awesome-python,0.004277602172233998,-0.8635672026422279
fffaraz/awesome-cpp -> vinta/awesome-python,-0.08153681368203312,0.1456292593220993
vinta/awesome-python -> avelino/awesome-go,-5.665977542794749,-13.370654113056258
fffaraz/awesome-cpp -> avelino/awesome-go,-2.0543029951473413,-24.5062566189441
vinta/awesome-python -> fffaraz/awesome-cpp,-0.519960748399278,-16.661667340081348
avelino/awesome-go -> fffaraz/awesome-cpp,0.057238628175893945,2.5226471398413075
