,AMS_ij,normalized_AMS_ij
avelino/awesome-go -> vinta/awesome-python,-0.1756696824572012,-1.933574507722803
fffaraz/awesome-cpp -> vinta/awesome-python,0.36229407668481356,1.8598222917786944
vinta/awesome-python -> avelino/awesome-go,0.1453405244854955,3.6203241600784586
fffaraz/awesome-cpp -> avelino/awesome-go,-1.0222176634023086,-5.222078867673871
vinta/awesome-python -> fffaraz/awesome-cpp,-0.16276260734595369,-9.17416568433222
avelino/awesome-go -> fffaraz/awesome-cpp,-0.13146200831006533,0.140836651346996
