,AMS_ij,normalized_AMS_ij
ocornut/imgui -> Immediate-Mode-UI/Nuklear,-0.0044079597103982016,-0.22530055170983448
lvgl/lvgl -> Immediate-Mode-UI/Nuklear,0.07090476313669701,3.163665066384855
Immediate-Mode-UI/Nuklear -> ocornut/imgui,1.9759081584170284,11.842722156460866
lvgl/lvgl -> ocornut/imgui,-0.4680365084671594,-4.152819178560414
Immediate-Mode-UI/Nuklear -> lvgl/lvgl,1.3928325617675599,23.363556345443065
ocornut/imgui -> lvgl/lvgl,0.70649804974997,4.799485949607414
