,AMS_ij,normalized_AMS_ij
minio/minio -> seaweedfs/seaweedfs,0.22310211818382128,7.402383780529726
ceph/ceph -> seaweedfs/seaweedfs,-0.1311673261406528,-2.1261572060497933
seaweedfs/seaweedfs -> minio/minio,-0.3322974079928273,-13.119847216113879
ceph/ceph -> minio/minio,-0.02056302684699757,-0.961955772680477
seaweedfs/seaweedfs -> ceph/ceph,-3.5226238112770534,-17.11328443805553
minio/minio -> ceph/ceph,-3.2866882211040775,-7.637443928240992
