,AMS_ij,normalized_AMS_ij
gohugoio/hugo -> hexojs/hexo,-0.0190632446310966,-5.375556908961977
sphinx-doc/sphinx -> hexojs/hexo,0.00339913984332044,2.3423676372811943
hexojs/hexo -> gohugoio/hugo,0.10630390933595138,12.130615304868254
sphinx-doc/sphinx -> gohugoio/hugo,0.18426089544293522,4.415342258164176
hexojs/hexo -> sphinx-doc/sphinx,-2.5949654145380268,-37.00177382617183
gohugoio/hugo -> sphinx-doc/sphinx,-0.6405989424466705,-11.935739615663831
