,AMS_ij,normalized_AMS_ij
ant-design/ant-design -> mui/material-ui,0.7251780616577583,3.5133852244625237
twbs/bootstrap -> mui/material-ui,0.9137213351594125,6.641233959396535
mui/material-ui -> ant-design/ant-design,-4.107880815997468,-8.851547558599995
twbs/bootstrap -> ant-design/ant-design,0.33592291733168933,-0.8201925474373416
mui/material-ui -> twbs/bootstrap,-1.965108961897779,-1.7339684526735504
ant-design/ant-design -> twbs/bootstrap,-0.7696546465565383,-3.042894197149177
