,AMS_ij,normalized_AMS_ij
ant-design/ant-design -> mui/material-ui,0.38742717152771333,2.463385275565437
twbs/bootstrap -> mui/material-ui,-1.1756941760430042,-6.671725197694549
mui/material-ui -> ant-design/ant-design,-1.986568125867737,-12.896215703299427
twbs/bootstrap -> ant-design/ant-design,-0.2592189325658251,-1.1403121772053246
mui/material-ui -> twbs/bootstrap,-1.6087794787022622,-12.344850312744704
ant-design/ant-design -> twbs/bootstrap,-1.0243979727808614,-7.78774247198768
