,AMS_ij,normalized_AMS_ij
mui/material-ui -> twbs/bootstrap,-1.600702882998681,-0.764819821298691
ant-design/ant-design -> twbs/bootstrap,-0.5845127504063379,-2.507499986971626
twbs/bootstrap -> mui/material-ui,0.7270100813236283,5.524254612538336
ant-design/ant-design -> mui/material-ui,0.6930634691896214,3.2816735332650357
twbs/bootstrap -> ant-design/ant-design,0.03591572831850316,-1.6275612761289933
mui/material-ui -> ant-design/ant-design,-4.121440657000049,-8.763989437746336
