,AMS_ij,normalized_AMS_ij
traefik/traefik -> kong/kong,0.30091930940935124,5.101363142078326
haproxy/haproxy -> kong/kong,0.1180255182875874,0.8937455596880237
kong/kong -> traefik/traefik,0.18591356226440053,1.980954960376819
haproxy/haproxy -> traefik/traefik,0.09720678117924449,1.2325555783299633
kong/kong -> haproxy/haproxy,-0.7521647834688273,0.19848424564158787
traefik/traefik -> haproxy/haproxy,1.046191716940989,1.4747346650304205
