,AMS_ij,normalized_AMS_ij
strapi/strapi -> decaporg/decap-cms,0.036395687493761,1.3237659576159113
TryGhost/Ghost -> decaporg/decap-cms,0.09248345478986601,2.1890097319376913
decaporg/decap-cms -> strapi/strapi,24.058855732488233,48.44370971596899
TryGhost/Ghost -> strapi/strapi,-1.811325162237136,-2.6297364993811816
decaporg/decap-cms -> TryGhost/Ghost,0.29001906117434517,0.07461588574656355
strapi/strapi -> TryGhost/Ghost,-0.8536828142033636,-1.6504038213967405
