,AMS_ij,normalized_AMS_ij
strapi/strapi -> decaporg/decap-cms,-0.8330232769442891,-0.4888480636630881
TryGhost/Ghost -> decaporg/decap-cms,0.038280397436702564,0.1638026557243106
decaporg/decap-cms -> strapi/strapi,0.5151723552598664,3.0622414810953034
TryGhost/Ghost -> strapi/strapi,-0.2134993451282372,-5.817733088415196
decaporg/decap-cms -> TryGhost/Ghost,-0.01755608336380246,2.164288759718644
strapi/strapi -> TryGhost/Ghost,1.3844370869133884,-1.2600452509799696
