,AMS_ij,normalized_AMS_ij
mastodon/mastodon -> diaspora/diaspora,0.5175586857633703,3.7357120389431704
friendica/friendica -> diaspora/diaspora,0.15216595045272724,0.6722982939342246
diaspora/diaspora -> mastodon/mastodon,0.21999865575357463,1.8857011874182787
friendica/friendica -> mastodon/mastodon,0.08478774999904824,-0.14294039435681843
diaspora/diaspora -> friendica/friendica,0.33155261434527683,2.6714831874342546
mastodon/mastodon -> friendica/friendica,-1.290119509957783,2.9616358096701036
