,AMS_ij,normalized_AMS_ij
reduxjs/redux -> mobxjs/mobx,-0.0016587436293648006,6.32975360959755
reduxjs/redux-toolkit -> mobxjs/mobx,0.5137253920600869,7.2221661164735105
mobxjs/mobx -> reduxjs/redux,-0.33007760969740696,-4.971635981945939
reduxjs/redux-toolkit -> reduxjs/redux,0.03706307181114967,-0.2263374171362947
mobxjs/mobx -> reduxjs/redux-toolkit,0.5206832325228248,11.518217847609819
reduxjs/redux -> reduxjs/redux-toolkit,-2.3551214963693923,-31.540910904609916
