,AMS_ij,normalized_AMS_ij
gatsbyjs/gatsby -> gohugoio/hugo,0.4862785814660622,8.596961331560173
vercel/next.js -> gohugoio/hugo,-0.1202617323793389,0.2710157721923856
gohugoio/hugo -> gatsbyjs/gatsby,-1.6248894680406467,-7.454260329656409
vercel/next.js -> gatsbyjs/gatsby,0.7305635435158978,14.31910304612099
gohugoio/hugo -> vercel/next.js,3.858216821511475,23.485242427084778
gatsbyjs/gatsby -> vercel/next.js,7.442500258174444,48.19063197522869
