,AMS_ij,normalized_AMS_ij
sveltejs/svelte -> facebook/react,0.14756902282438758,-4.79599164863822
angular/angular -> facebook/react,0.07942556089442779,1.1272618287098792
facebook/react -> sveltejs/svelte,-0.5904716539501558,-14.182659450452872
angular/angular -> sveltejs/svelte,0.09693363768824348,1.338557225960844
facebook/react -> angular/angular,-3.411824312523847,-7.765909175816682
sveltejs/svelte -> angular/angular,1.7773966713069091,4.538432579381768
