,AMS_ij,normalized_AMS_ij
sveltejs/svelte -> facebook/react,-0.5579047105718704,-5.9735432658194325
angular/angular -> facebook/react,-0.1423569042597681,-2.451313594959715
facebook/react -> sveltejs/svelte,-2.2163998820565114,-22.994896353808247
angular/angular -> sveltejs/svelte,-0.636381531504869,-2.0784063973612197
facebook/react -> angular/angular,-0.6894473296149156,-4.30999279900869
sveltejs/svelte -> angular/angular,-0.5156529052317339,-1.3116502850789598
