,AMS_ij,normalized_AMS_ij
commaai/openpilot -> carla-simulator/carla,-0.2133538175718766,1.9708278646331325
apolloauto/apollo -> carla-simulator/carla,0.13295079199221843,-0.09856098052952551
carla-simulator/carla -> commaai/openpilot,-0.17134868913961007,0.20052617057837274
apolloauto/apollo -> commaai/openpilot,0.05328980328285225,0.436967072378516
carla-simulator/carla -> apolloauto/apollo,0.5567760058920518,0.08201908803001366
commaai/openpilot -> apolloauto/apollo,5.996527831116266,8.176101171210501
