,AMS_ij,normalized_AMS_ij
eugeny/tabby -> alacritty/alacritty,0.5467942163436053,1.0187674710145782
gnome-terminator/terminator -> alacritty/alacritty,-1.660134026611808,3.0454659190930635
alacritty/alacritty -> eugeny/tabby,0.3184684558391718,2.737063364902824
gnome-terminator/terminator -> eugeny/tabby,3.4379724006046333,6.812454579521596
alacritty/alacritty -> gnome-terminator/terminator,-0.05584748258587472,0.9382059682501722
eugeny/tabby -> gnome-terminator/terminator,0.17091360309311387,-0.3830109734674705
