,AMS_ij,normalized_AMS_ij
microsoft/terminal -> alacritty/alacritty,-0.024606480719554593,0.7902190638966546
mintty/mintty -> alacritty/alacritty,0.4543385748440024,11.614609419185754
alacritty/alacritty -> microsoft/terminal,-0.3684188594370077,5.209616527583055
mintty/mintty -> microsoft/terminal,-0.22522407021731494,9.556108117624312
alacritty/alacritty -> mintty/mintty,0.01994510039720672,22.660860032792062
microsoft/terminal -> mintty/mintty,0.0008237037789495033,1.3357875085810607
