,AMS_ij,normalized_AMS_ij
microsoft/terminal -> alacritty/alacritty,0.4664911702324027,8.08012869674701
mintty/mintty -> alacritty/alacritty,-0.4429489976582396,-8.523907405316947
alacritty/alacritty -> microsoft/terminal,0.06365005349390314,3.5604831880481838
mintty/mintty -> microsoft/terminal,0.6379771647776544,19.891552082057018
alacritty/alacritty -> mintty/mintty,0.08861893682881386,1.8088316134896334
microsoft/terminal -> mintty/mintty,-0.5047634486607,-6.438731689948282
