,AMS_ij,normalized_AMS_ij
nestjs/nest -> koajs/koa,0.01221451315312028,0.5326484676760269
fastify/fastify -> koajs/koa,-0.005196576444594398,0.6870926304168761
koajs/koa -> nestjs/nest,-1.7996192211164381,-13.052347911037563
fastify/fastify -> nestjs/nest,0.4126392497704652,3.0241267738053494
koajs/koa -> fastify/fastify,-0.02750311849228058,1.8214081396100903
nestjs/nest -> fastify/fastify,0.03111734743290217,0.1225502164324395
