,AMS_ij,normalized_AMS_ij
nestjs/nest -> koajs/koa,0.10331950118568481,4.537770615984177
fastify/fastify -> koajs/koa,-0.05488537973976562,-5.066986012888519
koajs/koa -> nestjs/nest,3.2999070290207078,18.937451263786574
fastify/fastify -> nestjs/nest,2.887171506978124,21.37382753255716
koajs/koa -> fastify/fastify,1.5170943199544014,11.2250817622004
nestjs/nest -> fastify/fastify,1.3157339893941407,12.721188435484764
