,AMS_ij,normalized_AMS_ij
jesseduffield/lazygit -> dandavison/delta,0.6590238914798077,3.9777134531716607
jonas/tig -> dandavison/delta,-2.422781117588985,-27.454035555019864
dandavison/delta -> jesseduffield/lazygit,1.4835588699242739,7.1867021473677575
jonas/tig -> jesseduffield/lazygit,2.2677590526161335,13.992045553280219
dandavison/delta -> jonas/tig,0.0852744333013654,2.6028312684607275
jesseduffield/lazygit -> jonas/tig,-0.04063803929437643,0.4626469669945857
