,AMS_ij,normalized_AMS_ij
tailwindlabs/tailwindcss -> jgthms/bulma,-0.250674097585208,-2.764817961180522
twbs/bootstrap -> jgthms/bulma,-1.0717577381450856,-7.298708153588438
jgthms/bulma -> tailwindlabs/tailwindcss,0.2804555834724248,0.12370425576142124
twbs/bootstrap -> tailwindlabs/tailwindcss,-5.9663034803982775,-12.45098558973034
jgthms/bulma -> twbs/bootstrap,-0.6735725247522444,-3.9205845722117294
tailwindlabs/tailwindcss -> twbs/bootstrap,-0.5408328883552371,-2.7514233884709536
