,AMS_ij,normalized_AMS_ij
denoland/deno -> oven-sh/bun,0.5610143770172817,0.41386968978186084
nodejs/node -> oven-sh/bun,-0.9169527126441606,-3.769824876639607
oven-sh/bun -> denoland/deno,0.17803715800598824,0.4595812508290544
nodejs/node -> denoland/deno,0.5219772160301509,2.629317962463767
oven-sh/bun -> nodejs/node,0.12582519233239098,-0.2743098007577924
denoland/deno -> nodejs/node,-0.30095942548695714,-2.6848443527392267
