,AMS_ij,normalized_AMS_ij
nuxt/nuxt -> remix-run/remix,-1.2937541826481216,-8.602730983129502
vercel/next.js -> remix-run/remix,-0.371947554679443,-1.240710343854069
remix-run/remix -> nuxt/nuxt,0.3527235076843777,0.34111717046241846
vercel/next.js -> nuxt/nuxt,-0.5474369798788348,-8.563049049836396
remix-run/remix -> vercel/next.js,1.7184585921387698,1.3246630594912083
nuxt/nuxt -> vercel/next.js,-6.017516202878781,-28.224095941755294
