,AMS_ij,normalized_AMS_ij
denoland/fresh -> vercel/next.js,-5.089400915851346,-43.211179036716004
alephjs/aleph.js -> vercel/next.js,1.9252454520978586,9.878582632872481
vercel/next.js -> denoland/fresh,-0.03967592394591337,-1.7831576806728033
alephjs/aleph.js -> denoland/fresh,-0.24581294267683654,-4.580415892838106
vercel/next.js -> alephjs/aleph.js,-0.17386506694169046,3.8858641257890207
denoland/fresh -> alephjs/aleph.js,-5.300469784911598,-60.99524231257648
