,AMS_ij,normalized_AMS_ij
parcel-bundler/parcel -> evanw/esbuild,1.1304549971717113,8.427554555389424
snowpackjs/snowpack -> evanw/esbuild,-0.012347807046893198,0.08125965086369044
evanw/esbuild -> parcel-bundler/parcel,-0.012974268961176812,-0.318142244826723
snowpackjs/snowpack -> parcel-bundler/parcel,0.022299692339591677,0.8918663588058089
evanw/esbuild -> snowpackjs/snowpack,0.08496025688970212,0.38611176931000457
parcel-bundler/parcel -> snowpackjs/snowpack,2.7194510093468507,7.710901920093518
