,AMS_ij,normalized_AMS_ij
lib/pq -> coreos/bbolt,0.48303815859868193,14.96792038866491
go-mgo/mgo -> coreos/bbolt,1.5506946655711218,25.802520877020207
coreos/bbolt -> lib/pq,0.019312585332950608,-1.4223501016874094
go-mgo/mgo -> lib/pq,-0.7847293298975077,-22.492975304230434
coreos/bbolt -> go-mgo/mgo,0.63210618266157,11.574299739215412
lib/pq -> go-mgo/mgo,-0.3448465895375564,-16.437678413957986
