,AMS_ij,normalized_AMS_ij
python/cpython -> ruby/ruby,0.0392244273691202,3.8568588855916195
php/php-src -> ruby/ruby,-0.34931948085753395,-3.7237653584727455
ruby/ruby -> python/cpython,-5.740069464262888,9.788615517946639
php/php-src -> python/cpython,-1.368376096893844,-1.354691885671137
ruby/ruby -> php/php-src,-3.2879900438792937,-14.588391202486955
python/cpython -> php/php-src,0.42180327957599034,0.6599554597506768
