,AMS_ij,normalized_AMS_ij
python/cpython -> ruby/ruby,0.481745877355796,-0.51010478368452
php/php-src -> ruby/ruby,0.4916947733171225,0.965814694304064
ruby/ruby -> python/cpython,3.521489227284764,-4.2343261214730905
php/php-src -> python/cpython,-0.48723110327645847,-2.3996590673621454
ruby/ruby -> php/php-src,-3.686956374330638,-4.0485132040916305
python/cpython -> php/php-src,0.23700833460320575,-0.644010035772917
