,AMS_ij,normalized_AMS_ij
python/cpython -> ruby/ruby,0.5152925441153922,0.34281999162921845
php/php-src -> ruby/ruby,-1.2075223077559247,-1.9042310104647673
ruby/ruby -> python/cpython,1.6323940577296114,3.9422393495613224
php/php-src -> python/cpython,1.5475856259729857,4.744209750129163
ruby/ruby -> php/php-src,-2.4719485402631074,-9.231524113952437
python/cpython -> php/php-src,1.311758598443953,1.5143251181805013
