,AMS_ij,normalized_AMS_ij
python/cpython -> ruby/ruby,0.3243917140117435,0.656759345748348
php/php-src -> ruby/ruby,0.17126286690397347,1.3233474665262919
ruby/ruby -> python/cpython,2.2584697952160475,4.843477409968876
php/php-src -> python/cpython,0.2962876324217437,1.5939927731674672
ruby/ruby -> php/php-src,-0.5482418578024915,-0.9672124337027015
python/cpython -> php/php-src,-0.4959715106909506,0.24259551915921632
