,AMS_ij,normalized_AMS_ij
python/cpython -> ruby/ruby,0.7768721914473808,2.8646888486223667
php/php-src -> ruby/ruby,0.44073810254260326,-0.04313018683530656
ruby/ruby -> python/cpython,0.8959816758446253,0.832093719810358
php/php-src -> python/cpython,-1.8947957021503459,-4.844954709911464
ruby/ruby -> php/php-src,1.741198997752448,0.9237627166755734
python/cpython -> php/php-src,-2.4082035159605795,-5.876594443839155
