,AMS_ij,normalized_AMS_ij
python/cpython -> ruby/ruby,-2.7418842654251434,-0.5875682545697453
php/php-src -> ruby/ruby,-0.6320544344596204,-1.6258616385575637
ruby/ruby -> python/cpython,0.05543950245131267,0.864522041743946
php/php-src -> python/cpython,-0.11260259776301143,-0.3374596701721413
ruby/ruby -> php/php-src,0.009160194291669553,-0.5644324555184896
python/cpython -> php/php-src,1.7474090460924252,10.35494477990609
