,AMS_ij,normalized_AMS_ij
django/django -> pallets/flask,0.8987040838018362,4.292106340542987
rails/rails -> pallets/flask,0.12804550729583178,0.32700254061063927
pallets/flask -> django/django,3.0341739319147445,7.044686415616909
rails/rails -> django/django,-0.19283570037787945,0.9581557653874192
pallets/flask -> rails/rails,3.2163992378470057,6.920457730407222
django/django -> rails/rails,2.115056959542258,3.6946747936699205
