,AMS_ij,normalized_AMS_ij
django/django -> pallets/flask,-0.034395577290073934,1.0565823236031304
rails/rails -> pallets/flask,0.052269714506245915,0.7118662295208009
pallets/flask -> django/django,-0.10186301068321667,-1.8875128047909855
rails/rails -> django/django,-0.5200013171726157,-3.8242380260000224
pallets/flask -> rails/rails,5.494454423126699,2.1368713198241416
django/django -> rails/rails,-5.055056511975195,-10.325835171636863
