,AMS_ij,normalized_AMS_ij
django/django -> pallets/flask,0.6304399760448003,4.71170529538963
rails/rails -> pallets/flask,0.21963516019980844,0.14234678274464715
pallets/flask -> django/django,-0.42404930416060466,-0.8685866803623223
rails/rails -> django/django,-0.021252356985994023,-0.6783505521759939
pallets/flask -> rails/rails,2.228202242485417,7.919535796609975
django/django -> rails/rails,-1.8259250960268965,-3.8268237328418344
