,AMS_ij,normalized_AMS_ij
golang/go -> gcc-mirror/gcc,1.8308778615687498,-0.383479543300672
llvm/llvm-project -> gcc-mirror/gcc,0.15923220194843848,-1.084343824159744
gcc-mirror/gcc -> golang/go,-0.32144489627155026,-1.2733707010330435
llvm/llvm-project -> golang/go,-0.5253047056194341,-1.761221903879758
gcc-mirror/gcc -> llvm/llvm-project,-1.4856325178359184,-1.4889239507596552
golang/go -> llvm/llvm-project,-8.11743297669021,-9.011711819470431
