,AMS_ij,normalized_AMS_ij
golang/go -> gcc-mirror/gcc,-0.9313823200069518,-1.5405490215324975
llvm/llvm-project -> gcc-mirror/gcc,0.280688978473625,0.3290915531053617
gcc-mirror/gcc -> golang/go,0.6962641315008478,2.0911089193266874
llvm/llvm-project -> golang/go,0.19506613473516943,0.2332786931125488
gcc-mirror/gcc -> llvm/llvm-project,-0.5947752272252613,-0.7009589915425355
golang/go -> llvm/llvm-project,-3.4803529155275856,-0.9502785585459392
