,AMS_ij,normalized_AMS_ij
scrapy/scrapy -> microlinkhq/metascraper,0.3655928805927934,3.0296011620365904
seleniumhq/selenium -> microlinkhq/metascraper,0.07555512922736404,0.22760658171666898
microlinkhq/metascraper -> scrapy/scrapy,-0.6225669700147994,-8.758464443069476
seleniumhq/selenium -> scrapy/scrapy,0.10396442678925416,1.182729921067803
microlinkhq/metascraper -> seleniumhq/selenium,1.8475604598606394,6.828481353425937
scrapy/scrapy -> seleniumhq/selenium,0.9907309650973826,7.088485659203816
