,AMS_ij,normalized_AMS_ij
google/guava -> apache/commons-io,-0.06969843239824441,-2.0147674906813884
apache/commons-lang -> apache/commons-io,-0.0912731591145044,-2.2999011424947637
apache/commons-io -> google/guava,-0.16715818718873132,2.5849247595257308
apache/commons-lang -> google/guava,-0.09236574516120558,-0.8515939337494088
apache/commons-io -> apache/commons-lang,1.5747769789017205,-0.17487944058929356
google/guava -> apache/commons-lang,0.31093868208439956,3.0702077769879965
