,AMS_ij,normalized_AMS_ij
google/guava -> apache/commons-io,-0.3793058194509571,-10.669498039169445
apache/commons-lang -> apache/commons-io,-0.4025715006697118,-4.9877527383084
apache/commons-io -> google/guava,-0.17431283936292608,-4.154543982250311
apache/commons-lang -> google/guava,0.1020075558084029,1.8358600240887015
apache/commons-io -> apache/commons-lang,0.5351869822940165,3.3743880601467864
google/guava -> apache/commons-lang,0.08838484190980847,0.5896384846471747
