,AMS_ij,normalized_AMS_ij
bitcoin/bitcoin -> bitcoinj/bitcoinj,0.09904842256170662,3.5191832595593913
libbitcoin/libbitcoin-system -> bitcoinj/bitcoinj,0.02702427270172806,-0.9165277640167006
bitcoinj/bitcoinj -> bitcoin/bitcoin,-3.9815845161297814,-0.09330842834752635
libbitcoin/libbitcoin-system -> bitcoin/bitcoin,-0.824142143990132,-1.6452249648689576
bitcoinj/bitcoinj -> libbitcoin/libbitcoin-system,0.1391749864798321,-6.9088496145897516
bitcoin/bitcoin -> libbitcoin/libbitcoin-system,-0.4178726370264654,-3.7292405521271763
