,AMS_ij,normalized_AMS_ij
ohmyzsh/ohmyzsh -> sorin-ionescu/prezto,0.09334350562622257,2.3910389728373174
Bash-it/bash-it -> sorin-ionescu/prezto,-0.306929194464898,-5.096312033734822
sorin-ionescu/prezto -> ohmyzsh/ohmyzsh,2.906045936199706,24.758635016470734
Bash-it/bash-it -> ohmyzsh/ohmyzsh,0.5496033620684557,2.7759059119372034
sorin-ionescu/prezto -> Bash-it/bash-it,0.1381501578969369,-2.6536213368372508
ohmyzsh/ohmyzsh -> Bash-it/bash-it,0.23022997889090607,2.0856287560969466
