,AMS_ij,normalized_AMS_ij
ohmyzsh/ohmyzsh -> sorin-ionescu/prezto,-0.047199449862430715,-0.6832342420056382
Bash-it/bash-it -> sorin-ionescu/prezto,0.04268375127198002,-0.20498659998689828
sorin-ionescu/prezto -> ohmyzsh/ohmyzsh,-0.025282783707559202,-2.112582109261464
Bash-it/bash-it -> ohmyzsh/ohmyzsh,-0.09835058512063302,8.636627975133486
sorin-ionescu/prezto -> Bash-it/bash-it,0.06695895306263386,2.0856046103479664
ohmyzsh/ohmyzsh -> Bash-it/bash-it,0.015704606082233563,2.024750536060502
