,AMS_ij,normalized_AMS_ij
nodejs/node -> ruby/ruby,-0.9758294332219644,-0.3589638900982079
python/cpython -> ruby/ruby,0.16148362711924077,0.5227270434146104
ruby/ruby -> nodejs/node,-0.4938786771581216,-2.859490922376642
python/cpython -> nodejs/node,-0.018859990652024053,0.2378501627402405
ruby/ruby -> python/cpython,0.08785476643479039,0.6829354330612826
nodejs/node -> python/cpython,1.0304354727975449,1.9091659859939498
