,AMS_ij,normalized_AMS_ij
nodejs/node -> ruby/ruby,-0.033942595440697956,4.129055388629418
python/cpython -> ruby/ruby,-0.13406627261829898,0.8030077876139414
ruby/ruby -> nodejs/node,0.24516779222456103,5.018107468517011
python/cpython -> nodejs/node,0.11490563659618357,-0.38268516438159583
ruby/ruby -> python/cpython,1.3605030930268422,3.379727808714937
nodejs/node -> python/cpython,-0.06863733915446313,-0.7805712862380193
