,AMS_ij,normalized_AMS_ij
nodejs/node -> ruby/ruby,-2.0172970264517733,-0.43796051892496557
python/cpython -> ruby/ruby,-1.2581105651451499,-6.072283477747948
ruby/ruby -> nodejs/node,0.48253615166969865,3.084170274086235
python/cpython -> nodejs/node,0.7904171567012519,4.262353720371238
ruby/ruby -> python/cpython,-0.778972066304517,-4.698470818202348
nodejs/node -> python/cpython,-0.5569232733892648,-2.0693468866043108
