,AMS_ij,normalized_AMS_ij
nodejs/node -> ruby/ruby,-0.9805708290685934,-1.5610589647439357
python/cpython -> ruby/ruby,-0.25856975130459564,1.0571637288174291
ruby/ruby -> nodejs/node,0.05055958368191815,0.40868930162530714
python/cpython -> nodejs/node,-0.04967386516632968,0.4931974387242544
ruby/ruby -> python/cpython,0.11035430594996193,1.1040364723493092
nodejs/node -> python/cpython,-1.0991403772166601,-8.704629278559652
