,AMS_ij,normalized_AMS_ij
spring-projects/spring-framework -> apache/struts,-0.2842010172602323,-4.170370393051373
apache/tomcat -> apache/struts,0.005371356467481837,1.4369986134419648
apache/struts -> spring-projects/spring-framework,-2.354209483741659,-5.731389003206714
apache/tomcat -> spring-projects/spring-framework,-0.4095524318389864,1.075098250867688
apache/struts -> apache/tomcat,2.532244270611101,14.647403853594914
spring-projects/spring-framework -> apache/tomcat,-0.08920581377610652,-0.5044208383854547
