,AMS_ij,normalized_AMS_ij
spring-projects/spring-framework -> apache/struts,-0.24206791992720544,-0.6353088987470118
apache/tomcat -> apache/struts,-0.11479586460503131,-2.950426158261473
apache/struts -> spring-projects/spring-framework,-0.775275393979113,-3.7246095433194166
apache/tomcat -> spring-projects/spring-framework,0.19195601105809312,2.132762731677863
apache/struts -> apache/tomcat,-0.6752299738718871,1.5421377725319245
spring-projects/spring-framework -> apache/tomcat,-0.3650273891197143,2.8256405105028164
