,AMS_ij,normalized_AMS_ij
spring-projects/spring-framework -> apache/struts,0.5270660695740474,7.926122007994662
apache/tomcat -> apache/struts,0.12117481879460354,0.572146447617369
apache/struts -> spring-projects/spring-framework,-0.021937876848840132,8.748712527846322
apache/tomcat -> spring-projects/spring-framework,-0.6523141796920167,-0.5108196541024548
apache/struts -> apache/tomcat,-1.1326243549992887,-5.785385859132117
spring-projects/spring-framework -> apache/tomcat,0.250786501281537,-0.4385996197579818
