,AMS_ij,normalized_AMS_ij
spring-projects/spring-framework -> apache/struts,-0.10368704663703376,-4.434491864989513
apache/tomcat -> apache/struts,0.08546119513484854,-1.3611274886911426
apache/struts -> spring-projects/spring-framework,-0.1732970506445484,-4.314814446641508
apache/tomcat -> spring-projects/spring-framework,0.499742464664061,1.3485232620564118
apache/struts -> apache/tomcat,1.2055296156018729,4.132652550953207
spring-projects/spring-framework -> apache/tomcat,-0.09060448140418692,-1.4702588732160227
