,AMS_ij,normalized_AMS_ij
scikit-learn/scikit-learn -> statsmodels/statsmodels,0.10706905526220349,2.4099680709078237
mlpack/mlpack -> statsmodels/statsmodels,-0.04556702891933295,-0.8266429853250122
statsmodels/statsmodels -> scikit-learn/scikit-learn,0.015250568394782605,2.075527796576538
mlpack/mlpack -> scikit-learn/scikit-learn,-0.06096738003748246,-0.021858558640574156
statsmodels/statsmodels -> mlpack/mlpack,-0.28976480109364033,-2.50641401054058
scikit-learn/scikit-learn -> mlpack/mlpack,-0.07538572888913934,0.5627082225429663
