,AMS_ij,normalized_AMS_ij
redis/redis -> memcached/memcached,-0.21157143936937983,-2.8916059583016143
tarantool/tarantool -> memcached/memcached,0.022475384272245345,0.9078872752386478
memcached/memcached -> redis/redis,-2.0253228881203054,-5.631877837539221
tarantool/tarantool -> redis/redis,0.26524919748137465,2.708620109749613
memcached/memcached -> tarantool/tarantool,-1.7607406119782314,-3.487053292127335
redis/redis -> tarantool/tarantool,-0.8253762646620949,-1.4314653771642694
