,AMS_ij,normalized_AMS_ij
socketio/socket.io -> faye/faye,0.0011200280768789038,-1.2335224514517447
websockets/ws -> faye/faye,0.06648257125234763,1.0009390659543864
faye/faye -> socketio/socket.io,4.176702732496093,31.37959697131574
websockets/ws -> socketio/socket.io,2.331981197890312,8.024325847640878
faye/faye -> websockets/ws,-0.5151526390706604,-25.670554519842298
socketio/socket.io -> websockets/ws,0.17358156199936084,4.496211248386627
