,AMS_ij,normalized_AMS_ij
expressjs/express -> hapijs/hapi,-0.15242625300581344,-10.705762695239377
balderdashy/sails -> hapijs/hapi,0.27891921186893565,1.8273872343596558
hapijs/hapi -> expressjs/express,0.14569235694525673,0.9630632970386845
balderdashy/sails -> expressjs/express,0.03544335624092383,-4.367841976264889
hapijs/hapi -> balderdashy/sails,-0.27104722421774086,-8.067452338549149
expressjs/express -> balderdashy/sails,-0.024998066426781484,-14.075641092958493
