,AMS_ij,normalized_AMS_ij
opencv/opencv -> davisking/dlib,0.06620827377306812,-0.28295208255827975
scikit-image/scikit-image -> davisking/dlib,-0.2022031922442722,-0.648315087674625
davisking/dlib -> opencv/opencv,4.5291678516963625,8.516427826169275
scikit-image/scikit-image -> opencv/opencv,-0.08997465973462968,-0.655023526320959
davisking/dlib -> scikit-image/scikit-image,0.4963230070761443,4.699339143981262
opencv/opencv -> scikit-image/scikit-image,-0.15337306862507435,-0.22928832427131532
