,AMS_ij,normalized_AMS_ij
rust-lang/rust -> nim-lang/Nim,-0.6583683362493628,-9.354677072672915
golang/go -> nim-lang/Nim,0.2852560110103231,6.294174479409628
nim-lang/Nim -> rust-lang/rust,-14.884262176653227,-44.42551538246508
golang/go -> rust-lang/rust,0.3743865819790021,3.6636911933981673
nim-lang/Nim -> golang/go,-6.602844785196536,1.8908510848199973
rust-lang/rust -> golang/go,-1.6696241301588748,-3.1639927832062438
