,AMS_ij,normalized_AMS_ij
rust-lang/rust -> nim-lang/Nim,-0.48523733958590326,-0.6564695601778825
golang/go -> nim-lang/Nim,-0.6116108052957115,-1.9747074795150592
nim-lang/Nim -> rust-lang/rust,-4.827521582193863,-1.3942976912277716
golang/go -> rust-lang/rust,-0.3402521672496181,-0.12152108608401535
nim-lang/Nim -> golang/go,-1.1671127794677323,-1.8513212909289594
rust-lang/rust -> golang/go,-0.40988001430072224,-0.19409829416773938
