,AMS_ij,normalized_AMS_ij
rust-lang/rust -> nim-lang/Nim,-0.1308977148327054,-1.7869385147455987
golang/go -> nim-lang/Nim,0.41478046219055137,2.095423996409101
nim-lang/Nim -> rust-lang/rust,5.327657007244104,3.634040236139623
golang/go -> rust-lang/rust,0.5759132712991344,1.932503339530502
nim-lang/Nim -> golang/go,0.22333630902766766,0.08759283018564329
rust-lang/rust -> golang/go,-0.5292672127576225,-1.8137744112073035
