,AMS_ij,normalized_AMS_ij
rust-lang/rust -> nim-lang/Nim,-0.05225947362908008,-0.416479641271683
golang/go -> nim-lang/Nim,-0.442250374116381,-7.172864619590019
nim-lang/Nim -> rust-lang/rust,9.035655856055406,24.31503430972861
golang/go -> rust-lang/rust,-0.09525298886752741,1.0202991820979872
nim-lang/Nim -> golang/go,0.6477990038883868,-5.129044856011395
rust-lang/rust -> golang/go,-0.23133391987239532,-0.9339879011499636
