,AMS_ij,normalized_AMS_ij
swiftlang/swift -> golang/go,-0.4479066027683365,-0.3770154834381154
rust-lang/rust -> golang/go,-0.585197061362843,-1.1782304402324786
golang/go -> swiftlang/swift,-1.0932661136862416,-0.30067671719792066
rust-lang/rust -> swiftlang/swift,-0.5492985157477319,-0.1733976958139793
golang/go -> rust-lang/rust,1.7340958090571386,2.1429734041930724
swiftlang/swift -> rust-lang/rust,-0.01741649781667965,-0.5787787993542349
