,AMS_ij,normalized_AMS_ij
mrdoob/three.js -> playcanvas/engine,0.4313679600703285,2.372835092405529
BabylonJS/Babylon.js -> playcanvas/engine,0.02152336391557299,2.4844759127456104
playcanvas/engine -> mrdoob/three.js,-0.4441122031464261,-2.404794729589029
BabylonJS/Babylon.js -> mrdoob/three.js,-3.962221783195844,-7.7403650969168085
playcanvas/engine -> BabylonJS/Babylon.js,-0.6706077686033831,-0.2835282664671014
mrdoob/three.js -> BabylonJS/Babylon.js,-0.6661599201742832,-4.185450323535722
