,AMS_ij,normalized_AMS_ij
mrdoob/three.js -> playcanvas/engine,-0.4093969316232212,-2.0008548609303802
BabylonJS/Babylon.js -> playcanvas/engine,-0.28371409897461397,-1.4700408632443767
playcanvas/engine -> mrdoob/three.js,-1.644836981453634,-1.7935082761448597
BabylonJS/Babylon.js -> mrdoob/three.js,0.13771137846319173,1.3271092833340539
playcanvas/engine -> BabylonJS/Babylon.js,-6.3573748660394,-12.40349260723118
mrdoob/three.js -> BabylonJS/Babylon.js,0.061066642439749054,1.0254134312809762
