,AMS_ij,normalized_AMS_ij
d3/d3 -> plotly/plotly.js,-3.76304954613508,-8.418131769990692
highcharts/highcharts -> plotly/plotly.js,-0.4141096026301072,-1.6398696321597355
plotly/plotly.js -> d3/d3,-0.0214745195371107,-0.5513811495219315
highcharts/highcharts -> d3/d3,-0.016983511266359132,-0.2187565868602929
plotly/plotly.js -> highcharts/highcharts,-2.4749413154693363,-8.391482658348872
d3/d3 -> highcharts/highcharts,-2.285783090782627,0.722943421239427
