,AMS_ij,normalized_AMS_ij
d3/d3 -> plotly/plotly.js,2.2392655606820595,10.195231571798397
highcharts/highcharts -> plotly/plotly.js,-0.6528826684773574,-3.0535438140655504
plotly/plotly.js -> d3/d3,-0.2191091492238355,-3.797789640320913
highcharts/highcharts -> d3/d3,-0.04019125214116559,-0.9239368592527251
plotly/plotly.js -> highcharts/highcharts,0.04609641037753459,-0.8287752174910821
d3/d3 -> highcharts/highcharts,6.38695391019222,24.078315784181296
