,AMS_ij,normalized_AMS_ij
psf/requests -> twisted/treq,-0.28770454635123655,-4.877215331882096
urllib3/urllib3 -> twisted/treq,0.0785135232524363,0.3831864281966661
twisted/treq -> psf/requests,-4.747792477747133,-16.735722903740687
urllib3/urllib3 -> psf/requests,-0.7336467532435687,-1.5903391060674639
twisted/treq -> urllib3/urllib3,-0.818546709424495,-2.395809969319145
psf/requests -> urllib3/urllib3,0.12739386000288339,2.278905502574983
