,AMS_ij,normalized_AMS_ij
psf/requests -> twisted/treq,0.04893814524544317,0.3210835059704737
urllib3/urllib3 -> twisted/treq,-0.4210478914028612,-9.260124920136649
twisted/treq -> psf/requests,0.8521210666416165,2.4003728200243937
urllib3/urllib3 -> psf/requests,0.4219870997037262,-0.5573698475210582
twisted/treq -> urllib3/urllib3,0.0693339781189904,-5.715513238314754
psf/requests -> urllib3/urllib3,-0.9177885624857169,-7.422612695648578
