,AMS_ij,normalized_AMS_ij
psf/requests -> twisted/treq,0.7350757190915527,5.549144102809271
urllib3/urllib3 -> twisted/treq,-0.34393246016506235,-12.16903777491468
twisted/treq -> psf/requests,-0.017420051363927602,-2.0358444177662247
urllib3/urllib3 -> psf/requests,-0.4390256609590445,-12.381272017617242
twisted/treq -> urllib3/urllib3,0.1184835158214384,3.3882094764138353
psf/requests -> urllib3/urllib3,-0.03509394436845213,-11.808922463894236
