,AMS_ij,normalized_AMS_ij
pallets/flask -> expressjs/express,-4.611923020902278,-11.7167245288704
django/django -> expressjs/express,1.2704276667338645,5.224406975086174
expressjs/express -> pallets/flask,-0.2050489218431428,-0.8509825231700109
django/django -> pallets/flask,0.9493540651734953,3.6153231247608053
expressjs/express -> django/django,0.6254386849959881,4.846109109490368
pallets/flask -> django/django,3.259721222673012,4.785707507316669
