,AMS_ij,normalized_AMS_ij
twbs/bootstrap -> primer/css,-0.10872385736036907,-0.01887309184342708
zurb/foundation-sites -> primer/css,0.5229826581622821,2.8362877929359134
primer/css -> twbs/bootstrap,3.892579337240118,0.6689065080332462
zurb/foundation-sites -> twbs/bootstrap,-2.344143734649109,-3.0331042579968366
primer/css -> zurb/foundation-sites,3.1664986887303264,3.68279920570051
twbs/bootstrap -> zurb/foundation-sites,-0.805284925543065,-2.811735330206543
