,AMS_ij,normalized_AMS_ij
twbs/bootstrap -> primer/css,-0.3108941045737595,-2.403934575083102
zurb/foundation-sites -> primer/css,-0.6768102510623859,-2.754423652196963
primer/css -> twbs/bootstrap,-0.5424766711838815,-6.8499392053573835
zurb/foundation-sites -> twbs/bootstrap,0.3388291572858121,0.466239829478143
primer/css -> zurb/foundation-sites,0.058433542802731164,-0.18781422641139794
twbs/bootstrap -> zurb/foundation-sites,-0.23870319018697964,-0.7005974705402358
