,AMS_ij,normalized_AMS_ij
moment/moment -> moment/luxon,-0.029097153721152902,-0.5777630700877302
date-fns/date-fns -> moment/luxon,0.09776684805795059,2.21294798187964
moment/luxon -> moment/moment,0.5345307189718582,5.2897840379514065
date-fns/date-fns -> moment/moment,0.020728299605358817,1.4505866160057186
moment/luxon -> date-fns/date-fns,-0.23583999647038706,2.046474907816734
moment/moment -> date-fns/date-fns,-0.14278361098469333,-2.585011992478583
