,AMS_ij,normalized_AMS_ij
rclone/rclone -> aws/aws-cli,-0.4689944101999905,-4.3097148822846485
iterate-ch/cyberduck -> aws/aws-cli,0.2795676015062346,2.8699999414675212
aws/aws-cli -> rclone/rclone,0.5151037242824965,1.813582832113591
iterate-ch/cyberduck -> rclone/rclone,0.26148264139680627,2.121182260676245
aws/aws-cli -> iterate-ch/cyberduck,-0.7619909903728037,-4.7399506352949174
rclone/rclone -> iterate-ch/cyberduck,1.0731767477847465,4.626619600553306
