,AMS_ij,normalized_AMS_ij
moby/moby -> containerd/containerd,1.2116463736495642,7.983523895326291
canonical/lxd -> containerd/containerd,0.046668367083940995,2.148164814080277
containerd/containerd -> moby/moby,7.677132162991944,20.83061919767029
canonical/lxd -> moby/moby,-0.3606171297021558,-0.39690113158131063
containerd/containerd -> canonical/lxd,-3.1905445736174087,-7.3318772934572864
moby/moby -> canonical/lxd,0.6591718057026963,1.9445025014373032
