,AMS_ij,normalized_AMS_ij
grafana/grafana -> elastic/kibana,-3.6812743247407185,-5.687237560610227
getsentry/sentry -> elastic/kibana,-1.2446363936992988,-3.0532281811497337
elastic/kibana -> grafana/grafana,-0.8376845338351502,-4.139887585316384
getsentry/sentry -> grafana/grafana,-1.4754559780660368,-6.8184534325185355
elastic/kibana -> getsentry/sentry,-2.7133670623430457,-8.727373473486965
grafana/grafana -> getsentry/sentry,-3.105160077133806,-7.7377590913482495
