,AMS_ij,normalized_AMS_ij
grafana/grafana -> elastic/kibana,1.3001373996219197,5.283220836488088
getsentry/sentry -> elastic/kibana,-5.916663023736879,-16.126773191667453
elastic/kibana -> grafana/grafana,0.2425272190088715,3.5881251000027037
getsentry/sentry -> grafana/grafana,-4.386304732498268,-5.04196905172112
elastic/kibana -> getsentry/sentry,-1.1467286899898927,-8.623842597622131
grafana/grafana -> getsentry/sentry,-0.380322649201553,2.007073296468851
