,AMS_ij,normalized_AMS_ij
Bash-it/bash-it -> ohmyzsh/ohmyzsh,0.06126756151969115,-5.516818799986437
sorin-ionescu/prezto -> ohmyzsh/ohmyzsh,2.3502434228550397,21.011346519022446
ohmyzsh/ohmyzsh -> Bash-it/bash-it,-0.7884534573490767,-15.955895084425265
sorin-ionescu/prezto -> Bash-it/bash-it,3.061408355703668,25.369982925175904
ohmyzsh/ohmyzsh -> sorin-ionescu/prezto,0.1811259441595564,3.9586965532111913
Bash-it/bash-it -> sorin-ionescu/prezto,-0.3764697529623651,0.9299782590167557
