,AMS_ij,normalized_AMS_ij
Bash-it/bash-it -> ohmyzsh/ohmyzsh,1.281864470516521,5.11644119202163
sorin-ionescu/prezto -> ohmyzsh/ohmyzsh,3.7346038397974732,46.82859018206027
ohmyzsh/ohmyzsh -> Bash-it/bash-it,0.39242280756601844,2.7146098575398456
sorin-ionescu/prezto -> Bash-it/bash-it,0.08689670432795477,-2.6474292062981464
ohmyzsh/ohmyzsh -> sorin-ionescu/prezto,0.16902413337799602,5.317396865968617
Bash-it/bash-it -> sorin-ionescu/prezto,-0.4176498855732213,-7.83355487107171
