,AMS_ij,normalized_AMS_ij
Bash-it/bash-it -> ohmyzsh/ohmyzsh,0.3420333515921872,14.31490857643824
sorin-ionescu/prezto -> ohmyzsh/ohmyzsh,-0.7484879937122657,-51.69869270179896
ohmyzsh/ohmyzsh -> Bash-it/bash-it,0.22900298695389193,4.233258847637947
sorin-ionescu/prezto -> Bash-it/bash-it,1.1804686188070903,52.61557886244713
ohmyzsh/ohmyzsh -> sorin-ionescu/prezto,-0.1333987042619929,-17.389198069906396
Bash-it/bash-it -> sorin-ionescu/prezto,0.07357496192343088,8.787241501826152
