,AMS_ij,normalized_AMS_ij
python/cpython -> nodejs/node,0.5331898957997565,1.071317719983841
ruby/ruby -> nodejs/node,0.649149690774823,11.857662027957913
nodejs/node -> python/cpython,-0.2939881801267216,2.0636354922172964
ruby/ruby -> python/cpython,1.7558793648336044,3.937632166734934
nodejs/node -> ruby/ruby,-0.7787158123992781,4.588813730048699
python/cpython -> ruby/ruby,0.21698404437032714,2.2593593223896993
