,AMS_ij,normalized_AMS_ij
python/cpython -> nodejs/node,1.624356204557003,9.280630552157675
ruby/ruby -> nodejs/node,1.1374869605556752,5.752098815596024
nodejs/node -> python/cpython,-0.9801429614353168,-3.207210605487538
ruby/ruby -> python/cpython,-1.260537585504572,-8.081146928306918
nodejs/node -> ruby/ruby,-3.9285716445517567,-1.0492595071680515
python/cpython -> ruby/ruby,-4.5072925706049585,-13.403137536681736
