,AMS_ij,normalized_AMS_ij
python/cpython -> nodejs/node,-0.16227731702744846,0.20986532099721542
ruby/ruby -> nodejs/node,-0.871377045830066,-4.977253367789102
nodejs/node -> python/cpython,0.1863586935999476,3.08047423736226
ruby/ruby -> python/cpython,-0.2620458359377348,1.49459640905586
nodejs/node -> ruby/ruby,-1.777156209953097,-1.6236590821877308
python/cpython -> ruby/ruby,-0.13030690775328074,0.34395542389098877
