,AMS_ij,normalized_AMS_ij
python/cpython -> nodejs/node,0.22348214552895176,6.529591897116789
ruby/ruby -> nodejs/node,0.1402865042361224,1.0530783528580054
nodejs/node -> python/cpython,-1.9958630960911394,-3.7654804860969575
ruby/ruby -> python/cpython,0.31764934012765805,1.5500326579864359
nodejs/node -> ruby/ruby,-4.8637251064200155,-5.440288416867703
python/cpython -> ruby/ruby,-0.9924576297605232,-5.239110868063792
