,AMS_ij,normalized_AMS_ij
tarantool/tarantool -> redis/redis,0.16585251285068564,3.0730595495052957
memcached/memcached -> redis/redis,-0.21614228407757027,-3.3270412705532513
redis/redis -> tarantool/tarantool,-2.4766024381656395,-22.514861441749076
memcached/memcached -> tarantool/tarantool,-1.2115421417428531,-13.021842428691743
redis/redis -> memcached/memcached,-0.21388446365003125,-6.9068260274594975
tarantool/tarantool -> memcached/memcached,0.05314619804252509,1.6089684275780232
