,AMS_ij,normalized_AMS_ij
getpelican/pelican -> jekyll/jekyll,0.8764806242585177,12.394895127627775
middleman/middleman -> jekyll/jekyll,0.5977736399723812,7.566779742685862
jekyll/jekyll -> getpelican/pelican,0.43452019075798287,2.5570839241731114
middleman/middleman -> getpelican/pelican,-0.48786146589244384,-9.326893494967262
jekyll/jekyll -> middleman/middleman,0.5712068755703936,1.2811978443902103
getpelican/pelican -> middleman/middleman,0.8244536113763411,8.558349992127468
