,AMS_ij,normalized_AMS_ij
scikit-image/scikit-image -> opencv/opencv,0.4559376926445844,0.20310375103251116
davisking/dlib -> opencv/opencv,-2.392060253253557,-27.594590774788273
opencv/opencv -> scikit-image/scikit-image,0.3258293977906299,4.873109070172147
davisking/dlib -> scikit-image/scikit-image,0.6133718637940703,-13.419798520509124
opencv/opencv -> davisking/dlib,0.1880009398079661,3.746690263008947
scikit-image/scikit-image -> davisking/dlib,-0.12687106646688665,-4.536673019843099
