,AMS_ij,normalized_AMS_ij
scikit-image/scikit-image -> opencv/opencv,-1.1882680095708684,-9.45094633294237
davisking/dlib -> opencv/opencv,1.5102727961395932,2.0020374392561067
opencv/opencv -> scikit-image/scikit-image,-0.9313703871339096,-5.785180780932494
davisking/dlib -> scikit-image/scikit-image,-1.189954654916054,-7.314173899997295
opencv/opencv -> davisking/dlib,-1.0439030639527378,-1.3957303324036978
scikit-image/scikit-image -> davisking/dlib,-0.30797724501287704,-0.18721059224142922
