,AMS_ij,normalized_AMS_ij
scikit-image/scikit-image -> opencv/opencv,-0.2591750632846974,-1.150201004014849
davisking/dlib -> opencv/opencv,4.980510982185444,8.92824352564005
opencv/opencv -> scikit-image/scikit-image,-0.270567860297833,-0.4018885828605551
davisking/dlib -> scikit-image/scikit-image,0.20275097208587298,5.2812806341969
opencv/opencv -> davisking/dlib,0.3671662095798067,1.4964563416934422
scikit-image/scikit-image -> davisking/dlib,-0.33740758442725977,-0.577078921431399
