,AMS_ij,normalized_AMS_ij
golang/go -> rust-lang/rust,2.5397946348476474,3.2385651845404833
nim-lang/Nim -> rust-lang/rust,6.918262061053626,3.779356075539574
rust-lang/rust -> golang/go,-0.9116139773578567,-3.102101379958993
nim-lang/Nim -> golang/go,0.44205919979785097,1.7341918818470314
rust-lang/rust -> nim-lang/Nim,-0.18277847275577688,-2.0929365926780794
golang/go -> nim-lang/Nim,-0.05332962923726803,-1.6711139014476226
