,AMS_ij,normalized_AMS_ij
golang/go -> rust-lang/rust,-0.14015171923036615,1.0033747271425524
nim-lang/Nim -> rust-lang/rust,-6.9128826257176845,-0.3601880773078762
rust-lang/rust -> golang/go,-0.889661342983904,-0.023180873143141774
nim-lang/Nim -> golang/go,-2.534027185862927,-3.8041070981270977
rust-lang/rust -> nim-lang/Nim,-1.1667007383276198,-2.015042344708313
golang/go -> nim-lang/Nim,-1.1307637927176846,-3.53930828128862
