,AMS_ij,normalized_AMS_ij
golang/go -> rust-lang/rust,1.4625166767182303,10.390763484709373
nim-lang/Nim -> rust-lang/rust,-26.821613330378405,-75.59013695426047
rust-lang/rust -> golang/go,-3.338560161561675,-6.005205617273404
nim-lang/Nim -> golang/go,-11.792751994577369,-3.813453620538352
rust-lang/rust -> nim-lang/Nim,-1.286769257737765,-17.885830938436225
golang/go -> nim-lang/Nim,0.8605687588177624,14.833053389069637
