,AMS_ij,normalized_AMS_ij
golang/go -> rust-lang/rust,2.3797110776747226,5.703844140650449
nim-lang/Nim -> rust-lang/rust,38.83813256919821,72.26038225302875
rust-lang/rust -> golang/go,-0.5449362056322958,-1.4753891272324522
nim-lang/Nim -> golang/go,-1.4178285292722106,-27.312342063650014
rust-lang/rust -> nim-lang/Nim,-0.16036772867374835,-1.352304505739893
golang/go -> nim-lang/Nim,-1.4211092334258864,-22.341923375457384
