,AMS_ij,normalized_AMS_ij
ramda/ramda -> lodash/lodash,0.23346480530424474,-0.26413978315686637
jashkenas/underscore -> lodash/lodash,-0.20764789721275545,2.2305633910304277
lodash/lodash -> ramda/ramda,-1.0170037180062017,-5.827591233006355
jashkenas/underscore -> ramda/ramda,0.989622677594632,19.517118491013534
lodash/lodash -> jashkenas/underscore,0.42841239621983174,-5.9654345758406855
ramda/ramda -> jashkenas/underscore,0.21179855992254504,15.149149128307807
