,AMS_ij,normalized_AMS_ij
BabylonJS/Babylon.js -> mrdoob/three.js,-7.350214362631381,-16.49665041399343
playcanvas/engine -> mrdoob/three.js,0.6219584857391347,-0.9658341591038517
mrdoob/three.js -> BabylonJS/Babylon.js,-1.4316890103561808,-9.458271155249978
playcanvas/engine -> BabylonJS/Babylon.js,-0.502888079883194,2.7732694471708523
mrdoob/three.js -> playcanvas/engine,0.7684656269355347,4.256290391716392
BabylonJS/Babylon.js -> playcanvas/engine,-0.746190129697287,4.694219259023506
