,AMS_ij,normalized_AMS_ij
highcharts/highcharts -> d3/d3,0.6138884870030128,6.969681702968942
plotly/plotly.js -> d3/d3,4.826216508187878,21.68056343280464
d3/d3 -> highcharts/highcharts,1.609253920029931,11.983062741073953
plotly/plotly.js -> highcharts/highcharts,-5.113728309990808,-20.47169816870283
d3/d3 -> plotly/plotly.js,4.632985820844879,20.168277573560857
highcharts/highcharts -> plotly/plotly.js,-6.899623514426975,-25.39038950571139
