,AMS_ij,normalized_AMS_ij
highcharts/highcharts -> d3/d3,-0.07133718132027055,0.5118993238159214
plotly/plotly.js -> d3/d3,-0.27019129902230415,-4.09823119894296
d3/d3 -> highcharts/highcharts,11.16882880128728,-23.225313033081136
plotly/plotly.js -> highcharts/highcharts,2.3365035884282657,6.172938255067894
d3/d3 -> plotly/plotly.js,6.973881652327322,22.77056906537752
highcharts/highcharts -> plotly/plotly.js,-1.5834516327320969,-1.7949056381658373
