,AMS_ij,normalized_AMS_ij
urllib3/urllib3 -> psf/requests,-0.9014509951184564,-24.389674524172527
twisted/treq -> psf/requests,0.04360001990545099,6.224286890197417
psf/requests -> urllib3/urllib3,0.17084959972914154,18.11968113031071
twisted/treq -> urllib3/urllib3,0.44997955454225,13.281547654760079
psf/requests -> twisted/treq,0.7165979097592323,2.9659679026865495
urllib3/urllib3 -> twisted/treq,-1.1091833313875155,-29.612522821444188
