,AMS_ij,normalized_AMS_ij
urllib3/urllib3 -> psf/requests,0.9617877386391791,-1.3484580662133294
twisted/treq -> psf/requests,1.5332321534785407,4.425622213547502
psf/requests -> urllib3/urllib3,-2.028295398623508,-15.816148760760877
twisted/treq -> urllib3/urllib3,-0.6756937353339838,-15.424383166162789
psf/requests -> twisted/treq,0.11494124599661804,0.6957936062903183
urllib3/urllib3 -> twisted/treq,-0.7491431821347116,-17.17576242015886
