,AMS_ij,normalized_AMS_ij
django/django -> pallets/flask,0.04450381457490093,4.5775822112397595
expressjs/express -> pallets/flask,1.361919225858005,43.338301752342986
pallets/flask -> django/django,0.22798218833245865,1.6680292410980693
expressjs/express -> django/django,0.7461037382894903,22.36012516387385
pallets/flask -> expressjs/express,0.1423231045671239,13.603317808030335
django/django -> expressjs/express,-0.09626257590353263,-6.433318702826435
