,AMS_ij,normalized_AMS_ij
zurb/foundation-sites -> twbs/bootstrap,-3.915642708073934,-6.502359266411592
primer/css -> twbs/bootstrap,10.595572552678453,1.7598897108520126
twbs/bootstrap -> zurb/foundation-sites,-1.6605861643130928,-6.009526919017569
primer/css -> zurb/foundation-sites,7.704253620836046,8.107658574619865
twbs/bootstrap -> primer/css,-0.27364064545868766,-0.19390901443110897
zurb/foundation-sites -> primer/css,0.8391099338292412,5.601358066581863
