,AMS_ij,normalized_AMS_ij
date-fns/date-fns -> moment/moment,1.8777086446023499,4.744807749359508
moment/luxon -> moment/moment,0.7911819861305495,5.016272981068101
moment/moment -> date-fns/date-fns,0.25024794789068594,3.1250769364530884
moment/luxon -> date-fns/date-fns,2.543772487728171,22.763157389655948
moment/moment -> moment/luxon,0.22740948944203615,2.228743888021009
date-fns/date-fns -> moment/luxon,-0.2791594028082215,-5.639117483482556
