,AMS_ij,normalized_AMS_ij
getsentry/sentry -> grafana/grafana,-6.346117577846169,-4.264482751939502
elastic/kibana -> grafana/grafana,6.051171458608842,14.603861038988072
grafana/grafana -> getsentry/sentry,-0.42060825300993926,3.464878512174284
elastic/kibana -> getsentry/sentry,0.41112006875209123,-9.353068580320645
grafana/grafana -> elastic/kibana,1.465087024742162,6.915042739168281
getsentry/sentry -> elastic/kibana,-16.0633862858539,-42.55851926392391
