,AMS_ij,normalized_AMS_ij
AvaloniaUI/Avalonia -> electron/electron,0.32653458973683486,1.468497328532506
nwjs/nw.js -> electron/electron,5.502567644713308,0.9070575291891446
electron/electron -> AvaloniaUI/Avalonia,-0.2973843394870323,-0.6077277268148181
nwjs/nw.js -> AvaloniaUI/Avalonia,-0.26946485627624484,8.809647642801776
electron/electron -> nwjs/nw.js,0.21225080110580233,1.8835289194482323
AvaloniaUI/Avalonia -> nwjs/nw.js,0.014148031002782904,-1.6807315477368376
