,AMS_ij,normalized_AMS_ij
MonoGame/MonoGame -> godotengine/godot,4.365480298784263,6.327589527938892
4ian/GDevelop -> godotengine/godot,-2.5118677908113525,-2.99381050494088
godotengine/godot -> MonoGame/MonoGame,-0.21851444641752762,-1.714199145805419
4ian/GDevelop -> MonoGame/MonoGame,0.3967910539362979,-3.1573362514443577
godotengine/godot -> 4ian/GDevelop,-0.11410302211801625,-0.4018427690674926
MonoGame/MonoGame -> 4ian/GDevelop,0.3832624204727063,1.96752744907663
