,AMS_ij,normalized_AMS_ij
WordPress/WordPress -> tryghost/ghost,-5.859640329382524,-21.85757565366621
getgrav/grav -> tryghost/ghost,12.058779883743208,41.017486461349286
tryghost/ghost -> WordPress/WordPress,-0.729700571211397,-0.19962542325507507
getgrav/grav -> WordPress/WordPress,2.902236773815185,8.824952283362245
tryghost/ghost -> getgrav/grav,0.43721942656314916,10.742786234248962
WordPress/WordPress -> getgrav/grav,0.7177895246914806,10.341999507418478
