,AMS_ij,normalized_AMS_ij
highcharts/highcharts -> chartjs/chart.js,-0.6382016420666177,-3.7899195201773326
d3/d3 -> chartjs/chart.js,0.9167715663863363,4.117991174102546
chartjs/chart.js -> highcharts/highcharts,-7.385415921438922,1.9327539072400077
d3/d3 -> highcharts/highcharts,2.645456191119245,18.001999296636562
chartjs/chart.js -> d3/d3,5.094452020277342,-1.0090517892005837
highcharts/highcharts -> d3/d3,0.5314136702105272,7.546720748079645
