,AMS_ij,normalized_AMS_ij
highcharts/highcharts -> chartjs/chart.js,0.3769974501019594,4.00815428572542
d3/d3 -> chartjs/chart.js,0.8585467640872514,4.254294135964137
chartjs/chart.js -> highcharts/highcharts,-5.20654966735065,-47.38705224377062
d3/d3 -> highcharts/highcharts,27.83186506509429,42.24112179906562
chartjs/chart.js -> d3/d3,0.5523033585463665,12.071618513491536
highcharts/highcharts -> d3/d3,-0.10752546889907963,-2.5818641462808154
