,AMS_ij,normalized_AMS_ij
highcharts/highcharts -> chartjs/chart.js,0.0018475791360157146,5.494585263193987
d3/d3 -> chartjs/chart.js,-0.7045311334924458,32.81451416199013
chartjs/chart.js -> highcharts/highcharts,32.78602214633702,80.47506819443142
d3/d3 -> highcharts/highcharts,-37.8267174218268,-51.703455691314794
chartjs/chart.js -> d3/d3,0.6009747925560325,11.896936994185378
highcharts/highcharts -> d3/d3,0.008205807860122821,1.7105879711334613
