,AMS_ij,normalized_AMS_ij
hashicorp/consul -> etcd-io/etcd,-1.5699298670519972,-1.3242534730003073
apache/zookeeper -> etcd-io/etcd,33.46624720245686,50.272299976127435
etcd-io/etcd -> hashicorp/consul,0.5226162141051849,1.9540754935527453
apache/zookeeper -> hashicorp/consul,-1.7289446851356494,-4.312801657197841
etcd-io/etcd -> apache/zookeeper,0.05509922227482058,2.3622452418577855
hashicorp/consul -> apache/zookeeper,0.06290191837164068,1.2756676168895
