,AMS_ij,normalized_AMS_ij
hashicorp/consul -> etcd-io/etcd,-0.08078367285056207,-7.9475093515648
apache/zookeeper -> etcd-io/etcd,7.688595397010918,33.656097932142956
etcd-io/etcd -> hashicorp/consul,3.5885031766348643,14.435322199951193
apache/zookeeper -> hashicorp/consul,18.61667820314951,89.22833724223611
etcd-io/etcd -> apache/zookeeper,-0.09230495334507693,-7.164024451051322
hashicorp/consul -> apache/zookeeper,-0.038656395757171676,-7.739435286521617
