,AMS_ij,normalized_AMS_ij
grafana/grafana -> netdata/netdata,0.6959924458326956,6.469997611768469
cacti/cacti -> netdata/netdata,-0.22567487754817803,-0.2931092825398378
netdata/netdata -> grafana/grafana,1.2235494677423024,6.159802457308629
cacti/cacti -> grafana/grafana,-10.494164609559125,-34.836107758664795
netdata/netdata -> cacti/cacti,-0.05750562356780474,-0.22184747473909225
grafana/grafana -> cacti/cacti,-0.44085184554560897,-2.979859154042195
