,AMS_ij,normalized_AMS_ij
grafana/grafana -> netdata/netdata,-2.0987482730626508,-13.107463543224071
cacti/cacti -> netdata/netdata,0.5797548105525838,3.213973800042598
netdata/netdata -> grafana/grafana,-2.5177064442886414,-3.084545289171481
cacti/cacti -> grafana/grafana,0.6452964422860518,5.99592718202364
netdata/netdata -> cacti/cacti,-0.5270852117099671,-2.8453298349717735
grafana/grafana -> cacti/cacti,1.1641168722906072,6.853831215886422
