,AMS_ij,normalized_AMS_ij
angular/angular -> facebook/react,-0.3431004759626931,-5.653472735279894
jquery/jquery -> facebook/react,-5.136460549802339,-109.01728119051246
facebook/react -> angular/angular,0.2049428469418999,10.246100519296665
jquery/jquery -> angular/angular,-1.3201682418718734,1.9106365223757984
facebook/react -> jquery/jquery,-0.11046211815308886,-10.54310695401403
angular/angular -> jquery/jquery,0.0026193788657906418,-2.2759571311261717
