,AMS_ij,normalized_AMS_ij
gitlabhq/gitlabhq -> gogs/gogs,0.2799561035907889,2.7259965228251954
gitbucket/gitbucket -> gogs/gogs,-0.23264283130034413,-3.9572338106797216
gogs/gogs -> gitlabhq/gitlabhq,0.046008331479844594,26.606921828504394
gitbucket/gitbucket -> gitlabhq/gitlabhq,-1.0122679002560526,-11.00784966335749
gogs/gogs -> gitbucket/gitbucket,0.2304086909753824,1.1397541542544567
gitlabhq/gitlabhq -> gitbucket/gitbucket,-0.4196953797199025,-8.649987788621173
