,AMS_ij,normalized_AMS_ij
seleniumhq/selenium -> cypress-io/cypress,0.5029975438567874,8.700051795471902
DevExpress/testcafe -> cypress-io/cypress,10.291216785967524,63.564794047299
cypress-io/cypress -> seleniumhq/selenium,-1.7396019253543642,-4.625473976275772
DevExpress/testcafe -> seleniumhq/selenium,4.273660323523297,16.824268468404956
cypress-io/cypress -> DevExpress/testcafe,0.03648810123556247,3.269454915024385
seleniumhq/selenium -> DevExpress/testcafe,-0.44959590379194503,-7.247275605336082
