,AMS_ij,normalized_AMS_ij
lvgl/lvgl -> ocornut/imgui,-0.2047328997130357,5.300200905360492
Immediate-Mode-UI/Nuklear -> ocornut/imgui,-3.738808387163985,-35.259227162937165
ocornut/imgui -> lvgl/lvgl,-0.5932191308206354,1.933363769562383
Immediate-Mode-UI/Nuklear -> lvgl/lvgl,1.4063293911831753,26.272571845900018
ocornut/imgui -> Immediate-Mode-UI/Nuklear,-0.00957298778447603,1.8170924418049559
lvgl/lvgl -> Immediate-Mode-UI/Nuklear,0.7850703116442219,21.721545652650214
