,AMS_ij,normalized_AMS_ij
lvgl/lvgl -> ocornut/imgui,-1.4650741328902512,-7.383102645961703
Immediate-Mode-UI/Nuklear -> ocornut/imgui,4.657197615174014,18.520524826508993
ocornut/imgui -> lvgl/lvgl,1.7000551190675985,5.172890863932561
Immediate-Mode-UI/Nuklear -> lvgl/lvgl,6.287767034638483,6.759116660437179
ocornut/imgui -> Immediate-Mode-UI/Nuklear,0.012652422838646347,0.25729033619925634
lvgl/lvgl -> Immediate-Mode-UI/Nuklear,0.043916417844054076,-6.836460767456458
