,AMS_ij,normalized_AMS_ij
ceph/ceph -> minio/minio,0.08323399771692354,0.6971399327474577
seaweedfs/seaweedfs -> minio/minio,-12.078674585233241,-35.537178682185086
minio/minio -> ceph/ceph,2.0807624398737685,-0.17100328600518044
seaweedfs/seaweedfs -> ceph/ceph,22.125832304926227,29.034128157569754
minio/minio -> seaweedfs/seaweedfs,-0.1559261093033622,7.89521198646437
ceph/ceph -> seaweedfs/seaweedfs,0.08766829599876932,2.6920977658204084
