,AMS_ij,normalized_AMS_ij
ceph/ceph -> minio/minio,-0.05470031746549982,-0.7481727561322855
seaweedfs/seaweedfs -> minio/minio,-2.053769084307661,-29.813168758183618
minio/minio -> ceph/ceph,4.560146859685151,15.219812101129557
seaweedfs/seaweedfs -> ceph/ceph,15.2618910266388,26.78842062686366
minio/minio -> seaweedfs/seaweedfs,-6.868723032839258,-65.30851127902274
ceph/ceph -> seaweedfs/seaweedfs,-0.09419100838604325,-0.6250589792564073
