,AMS_ij,normalized_AMS_ij
plantuml/plantuml -> mermaid-js/mermaid,5.014875346420189,34.8981414416339
yuzutech/kroki -> mermaid-js/mermaid,-1.7173725802676143,1.2980156666780391
mermaid-js/mermaid -> plantuml/plantuml,0.008731595271670028,0.03266576299124652
yuzutech/kroki -> plantuml/plantuml,-0.21365858857480222,-11.37466477980591
mermaid-js/mermaid -> yuzutech/kroki,0.01658718158281188,-0.7796377637365005
plantuml/plantuml -> yuzutech/kroki,0.08257099477854893,7.10934715211858
