,AMS_ij,normalized_AMS_ij
metabase/metabase -> apache/superset,-0.2486803405854893,2.1209590599292896
getredash/redash -> apache/superset,14.192301942837751,10.293465512885062
apache/superset -> metabase/metabase,-2.2159377221756236,-2.4748167223303295
getredash/redash -> metabase/metabase,15.254875284047912,91.94490195608965
apache/superset -> getredash/redash,0.5511161514579566,1.5914317078065356
metabase/metabase -> getredash/redash,1.4982886002617113,39.025120133171654
