,AMS_ij,normalized_AMS_ij
metabase/metabase -> apache/superset,-0.6630912759667861,-9.391829700446317
getredash/redash -> apache/superset,-0.5359671587738479,-28.250941229686227
apache/superset -> metabase/metabase,-0.2714541870956348,-4.2964128692491705
getredash/redash -> metabase/metabase,9.475916303716568,58.715265972198004
apache/superset -> getredash/redash,-0.6024279798295565,-28.186281848372207
metabase/metabase -> getredash/redash,0.3966166156960357,10.724943564524922
