,AMS_ij,normalized_AMS_ij
haproxy/haproxy -> traefik/traefik,0.16753920307742703,2.096180183066954
kong/kong -> traefik/traefik,0.5133039516622881,7.111788980287652
traefik/traefik -> haproxy/haproxy,0.8712059932977201,-0.02500107449248043
kong/kong -> haproxy/haproxy,-0.8332033555314943,1.8275496060646486
traefik/traefik -> kong/kong,-0.2542833593177325,5.947367043104859
haproxy/haproxy -> kong/kong,0.15830462153676234,1.225012106188019
