,AMS_ij,normalized_AMS_ij
TryGhost/Ghost -> strapi/strapi,-0.1348834059030145,-2.3034931482410017
decaporg/decap-cms -> strapi/strapi,5.039207445899272,108.3849045167265
strapi/strapi -> TryGhost/Ghost,-0.8386060158022739,-11.64989722908031
decaporg/decap-cms -> TryGhost/Ghost,3.6088091988232254,53.548031537910624
strapi/strapi -> decaporg/decap-cms,0.020944296983175115,3.4503845788198526
TryGhost/Ghost -> decaporg/decap-cms,0.11130991072689171,15.786090201438974
