,AMS_ij,normalized_AMS_ij
emberjs/ember.js -> angular/angular,-0.47913399323756123,-0.13585923903099228
facebook/react -> angular/angular,0.8439518352969768,15.357444904903595
angular/angular -> emberjs/ember.js,-0.6315779241404205,-9.663739783794405
facebook/react -> emberjs/ember.js,-0.47894571616737036,-3.3902597459452206
angular/angular -> facebook/react,-0.6287977464570003,-10.154824983841376
emberjs/ember.js -> facebook/react,0.04126188400766381,6.498332707680668
