,AMS_ij,normalized_AMS_ij
pytorch/pytorch -> tensorflow/tensorflow,-0.03811442681727524,0.6639587848092017
apache/mxnet -> tensorflow/tensorflow,-13.653872738513913,-46.196813563373574
tensorflow/tensorflow -> pytorch/pytorch,-0.024668332387565967,0.42383323889295915
apache/mxnet -> pytorch/pytorch,15.539272074717939,27.561440744684695
tensorflow/tensorflow -> apache/mxnet,-0.20103939935511583,-8.569070033344236
pytorch/pytorch -> apache/mxnet,0.05625864590104884,1.3437300744213514
