,AMS_ij,normalized_AMS_ij
pulsar-edit/pulsar -> microsoft/vscode,-2.9672798379767125,-14.380065713792245
neovim/neovim -> microsoft/vscode,-4.02727909061711,-19.740057317985162
microsoft/vscode -> pulsar-edit/pulsar,0.10871573201739262,1.609008138140771
neovim/neovim -> pulsar-edit/pulsar,-0.2075217892010725,-8.805928599280612
microsoft/vscode -> neovim/neovim,-0.18012598548554984,-3.4650223779458247
pulsar-edit/pulsar -> neovim/neovim,-1.7342484687141249,-30.580821237367424
