,AMS_ij,normalized_AMS_ij
pulsar-edit/pulsar -> microsoft/vscode,14.910048479579956,6.84411363414278
neovim/neovim -> microsoft/vscode,1.69376360349142,1.406647125233298
microsoft/vscode -> pulsar-edit/pulsar,0.4243223913702965,2.6090943161795868
neovim/neovim -> pulsar-edit/pulsar,-1.1895813447925176,-6.9839846897681195
microsoft/vscode -> neovim/neovim,0.7271456178592601,3.379666194973343
pulsar-edit/pulsar -> neovim/neovim,-0.15247539485018347,-8.390271999902577
