,AMS_ij,normalized_AMS_ij
pulsar-edit/pulsar -> microsoft/vscode,1.906085081131518,3.7541523474261407
neovim/neovim -> microsoft/vscode,-2.7297967568860217,-1.6748493868374328
microsoft/vscode -> pulsar-edit/pulsar,1.7290395392396118,3.51697683220202
neovim/neovim -> pulsar-edit/pulsar,-0.7489314532723381,-1.8450688683057035
microsoft/vscode -> neovim/neovim,0.6059243279667228,1.2561858190236403
pulsar-edit/pulsar -> neovim/neovim,0.6814356001419215,0.9076878853164976
