,AMS_ij,normalized_AMS_ij
reduxjs/redux-toolkit -> reduxjs/redux,0.0941172067523129,-1.229310781311464
mobxjs/mobx -> reduxjs/redux,-1.9829627880616365,-91.25089076892259
reduxjs/redux -> reduxjs/redux-toolkit,-4.567540375066573,-60.95074479376733
mobxjs/mobx -> reduxjs/redux-toolkit,1.1541717697264464,9.109931710729139
reduxjs/redux -> mobxjs/mobx,0.10869615398158988,15.464102974948437
reduxjs/redux-toolkit -> mobxjs/mobx,0.013852700287375208,2.487140611936763
