,AMS_ij,normalized_AMS_ij
angular/angular -> sveltejs/svelte,0.7509387196433146,17.944363036603043
facebook/react -> sveltejs/svelte,-3.398412099417762,-65.2757775179304
sveltejs/svelte -> angular/angular,8.112802937248706,52.87470821860553
facebook/react -> angular/angular,-4.465429782008426,23.104480275933433
sveltejs/svelte -> facebook/react,-1.2283870986295813,-23.47546251378386
angular/angular -> facebook/react,-0.6646370931608475,-8.883798239293483
