,AMS_ij,normalized_AMS_ij
eslint/eslint -> prettier/prettier,1.0484391430433857,13.648865903844593
standard/standard -> prettier/prettier,-1.3587788221275763,2.163357205167375
prettier/prettier -> eslint/eslint,0.46270510300015555,3.869901423757125
standard/standard -> eslint/eslint,0.18292961660391294,-7.670289799791494
prettier/prettier -> standard/standard,-0.0010125515293534252,0.13172498292431134
eslint/eslint -> standard/standard,0.23362461613977925,9.342563249135566
