,AMS_ij,normalized_AMS_ij
apolloauto/apollo -> commaai/openpilot,0.09897249011626766,1.0991422584376842
carla-simulator/carla -> commaai/openpilot,-0.2559482652740185,0.8611473316155043
commaai/openpilot -> apolloauto/apollo,9.953935090260142,18.523183165143436
carla-simulator/carla -> apolloauto/apollo,1.7828996430536825,0.8078503500375676
commaai/openpilot -> carla-simulator/carla,0.19602486871138658,5.462946431369944
apolloauto/apollo -> carla-simulator/carla,-0.0655171675904092,-0.6354211393294635
