,AMS_ij,normalized_AMS_ij
vercel/next.js -> gatsbyjs/gatsby,-1.1415856823031039,-14.395354507333824
gohugoio/hugo -> gatsbyjs/gatsby,2.2720335964864304,8.337018300335068
gatsbyjs/gatsby -> vercel/next.js,-0.30763431068596736,-8.529820539173421
gohugoio/hugo -> vercel/next.js,0.27802537677762185,8.715362364676816
gatsbyjs/gatsby -> gohugoio/hugo,0.7393419406564707,4.6269444059573095
vercel/next.js -> gohugoio/hugo,-0.3657192232472943,9.86401027591191
