,AMS_ij,normalized_AMS_ij
mintty/mintty -> microsoft/terminal,1.3860450389720569,44.26147412510048
alacritty/alacritty -> microsoft/terminal,0.0823693386708701,6.912119893644614
microsoft/terminal -> mintty/mintty,-0.8201535236930075,-13.189335896378557
alacritty/alacritty -> mintty/mintty,0.15239259896107527,2.660706180350466
microsoft/terminal -> alacritty/alacritty,1.2204884598793708,17.181044302332605
mintty/mintty -> alacritty/alacritty,-0.6656413103319843,-19.326497613472
