,AMS_ij,normalized_AMS_ij
fastify/fastify -> nestjs/nest,6.0615649887243235,42.296506210218126
koajs/koa -> nestjs/nest,7.319512364170091,31.197813276446663
nestjs/nest -> fastify/fastify,2.821822614689787,24.261229971855645
koajs/koa -> fastify/fastify,1.6637529906198962,26.89413773142073
nestjs/nest -> koajs/koa,0.109448112985533,8.101033289426542
fastify/fastify -> koajs/koa,-0.1462593732804723,-11.059640379637377
