,AMS_ij,normalized_AMS_ij
ant-design/ant-design -> ElemeFE/element,0.03374751680530534,2.2132556972993744
youzan/vant -> ElemeFE/element,-0.28380161426956485,-17.575359674527828
ElemeFE/element -> ant-design/ant-design,-6.601328417023048,-59.539957174427286
youzan/vant -> ant-design/ant-design,2.191136189300829,9.911034061754041
ElemeFE/element -> youzan/vant,-1.58911577455165,-39.83646529123604
ant-design/ant-design -> youzan/vant,1.4050840491701801,17.37571198861084
