,AMS_ij,normalized_AMS_ij
jonas/tig -> jesseduffield/lazygit,4.782624491157025,30.85838221710766
dandavison/delta -> jesseduffield/lazygit,2.7662130070168898,12.973056505888437
jesseduffield/lazygit -> jonas/tig,-0.06235398541811393,1.1766269672479708
dandavison/delta -> jonas/tig,0.16480766804044217,4.19102997084108
jesseduffield/lazygit -> dandavison/delta,1.7679954310791017,10.427095249236396
jonas/tig -> dandavison/delta,-3.38105777365294,-49.650651298633086
