,AMS_ij,normalized_AMS_ij
jonas/tig -> jesseduffield/lazygit,0.24847371101249754,10.949536034072423
dandavison/delta -> jesseduffield/lazygit,-1.204403080295936,-5.946482513333779
jesseduffield/lazygit -> jonas/tig,-4.2371722970996686e-05,-0.43146514827781385
dandavison/delta -> jonas/tig,0.1074199925259457,15.000705590640454
jesseduffield/lazygit -> dandavison/delta,-0.022456263165837938,-0.6556793683071651
jonas/tig -> dandavison/delta,0.8564680322680196,57.74465188281004
