,AMS_ij,normalized_AMS_ij
nodejs/node -> denoland/deno,0.8898801877131602,5.331013701568563
oven-sh/bun -> denoland/deno,-0.10740385601844182,-7.352024696459517
denoland/deno -> nodejs/node,-0.7728472317430568,-0.9362522469725113
oven-sh/bun -> nodejs/node,0.2796189253506109,0.6489354127722835
denoland/deno -> oven-sh/bun,-1.4912524046276838,-13.907988245152364
nodejs/node -> oven-sh/bun,-2.4777990391575333,-8.634108567198084
