,AMS_ij,normalized_AMS_ij
insin/nwb -> vercel/next.js,97.01213710995529,569.1352020681651
facebook/create-react-app -> vercel/next.js,-0.6568283058385004,3.792696548462583
vercel/next.js -> insin/nwb,0.005012908885856055,4.08025805585253
facebook/create-react-app -> insin/nwb,0.02715287353903704,9.73422841570288
vercel/next.js -> facebook/create-react-app,0.13473071798347452,7.822188129947043
insin/nwb -> facebook/create-react-app,-1.943320798994134,-159.03536243601891
