,AMS_ij,normalized_AMS_ij
php/php-src -> python/cpython,-2.936533561389216,-2.0674039171487446
ruby/ruby -> python/cpython,-2.9737789495183193,29.17200763010421
python/cpython -> php/php-src,0.876891369544295,1.2790551575430054
ruby/ruby -> php/php-src,-4.598619476146454,-22.9610730446743
python/cpython -> ruby/ruby,0.056478321728959655,7.3374231873705025
php/php-src -> ruby/ruby,-0.8880713631289054,-9.95717674266952
