,AMS_ij,normalized_AMS_ij
php/php-src -> python/cpython,-1.6118538465269163,-5.762364088260436
ruby/ruby -> python/cpython,3.5144808699654693,-17.56740229643493
python/cpython -> php/php-src,0.8943835885811188,-2.289486464706756
ruby/ruby -> php/php-src,-7.716263340411615,-10.85752711952811
python/cpython -> ruby/ruby,1.3612990531978273,-0.4058597420391934
php/php-src -> ruby/ruby,1.1417599440121913,0.9317685310350465
