,AMS_ij,normalized_AMS_ij
php/php-src -> python/cpython,3.8870271031416026,9.581310021567669
ruby/ruby -> python/cpython,4.742848451064024,8.703498780029221
python/cpython -> php/php-src,3.3591631855493636,2.152257217564655
ruby/ruby -> php/php-src,-3.9271965671196036,-16.09526035335334
python/cpython -> ruby/ruby,0.8205661244436062,-0.5155489749338527
php/php-src -> ruby/ruby,-3.249494853106004,-5.15977346845105
