,AMS_ij,normalized_AMS_ij
php/php-src -> python/cpython,0.5433395020509676,2.3564418744224276
ruby/ruby -> python/cpython,3.7532602572477223,7.223899129168444
python/cpython -> php/php-src,-0.9968527498067777,0.09212201785395241
ruby/ruby -> php/php-src,0.7085754903774824,0.1834917910449532
python/cpython -> ruby/ruby,0.635907183133383,1.2114388605803188
php/php-src -> ruby/ruby,-0.3411320506670517,1.7415701035834015
