,AMS_ij,normalized_AMS_ij
php/php-src -> python/cpython,0.14424470118897087,4.260139303519009
ruby/ruby -> python/cpython,0.25256547433335863,1.6237161689097082
python/cpython -> php/php-src,6.2366971324597404,20.535437102120174
ruby/ruby -> php/php-src,-0.10065496741797848,-0.7664812616141674
python/cpython -> ruby/ruby,-7.758016147444045,-9.426529156462976
php/php-src -> ruby/ruby,-2.6701753451203714,-4.298817025250708
