,AMS_ij,normalized_AMS_ij
django/django -> rails/rails,0.402374234120321,12.354933051094271
sinatra/sinatra -> rails/rails,11.322343899985105,15.875144621042486
rails/rails -> django/django,-0.16400284696664508,-2.069518437908866
sinatra/sinatra -> django/django,0.8056723875578264,2.019618504521742
rails/rails -> sinatra/sinatra,0.023006434921219277,-0.2800121712939554
django/django -> sinatra/sinatra,0.4251874045062991,7.234737119712921
