,AMS_ij,normalized_AMS_ij
rails/rails -> django/django,-1.1647941285588361,-7.555076911769593
pallets/flask -> django/django,-0.003417296588621249,-0.2404328018260388
django/django -> rails/rails,-8.593387060683057,-19.202890222464067
pallets/flask -> rails/rails,10.38949943240217,3.60594949802809
django/django -> pallets/flask,-0.14917294437146855,0.8238312394691406
rails/rails -> pallets/flask,0.15074283585712994,1.5783297864741683
