,AMS_ij,normalized_AMS_ij
stimulusjs/stimulus -> jquery/jquery,-1.5020147831290944,-34.44272928724067
fabiospampinato/cash -> jquery/jquery,0.9372033627886873,-1.4978000049294373
jquery/jquery -> stimulusjs/stimulus,-3.9666174050865415,-88.78254212971734
fabiospampinato/cash -> stimulusjs/stimulus,5.929283353231934,5.3548283933659135
jquery/jquery -> fabiospampinato/cash,1.2995288593489156,21.019168789522432
stimulusjs/stimulus -> fabiospampinato/cash,0.17311171384313404,0.8714458375277311
