,AMS_ij,normalized_AMS_ij
llvm/llvm-project -> golang/go,-0.8934927624139768,-2.660168002288731
gcc-mirror/gcc -> golang/go,0.4711391374521199,2.5773946800476337
golang/go -> llvm/llvm-project,-13.612795401811933,-14.584099174597306
gcc-mirror/gcc -> llvm/llvm-project,0.12246588816904294,0.7607507522458223
golang/go -> gcc-mirror/gcc,0.03484356327419724,-5.297661704535238
llvm/llvm-project -> gcc-mirror/gcc,-0.3374283736051282,-3.0558726671641643
