,AMS_ij,normalized_AMS_ij
llvm/llvm-project -> golang/go,-1.825088960812663,-7.087269615766677
gcc-mirror/gcc -> golang/go,2.8454311169262345,11.285828014987235
golang/go -> llvm/llvm-project,-11.980172080462868,-13.133232248332599
gcc-mirror/gcc -> llvm/llvm-project,5.978861567269699,6.926013540171986
golang/go -> gcc-mirror/gcc,2.5320970044111464,-0.5788566380852055
llvm/llvm-project -> gcc-mirror/gcc,0.28141979501710757,-2.4555843276066893
