,AMS_ij,normalized_AMS_ij
seleniumhq/selenium -> scrapy/scrapy,0.21923891186587519,2.2598375965391497
microlinkhq/metascraper -> scrapy/scrapy,-1.1375993936676085,-17.70646993664244
scrapy/scrapy -> seleniumhq/selenium,2.278120677657257,14.390750262176038
microlinkhq/metascraper -> seleniumhq/selenium,2.5720239378350733,12.466030348797213
scrapy/scrapy -> microlinkhq/metascraper,0.3503073129386657,8.02727854416377
seleniumhq/selenium -> microlinkhq/metascraper,0.17630330774010888,-0.3478838762296982
