,AMS_ij,normalized_AMS_ij
scala/scala -> jetbrains/kotlin,-4.412071414250606,-5.601448103139325
apache/groovy -> jetbrains/kotlin,2.588472715053636,-0.9567056344568701
jetbrains/kotlin -> scala/scala,-1.8132816233223366,-4.9780801069630956
apache/groovy -> scala/scala,0.4915678304113048,-6.471868077986562
jetbrains/kotlin -> apache/groovy,-0.20118014093541114,-2.630804801014705
scala/scala -> apache/groovy,-0.3839760049155728,-4.910565407345568
