,AMS_ij,normalized_AMS_ij
rust-lang/rust -> JuliaLang/julia,-3.9634024317591985,-13.576831341509422
python/cpython -> JuliaLang/julia,1.1321770957572241,4.04836447910977
JuliaLang/julia -> rust-lang/rust,-9.611693659510557,-23.38431125083097
python/cpython -> rust-lang/rust,1.5306338558312083,4.266564249098764
JuliaLang/julia -> python/cpython,3.8384675121600895,7.080669947506362
rust-lang/rust -> python/cpython,2.430065876235878,8.240923387466834
