,AMS_ij,normalized_AMS_ij
rust-lang/rust -> JuliaLang/julia,-0.1626476544024692,-1.032096334072087
python/cpython -> JuliaLang/julia,0.004252387853687305,2.958232469545445
JuliaLang/julia -> rust-lang/rust,-3.2075246785899796,-2.872345997192064
python/cpython -> rust-lang/rust,3.83240552729866,6.0133078881131405
JuliaLang/julia -> python/cpython,-0.44611508694751023,-5.605094977051799
rust-lang/rust -> python/cpython,0.17044370501551573,1.7536761857782686
