,AMS_ij,normalized_AMS_ij
rust-lang/rust -> JuliaLang/julia,0.14745170909165345,1.8626240999087793
python/cpython -> JuliaLang/julia,0.2671022040954262,3.1477432186751844
JuliaLang/julia -> rust-lang/rust,-4.378575726338082,-13.080078844741694
python/cpython -> rust-lang/rust,-0.26422208417209014,-2.784305908602217
JuliaLang/julia -> python/cpython,-1.304477390231706,-11.30949709641344
rust-lang/rust -> python/cpython,-0.03736380362555396,-0.627702143921176
