,AMS_ij,normalized_AMS_ij
ohmyzsh/ohmyzsh -> Bash-it/bash-it,0.24850583868415066,1.0919390354687721
sorin-ionescu/prezto -> Bash-it/bash-it,1.1804686188070945,52.6155788624474
Bash-it/bash-it -> ohmyzsh/ohmyzsh,0.06093333067585259,16.43037150559865
sorin-ionescu/prezto -> ohmyzsh/ohmyzsh,-0.7484879937122788,-51.69869270179982
Bash-it/bash-it -> sorin-ionescu/prezto,0.06772469930255302,9.076197126347967
ohmyzsh/ohmyzsh -> sorin-ionescu/prezto,-0.1325903208005014,-17.142441290395517
