,AMS_ij,normalized_AMS_ij
nodejs/node -> python/cpython,-0.8172805193402439,0.9656091053982088
ruby/ruby -> python/cpython,1.7558793648336037,3.9376321667349288
python/cpython -> nodejs/node,0.6473297889712484,1.7017654761807617
ruby/ruby -> nodejs/node,0.6491496907748174,11.857662027957895
python/cpython -> ruby/ruby,0.21802911370736755,2.198183965037374
nodejs/node -> ruby/ruby,-0.7716632569054531,4.6820361917937525
