,AMS_ij,normalized_AMS_ij
nodejs/node -> python/cpython,-0.686924189125381,-1.4106921025549406
ruby/ruby -> python/cpython,-1.2605375855045735,-8.081146928306921
python/cpython -> nodejs/node,0.7750421960083296,6.771982667810922
ruby/ruby -> nodejs/node,1.1374869605556683,5.752098815596007
python/cpython -> ruby/ruby,-4.885253028498845,-13.463195524375053
nodejs/node -> ruby/ruby,-3.8161505430241123,-0.6941658222748192
