,AMS_ij,normalized_AMS_ij
nodejs/node -> python/cpython,-1.2724117909260622,0.918280071572546
ruby/ruby -> python/cpython,0.31764934012766155,1.5500326579864547
python/cpython -> nodejs/node,-0.1669674519403451,4.515055941828998
ruby/ruby -> nodejs/node,0.1402865042361227,1.0530783528579952
python/cpython -> ruby/ruby,-1.3765674510533648,-5.54026087093692
nodejs/node -> ruby/ruby,-4.751408450585862,-5.024765767393073
