,AMS_ij,normalized_AMS_ij
nodejs/node -> python/cpython,-1.3207607132407353,1.1551712461377355
ruby/ruby -> python/cpython,-0.2620458359377341,1.494596409055882
python/cpython -> nodejs/node,0.028189755821601672,1.0573223610867348
ruby/ruby -> nodejs/node,-0.8713770458300664,-4.97725336778909
python/cpython -> ruby/ruby,-0.09185192740052076,0.3892522653663105
nodejs/node -> ruby/ruby,-1.8112088483005784,-1.573536431247759
