,AMS_ij,normalized_AMS_ij
socketio/socket.io -> websockets/ws,-0.45538324091068927,-15.985533487354123
faye/faye -> websockets/ws,-2.690495474175137,-44.16963036541321
websockets/ws -> socketio/socket.io,-3.095722994726918,-41.86598988349747
faye/faye -> socketio/socket.io,2.0951476230988364,0.4710306525574517
websockets/ws -> faye/faye,0.30107373637492046,9.99837160291058
socketio/socket.io -> faye/faye,-0.03263012418998372,-2.5652663453610605
