,AMS_ij,normalized_AMS_ij
socketio/socket.io -> websockets/ws,0.04426356595180397,-2.555635972862711
faye/faye -> websockets/ws,-4.029759869476549,107.96286321418731
websockets/ws -> socketio/socket.io,-4.82246868215382,-169.08240147919855
faye/faye -> socketio/socket.io,-7.069948420105355,159.77839782945753
websockets/ws -> faye/faye,0.03329247615329979,17.732289924777167
socketio/socket.io -> faye/faye,-0.007497735233408017,-4.771014650603312
