,AMS_ij,normalized_AMS_ij
expressjs/express -> balderdashy/sails,0.5155173402653499,35.13633937890441
hapijs/hapi -> balderdashy/sails,-1.1387205892260734,-31.120119250375183
balderdashy/sails -> expressjs/express,0.8378110691430025,29.91512406535499
hapijs/hapi -> expressjs/express,0.7937930358762315,50.04807522602428
balderdashy/sails -> hapijs/hapi,0.10962832216069907,6.890073519076978
expressjs/express -> hapijs/hapi,0.006258393044119681,20.829024781716434
