,AMS_ij,normalized_AMS_ij
rust-lang/rust -> golang/go,-0.19804126918722964,-0.19426064678110655
nim-lang/Nim -> golang/go,-1.4178285292721975,-27.312342063649986
golang/go -> rust-lang/rust,0.45809089203022824,2.246887295687767
nim-lang/Nim -> rust-lang/rust,38.8381325691982,72.26038225302871
golang/go -> nim-lang/Nim,-1.4439316478127282,-22.4991052548989
rust-lang/rust -> nim-lang/Nim,-0.11441075089791716,-0.5311732263239978
