,AMS_ij,normalized_AMS_ij
rust-lang/rust -> golang/go,-2.110505198777439,-3.142717334903358
nim-lang/Nim -> golang/go,-11.792751994577293,-3.8134536205380285
golang/go -> rust-lang/rust,-1.5092293504772474,2.457581379225033
nim-lang/Nim -> rust-lang/rust,-26.82161333037838,-75.59013695426016
golang/go -> nim-lang/Nim,0.5917688173105029,11.27434963059447
rust-lang/rust -> nim-lang/Nim,-1.3374120270804954,-18.626885078586913
