,AMS_ij,normalized_AMS_ij
rust-lang/rust -> golang/go,-0.8106651789129355,-1.9149506771454172
nim-lang/Nim -> golang/go,0.4420591997978497,1.7341918818470334
golang/go -> rust-lang/rust,1.6486714305155152,0.4200735098050532
nim-lang/Nim -> rust-lang/rust,6.918262061053574,3.7793560755393654
golang/go -> nim-lang/Nim,-0.04281994593322497,-2.079789249388318
rust-lang/rust -> nim-lang/Nim,-0.16555428685611598,-2.0243701323855867
