,AMS_ij,normalized_AMS_ij
rust-lang/rust -> golang/go,-0.5885084025941851,0.8212776500932514
nim-lang/Nim -> golang/go,-2.534027185862936,-3.804107098127094
golang/go -> rust-lang/rust,-1.7101917058656126,-1.0561470560821835
nim-lang/Nim -> rust-lang/rust,-6.912882625717699,-0.3601880773078558
golang/go -> nim-lang/Nim,-1.2729533316246289,-3.7699392158462777
rust-lang/rust -> nim-lang/Nim,-1.1386195815245943,-1.9226640634801475
