,AMS_ij,normalized_AMS_ij
lodash/lodash -> ramda/ramda,-0.4030032087563783,-11.396424268578494
jashkenas/underscore -> ramda/ramda,-3.4440671403970438,-36.10760725858237
ramda/ramda -> lodash/lodash,-0.45000879320735543,-17.211124438689172
jashkenas/underscore -> lodash/lodash,-0.9949630955574494,-11.785324660297961
ramda/ramda -> jashkenas/underscore,-2.011617917340104,-34.38369603255196
lodash/lodash -> jashkenas/underscore,-0.8147695728371847,-13.07677651748082
