,AMS_ij,normalized_AMS_ij
lodash/lodash -> ramda/ramda,-1.3377365117729296,-11.084348453005024
jashkenas/underscore -> ramda/ramda,0.9896226775946374,19.51711849101368
ramda/ramda -> lodash/lodash,0.27904573819986106,1.4833370585285348
jashkenas/underscore -> lodash/lodash,-0.20764789721275365,2.2305633910303992
ramda/ramda -> jashkenas/underscore,0.207402597468678,15.199116076778388
lodash/lodash -> jashkenas/underscore,0.43474150784557936,-5.696481896367237
