,AMS_ij,normalized_AMS_ij
swiftlang/swift -> rust-lang/rust,-12.789755857219873,-18.156579071538957
golang/go -> rust-lang/rust,0.9057887942952527,-2.036768812125187
rust-lang/rust -> swiftlang/swift,-2.057871604545719,-12.573327783704407
golang/go -> swiftlang/swift,1.7665764370096662,9.817535003801039
rust-lang/rust -> golang/go,-3.5158502711979134,-3.8864110538066243
swiftlang/swift -> golang/go,1.4702519398684175,-1.6512750295854333
