,AMS_ij,normalized_AMS_ij
apple/swift -> rust-lang/rust,-9.20714898321906,-19.116731889009735
JetBrains/kotlin -> rust-lang/rust,-0.7560919033835455,-0.43068458376353147
rust-lang/rust -> apple/swift,-1.8824098451390059,-12.261716780999866
JetBrains/kotlin -> apple/swift,-0.22316343032020522,0.41006945454252824
rust-lang/rust -> JetBrains/kotlin,-4.249554586279008,-10.327503551820021
apple/swift -> JetBrains/kotlin,-5.644161723006748,-11.564336841403197
