,AMS_ij,normalized_AMS_ij
d3/d3 -> highcharts/highcharts,9.002531614109532,-24.36506287300958
plotly/plotly.js -> highcharts/highcharts,2.336503588428256,6.172938255067918
highcharts/highcharts -> d3/d3,-0.07414337664080622,0.5684236211993648
plotly/plotly.js -> d3/d3,-0.270191299022305,-4.098231198942917
highcharts/highcharts -> plotly/plotly.js,-1.578437515491761,-1.8009618498550677
d3/d3 -> plotly/plotly.js,6.620491406677367,22.602187675319858
