,AMS_ij,normalized_AMS_ij
psf/requests -> urllib3/urllib3,0.6694425861348592,6.980291917592855
twisted/treq -> urllib3/urllib3,-1.1539618763191382,-2.487621822413083
urllib3/urllib3 -> psf/requests,-1.8351418339871337,-4.601884829781387
twisted/treq -> psf/requests,-10.158516534512557,-38.93976627020406
urllib3/urllib3 -> twisted/treq,0.11809412002692292,0.29078021653692304
psf/requests -> twisted/treq,-0.5704199933124044,-8.155211533085192
