,AMS_ij,normalized_AMS_ij
psf/requests -> urllib3/urllib3,0.4124772031389412,13.310732723800598
twisted/treq -> urllib3/urllib3,0.44997955454225097,13.281547654760011
urllib3/urllib3 -> psf/requests,-0.9433636032305851,-21.686720992731168
twisted/treq -> psf/requests,0.04360001990545149,6.224286890197418
urllib3/urllib3 -> twisted/treq,-1.0892458573476678,-29.65139090230524
psf/requests -> twisted/treq,0.7149239643186163,2.332026121667446
