,AMS_ij,normalized_AMS_ij
psf/requests -> urllib3/urllib3,-2.0222334319600255,-15.515550391239813
twisted/treq -> urllib3/urllib3,-0.6756937353339894,-15.424383166162794
urllib3/urllib3 -> psf/requests,0.9841436903328636,-1.8949525095104482
twisted/treq -> psf/requests,1.533232153478534,4.4256222135475225
urllib3/urllib3 -> twisted/treq,-0.7508169952056631,-17.160635467728913
psf/requests -> twisted/treq,0.11307418493141869,0.7412485395075312
