,AMS_ij,normalized_AMS_ij
pallets/flask -> django/django,0.32418747420182314,2.77035586214261
expressjs/express -> django/django,0.7461037382894886,22.3601251638738
django/django -> pallets/flask,-0.04232335512477866,3.233199986984836
expressjs/express -> pallets/flask,1.3619192258579986,43.33830175234271
django/django -> expressjs/express,-0.09301490006067821,-6.187098568645342
pallets/flask -> expressjs/express,0.14679026259737757,13.79103796259713
