,AMS_ij,normalized_AMS_ij
pallets/flask -> django/django,0.055498307759374366,3.3643801805316573
expressjs/express -> django/django,-3.768278530533294,-28.549887985074836
django/django -> pallets/flask,-0.19292716242344998,0.5534733024219568
expressjs/express -> pallets/flask,-1.2233008186627141,-9.718213628348956
django/django -> expressjs/express,-1.023484956375896,-13.088014849126992
pallets/flask -> expressjs/express,-1.0261301961984821,2.5995917638501513
