,AMS_ij,normalized_AMS_ij
moment/moment -> date-fns/date-fns,0.18428468573325268,2.70225250309441
moment/luxon -> date-fns/date-fns,2.5437724877281807,22.763157389656193
date-fns/date-fns -> moment/moment,2.0710067933988077,5.392619918419109
moment/luxon -> moment/moment,0.7911819861305488,5.016272981068123
date-fns/date-fns -> moment/luxon,-0.2868022379672307,-5.683566027975228
moment/moment -> moment/luxon,0.22545397122729174,2.193033890288472
