,AMS_ij,normalized_AMS_ij
rclone/rclone -> iterate-ch/cyberduck,2.198954662551232,9.154813080309566
aws/aws-cli -> iterate-ch/cyberduck,3.378576457582602,0.641869141332442
iterate-ch/cyberduck -> rclone/rclone,0.4573842972653893,4.009601322101321
aws/aws-cli -> rclone/rclone,0.9142172869539548,3.4841092461483925
iterate-ch/cyberduck -> aws/aws-cli,0.30248497144685604,2.680114132458962
rclone/rclone -> aws/aws-cli,-0.8918839228497358,-8.583597923101689
