,AMS_ij,normalized_AMS_ij
moby/moby -> canonical/lxd,1.3604506013777853,4.954644968401829
containerd/containerd -> canonical/lxd,-5.81284986035333,-13.127778181567324
canonical/lxd -> moby/moby,-2.6976475639777924,-0.6386142799782697
containerd/containerd -> moby/moby,19.71064441390028,49.49296734760724
canonical/lxd -> containerd/containerd,0.19317436662531323,4.258890357548741
moby/moby -> containerd/containerd,1.587849830393373,7.714026067273647
