,AMS_ij,normalized_AMS_ij
grafana/grafana -> getsentry/sentry,1.0035912848963244,8.707499989511087
elastic/kibana -> getsentry/sentry,0.41112006875209084,-9.353068580320555
getsentry/sentry -> grafana/grafana,-11.120768260054984,-13.286983976839316
elastic/kibana -> grafana/grafana,6.051171458608904,14.603861038988622
getsentry/sentry -> elastic/kibana,-15.456664490606219,-40.22924425412876
grafana/grafana -> elastic/kibana,2.8971463558193973,11.050809738408883
