,AMS_ij,normalized_AMS_ij
electron/electron -> AvaloniaUI/Avalonia,-0.10923556941492729,0.3015340952066056
nwjs/nw.js -> AvaloniaUI/Avalonia,-0.26946485627624933,8.809647642801746
AvaloniaUI/Avalonia -> electron/electron,0.17181542278193807,0.9077545960657274
nwjs/nw.js -> electron/electron,5.502567644713299,0.9070575291891259
AvaloniaUI/Avalonia -> nwjs/nw.js,0.020441454041507406,-1.61088675423904
electron/electron -> nwjs/nw.js,0.2132871549150877,1.938134019765403
