,AMS_ij,normalized_AMS_ij
godotengine/godot -> MonoGame/MonoGame,-0.8858435377863665,26.267193108555254
4ian/GDevelop -> MonoGame/MonoGame,2.180558189734443,26.502568885445942
MonoGame/MonoGame -> godotengine/godot,1.0264962997352236,22.140877557438635
4ian/GDevelop -> godotengine/godot,-2.577116128947764,-7.229241111129614
MonoGame/MonoGame -> 4ian/GDevelop,-0.21297462341512852,-8.211025688476955
godotengine/godot -> 4ian/GDevelop,-0.2149303540896315,16.30037252231654
