,AMS_ij,normalized_AMS_ij
godotengine/godot -> MonoGame/MonoGame,-0.17768423843378706,-1.1576514341451423
4ian/GDevelop -> MonoGame/MonoGame,0.39679105393629677,-3.1573362514443635
MonoGame/MonoGame -> godotengine/godot,2.823846256180684,3.255539529893494
4ian/GDevelop -> godotengine/godot,-2.511867790811356,-2.993810504940851
MonoGame/MonoGame -> 4ian/GDevelop,0.3673966740953538,1.8932600959815855
godotengine/godot -> 4ian/GDevelop,-0.11657983126431953,-0.4162715350584118
