,AMS_ij,normalized_AMS_ij
godotengine/godot -> MonoGame/MonoGame,0.14138399607093963,0.7823969260519502
4ian/GDevelop -> MonoGame/MonoGame,0.42419648462134824,7.695672579206459
MonoGame/MonoGame -> godotengine/godot,-17.939049992717454,-15.71553288406541
4ian/GDevelop -> godotengine/godot,6.048988157186228,7.504293627788307
MonoGame/MonoGame -> 4ian/GDevelop,-0.8914190831845679,3.432489131214817
godotengine/godot -> 4ian/GDevelop,-0.542640393217779,-4.885054348983816
