,AMS_ij,normalized_AMS_ij
tryghost/ghost -> WordPress/WordPress,-0.18090537636629703,1.8111434551360919
getgrav/grav -> WordPress/WordPress,2.9022367738151713,8.82495228336225
WordPress/WordPress -> tryghost/ghost,-7.559725406053529,-26.915966953080662
getgrav/grav -> tryghost/ghost,12.058779883743188,41.01748646134944
WordPress/WordPress -> getgrav/grav,0.781656301705282,12.142226995904334
tryghost/ghost -> getgrav/grav,0.4079047716130055,10.352866214866152
