,AMS_ij,normalized_AMS_ij
chartjs/chart.js -> highcharts/highcharts,-6.167729422156753,-1.8957236379088014
d3/d3 -> highcharts/highcharts,2.6454561911192513,18.001999296636576
highcharts/highcharts -> chartjs/chart.js,-0.4312470117134505,-0.1080931836876276
d3/d3 -> chartjs/chart.js,0.9167715663863363,4.11799117410249
highcharts/highcharts -> d3/d3,0.5272595848880273,7.556609419282618
chartjs/chart.js -> d3/d3,5.277558906769297,-0.34101428306549536
