,AMS_ij,normalized_AMS_ij
apache/echarts -> highcharts/highcharts,0.4082419972779715,-4.2933221131012145
plotly/plotly.js -> highcharts/highcharts,-5.721067825678796,-10.991794189722507
highcharts/highcharts -> apache/echarts,0.8254238807425065,6.482908534145274
plotly/plotly.js -> apache/echarts,2.181151159791696,20.363892311504472
highcharts/highcharts -> plotly/plotly.js,-2.459935751508213,-6.045828538866646
apache/echarts -> plotly/plotly.js,0.7045224036044555,5.949896149896544
