,AMS_ij,normalized_AMS_ij
etcd-io/etcd -> hashicorp/consul,-0.06973438303489025,0.7489123701855445
apache/zookeeper -> hashicorp/consul,11.481554671634466,16.435621176555582
hashicorp/consul -> etcd-io/etcd,-0.0004133831209744993,-0.31456441069971547
apache/zookeeper -> etcd-io/etcd,2.442745537355698,-7.632893009379351
hashicorp/consul -> apache/zookeeper,-0.010141148806173785,0.33631274334498706
etcd-io/etcd -> apache/zookeeper,0.12230475015907381,1.0472833137481197
