,AMS_ij,normalized_AMS_ij
netdata/netdata -> grafana/grafana,1.396988625037189,7.6071085797272024
cacti/cacti -> grafana/grafana,-10.494164609559157,-34.83610775866502
grafana/grafana -> netdata/netdata,0.7540007653907445,6.004672846001759
cacti/cacti -> netdata/netdata,-0.22567487754818405,-0.2931092825400083
grafana/grafana -> cacti/cacti,-0.4258680085306371,-2.983645693348686
netdata/netdata -> cacti/cacti,-0.0463139241387583,-0.11348395484484572
