,AMS_ij,normalized_AMS_ij
netdata/netdata -> grafana/grafana,2.1412967965207867,2.9054535891322493
cacti/cacti -> grafana/grafana,0.6452964422860428,5.995927182023608
grafana/grafana -> netdata/netdata,-2.858107011495368,-16.780192936855986
cacti/cacti -> netdata/netdata,0.5797548105525823,3.213973800042576
grafana/grafana -> cacti/cacti,1.0895352612961342,6.640675945176265
netdata/netdata -> cacti/cacti,-0.9685746382334165,-4.673009866338928
