,AMS_ij,normalized_AMS_ij
ansible/ansible -> saltstack/salt,1.3582770498429793,2.021680325583345
cfengine/core -> saltstack/salt,-1.43956267982731,4.214380870241038
saltstack/salt -> ansible/ansible,-0.6567643068844143,-0.39695494473258597
cfengine/core -> ansible/ansible,-4.960215598872308,-8.790181637552175
saltstack/salt -> cfengine/core,-0.8294029617493932,0.8911421261434885
ansible/ansible -> cfengine/core,-3.2128095029734456,-11.352472915093328
