,AMS_ij,normalized_AMS_ij
gogs/gogs -> gitlabhq/gitlabhq,12.939857999317455,30.943686141226955
gitbucket/gitbucket -> gitlabhq/gitlabhq,-10.948710501983633,-15.17366492167007
gitlabhq/gitlabhq -> gogs/gogs,0.6215813349730528,5.655524183031512
gitbucket/gitbucket -> gogs/gogs,-3.1123708015577636,-5.774515659745311
gitlabhq/gitlabhq -> gitbucket/gitbucket,-0.16134800531686977,0.04132361412840291
gogs/gogs -> gitbucket/gitbucket,-0.6384800734305397,-6.113832500308224
