,AMS_ij,normalized_AMS_ij
avelino/awesome-go -> fffaraz/awesome-cpp,-0.543024588131597,-3.251012126003315
vinta/awesome-python -> fffaraz/awesome-cpp,-0.8421839846806211,-27.477282534069758
fffaraz/awesome-cpp -> avelino/awesome-go,-1.7555824910165585,-7.53227065964014
vinta/awesome-python -> avelino/awesome-go,0.17003935523100633,6.376295399632842
fffaraz/awesome-cpp -> vinta/awesome-python,1.210339470957888,9.929970789577082
avelino/awesome-go -> vinta/awesome-python,-0.25850792495237374,-4.065204549237852
