,AMS_ij,normalized_AMS_ij
mermaid-js/mermaid -> plantuml/plantuml,0.021406516202893876,0.23986630488466473
yuzutech/kroki -> plantuml/plantuml,-0.21365858857480136,-11.374664779805869
plantuml/plantuml -> mermaid-js/mermaid,4.757457974900035,33.56298241484039
yuzutech/kroki -> mermaid-js/mermaid,-1.7173725802676039,1.2980156666781026
plantuml/plantuml -> yuzutech/kroki,0.08399955728650885,7.07379720714821
mermaid-js/mermaid -> yuzutech/kroki,0.016492968364958865,-0.8032247102445513
