,AMS_ij,normalized_AMS_ij
gohugoio/hugo -> sphinx-doc/sphinx,-0.22209197298054303,-15.72422282443593
hexojs/hexo -> sphinx-doc/sphinx,1.2675387870009185,24.72346674271088
sphinx-doc/sphinx -> gohugoio/hugo,-1.282290374250068,-12.417860731923614
hexojs/hexo -> gohugoio/hugo,1.7488967408662857,24.0775664516857
sphinx-doc/sphinx -> hexojs/hexo,1.338902515117302,22.687468695034614
gohugoio/hugo -> hexojs/hexo,-1.071100517673745,6.965363309005113
