,AMS_ij,normalized_AMS_ij
gohugoio/hugo -> sphinx-doc/sphinx,-3.4080218234982995,-4.125051123223457
hexojs/hexo -> sphinx-doc/sphinx,5.966278001787879,21.339511531177635
sphinx-doc/sphinx -> gohugoio/hugo,0.2796119756713018,2.033259181303075
hexojs/hexo -> gohugoio/hugo,-3.4176799388402666,-11.960059815617603
sphinx-doc/sphinx -> hexojs/hexo,0.7606069509820133,14.21236770835873
gohugoio/hugo -> hexojs/hexo,-0.026028609549631918,-3.546252391037881
