,AMS_ij,normalized_AMS_ij
apache/superset -> metabase/metabase,-0.16742008435114486,-1.4004151279037536
getredash/redash -> metabase/metabase,1.3403836959103457,-1.1147103797057627
metabase/metabase -> apache/superset,0.08229658025136857,-2.2003875505489043
getredash/redash -> apache/superset,-1.2475432539849218,-5.326190768176766
metabase/metabase -> getredash/redash,-0.17365846805112173,-2.5276180195868463
apache/superset -> getredash/redash,-3.1004704432791357,-8.707763938875829
