,AMS_ij,normalized_AMS_ij
apache/superset -> metabase/metabase,-1.8232594451886737,-2.2424990792202126
getredash/redash -> metabase/metabase,15.254875284047934,91.94490195609072
metabase/metabase -> apache/superset,-0.9005698088373251,1.6569703867424155
getredash/redash -> apache/superset,14.192301942837817,10.293465512885213
metabase/metabase -> getredash/redash,1.539139926188273,39.2955763389366
apache/superset -> getredash/redash,0.5195791275308221,1.5209172894679328
