,AMS_ij,normalized_AMS_ij
traefik/traefik -> haproxy/haproxy,1.8715480444991537,20.023382543402608
kong/kong -> haproxy/haproxy,-0.2151790648603264,-3.996688272328429
haproxy/haproxy -> traefik/traefik,-0.32639380241743876,3.7754042352048724
kong/kong -> traefik/traefik,0.3676725671144385,5.670171702213687
haproxy/haproxy -> kong/kong,0.3111382592678371,-2.4669256008123823
traefik/traefik -> kong/kong,0.38944567333932195,8.075760564728423
