,AMS_ij,normalized_AMS_ij
strapi/strapi -> TryGhost/Ghost,-0.24542829766373567,-3.0698522408173123
decaporg/decap-cms -> TryGhost/Ghost,3.608809198823225,53.54803153791061
TryGhost/Ghost -> strapi/strapi,-0.3818755260335967,-7.483088784526577
decaporg/decap-cms -> strapi/strapi,5.039207445899265,108.3849045167263
TryGhost/Ghost -> decaporg/decap-cms,0.11023170714924234,15.687591700812684
strapi/strapi -> decaporg/decap-cms,-0.0017258941396477677,0.22176354196022807
