,AMS_ij,normalized_AMS_ij
storybookjs/storybook -> histoire-dev/histoire,0.8763758139026113,3.8197450883773425
tajo/ladle -> histoire-dev/histoire,-5.376522983226005,-68.70828196122586
histoire-dev/histoire -> storybookjs/storybook,-6.728379678048904,-12.300920385279207
tajo/ladle -> storybookjs/storybook,4.407385637092124,-4.011164678839629
histoire-dev/histoire -> tajo/ladle,-1.658276889108767,-48.3287650990845
storybookjs/storybook -> tajo/ladle,0.11375737637233324,0.5541504051731863
