,AMS_ij,normalized_AMS_ij
tensorflow/models -> huggingface/transformers,-10.704802403945838,-27.210363632160572
pytorch/vision -> huggingface/transformers,1.4629968400281173,4.547173353637246
huggingface/transformers -> tensorflow/models,0.11027844700386183,2.282027194440731
pytorch/vision -> tensorflow/models,-0.05051682994168516,28.839929664888697
huggingface/transformers -> pytorch/vision,-0.3824749688541314,-6.980734169159124
tensorflow/models -> pytorch/vision,-1.1839551323570818,-9.42383755148724
