,AMS_ij,normalized_AMS_ij
microsoft/vscode -> pulsar-edit/pulsar,0.6227608999694623,3.3203689389527287
neovim/neovim -> pulsar-edit/pulsar,-1.1895813447925145,-6.983984689768083
pulsar-edit/pulsar -> microsoft/vscode,11.752637591397296,5.245008573015799
neovim/neovim -> microsoft/vscode,1.6937636034914316,1.4066471252333095
pulsar-edit/pulsar -> neovim/neovim,0.029426027467655963,-7.7743932996590885
microsoft/vscode -> neovim/neovim,0.7266313819227244,3.4739166091057303
