,AMS_ij,normalized_AMS_ij
microsoft/vscode -> pulsar-edit/pulsar,1.9940441318570494,4.0036034320229446
neovim/neovim -> pulsar-edit/pulsar,-0.7489314532723379,-1.845068868305706
pulsar-edit/pulsar -> microsoft/vscode,0.9573260103631456,3.011024178851621
neovim/neovim -> microsoft/vscode,-2.7297967568860306,-1.674849386837454
pulsar-edit/pulsar -> neovim/neovim,0.7544302457693639,1.0306365328881084
microsoft/vscode -> neovim/neovim,0.5849061978425307,1.2325240455681081
