,AMS_ij,normalized_AMS_ij
sveltejs/svelte -> angular/angular,8.247392135805516,53.71242744922571
facebook/react -> angular/angular,-4.465429782008418,23.10448027593346
angular/angular -> sveltejs/svelte,0.7284579344421385,17.591857945549094
facebook/react -> sveltejs/svelte,-3.3984120994177553,-65.2757775179303
angular/angular -> facebook/react,-0.6760312674808773,-8.942927143615206
sveltejs/svelte -> facebook/react,-1.219199435290855,-23.260819142044316
