,AMS_ij,normalized_AMS_ij
eugeny/tabby -> gnome-terminator/terminator,0.2661850333262951,0.7945145084624412
alacritty/alacritty -> gnome-terminator/terminator,0.028375393260794884,6.037157919805905
gnome-terminator/terminator -> eugeny/tabby,-3.4355342686946035,12.405717788563887
alacritty/alacritty -> eugeny/tabby,0.4290011830695308,3.096016858881622
gnome-terminator/terminator -> alacritty/alacritty,4.033783664573315,10.147520007999002
eugeny/tabby -> alacritty/alacritty,0.7555168039710154,1.757265408872516
