,AMS_ij,normalized_AMS_ij
microsoft/terminal -> mintty/mintty,-0.06773850280936458,-4.255358231902856
alacritty/alacritty -> mintty/mintty,-0.5649009709004431,27.21912008165539
mintty/mintty -> microsoft/terminal,0.5305815703694557,25.60069501377945
alacritty/alacritty -> microsoft/terminal,-1.092081699705132,-30.41709073598976
mintty/mintty -> alacritty/alacritty,1.418437555231396,32.12208536915164
microsoft/terminal -> alacritty/alacritty,-0.24477341642753708,-8.370018632330268
