,AMS_ij,normalized_AMS_ij
microsoft/terminal -> mintty/mintty,-0.5346932138278704,-9.642324854810385
alacritty/alacritty -> mintty/mintty,0.1523925989610742,2.6607061803504104
mintty/mintty -> microsoft/terminal,0.4113684251381613,29.671475458393985
alacritty/alacritty -> microsoft/terminal,0.08236933867086851,6.912119893644533
mintty/mintty -> alacritty/alacritty,-0.5746160592087691,-17.883896097108398
microsoft/terminal -> alacritty/alacritty,1.2395659175940992,17.689692920903173
