,AMS_ij,normalized_AMS_ij
nestjs/nest -> fastify/fastify,3.0222931663651718,24.381516766085166
koajs/koa -> fastify/fastify,1.663752990619893,26.894137731419566
fastify/fastify -> nestjs/nest,6.010774072465903,42.02227554055177
koajs/koa -> nestjs/nest,7.319512364170106,31.197813276446794
fastify/fastify -> koajs/koa,-0.14616781412057744,-11.024169687714123
nestjs/nest -> koajs/koa,0.10991252571827441,8.11049803022491
