,AMS_ij,normalized_AMS_ij
nestjs/nest -> fastify/fastify,0.06207174823812664,-0.6095319755718123
koajs/koa -> fastify/fastify,0.35526673853843665,15.048495244136864
fastify/fastify -> nestjs/nest,-0.7576381181547687,-3.7202065425727864
koajs/koa -> nestjs/nest,-4.595027886717428,-24.131862891863413
fastify/fastify -> koajs/koa,0.046592279769897486,1.2788211758881562
nestjs/nest -> koajs/koa,0.026143650158739543,0.4468234768240917
