,AMS_ij,normalized_AMS_ij
ElemeFE/element -> ant-design/ant-design,1.6743920636853433,0.24479723509702014
youzan/vant -> ant-design/ant-design,-1.9590124708715373,1.9699189581082541
ant-design/ant-design -> ElemeFE/element,-0.3444419835062365,-0.9618202305323911
youzan/vant -> ElemeFE/element,0.009789608650344686,14.487007714118239
ant-design/ant-design -> youzan/vant,-2.351949594557694,-2.2502304211182014
ElemeFE/element -> youzan/vant,2.3353593374256416,30.054049992101838
