,AMS_ij,normalized_AMS_ij
jesseduffield/lazygit -> jonas/tig,-0.057877710925344786,1.1182096264184942
dandavison/delta -> jonas/tig,0.16480766804044217,4.191029970841015
jonas/tig -> jesseduffield/lazygit,4.605841265955947,31.509435434108624
dandavison/delta -> jesseduffield/lazygit,2.766213007016896,12.973056505888447
jonas/tig -> dandavison/delta,-3.2777348713197645,-49.942681036059234
jesseduffield/lazygit -> dandavison/delta,1.7734981109153405,10.406235999942707
