,AMS_ij,normalized_AMS_ij
jesseduffield/lazygit -> jonas/tig,-0.004913991921418117,-0.713899458561852
dandavison/delta -> jonas/tig,0.1074199925259471,15.000705590640742
jonas/tig -> jesseduffield/lazygit,1.0709590724017994,15.056711929971712
dandavison/delta -> jesseduffield/lazygit,-1.2044030802959451,-5.946482513333934
jonas/tig -> dandavison/delta,0.8634033409036423,57.83611533449379
jesseduffield/lazygit -> dandavison/delta,-0.021154926648890536,-0.5960603223548817
