,AMS_ij,normalized_AMS_ij
PrefectHQ/prefect -> apache/airflow,-0.20908541472008912,-1.7253646754102532
orchest/orchest -> apache/airflow,-0.07571712993823347,-0.5993182077106884
apache/airflow -> PrefectHQ/prefect,-3.7008506668160366,-6.312438296349043
orchest/orchest -> PrefectHQ/prefect,-0.7132341038549972,-1.9568228916397548
apache/airflow -> orchest/orchest,-2.98668749895875,-5.575006684695339
PrefectHQ/prefect -> orchest/orchest,-1.0443912491584362,-4.000723918331698
