,AMS_ij,normalized_AMS_ij
iced-rs/iced -> slint-ui/slint,0.832297029661202,1.9445777704736336
redox-os/orbtk -> slint-ui/slint,-1.2167674254699055,-5.385691626207713
slint-ui/slint -> iced-rs/iced,-0.09427127867372197,-0.8875334456461782
redox-os/orbtk -> iced-rs/iced,0.010276046126674258,1.0613183697673487
slint-ui/slint -> redox-os/orbtk,-0.7717305887394701,-7.425869438704501
iced-rs/iced -> redox-os/orbtk,0.40551035654508605,3.6195117934798975
