,AMS_ij,normalized_AMS_ij
python/cpython -> php/php-src,0.7758827811800639,-0.9017813858552329
ruby/ruby -> php/php-src,-7.71626334041161,-10.85752711952814
php/php-src -> python/cpython,-1.579437111612838,-6.979365950111937
ruby/ruby -> python/cpython,3.514480869965481,-17.567402296435052
php/php-src -> ruby/ruby,1.1235015734665523,0.9196329447636382
python/cpython -> ruby/ruby,1.3800120555833764,-0.4474082442115338
