,AMS_ij,normalized_AMS_ij
python/cpython -> php/php-src,4.484859695199696,3.3798246076539944
ruby/ruby -> php/php-src,-3.927196567119577,-16.0952603533533
php/php-src -> python/cpython,2.997352369417548,8.77012641512169
ruby/ruby -> python/cpython,4.742848451064016,8.703498780029209
php/php-src -> ruby/ruby,-3.1740988144993336,-5.177733159680206
python/cpython -> ruby/ruby,0.9984420212031822,-0.357302354293997
