,AMS_ij,normalized_AMS_ij
python/cpython -> php/php-src,6.0886032575760565,19.98372507018404
ruby/ruby -> php/php-src,-0.10065496741798013,-0.7664812616141782
php/php-src -> python/cpython,0.18286558400497982,4.670261328642635
ruby/ruby -> python/cpython,0.25256547433335663,1.6237161689096897
php/php-src -> ruby/ruby,-2.654305847660832,-4.24330738694527
python/cpython -> ruby/ruby,-7.932271184269043,-9.511819223789237
