,AMS_ij,normalized_AMS_ij
rails/rails -> django/django,0.024152356613458423,-0.49970887832671906
sinatra/sinatra -> django/django,0.8056723875577656,2.0196185045217137
django/django -> rails/rails,-1.4966039359952814,6.202363497149854
sinatra/sinatra -> rails/rails,11.322343899984928,15.875144621042448
django/django -> sinatra/sinatra,0.42707393642188396,7.092430730811916
rails/rails -> sinatra/sinatra,0.008526566042627137,-0.5508630915056157
