,AMS_ij,normalized_AMS_ij
rails/rails -> django/django,-0.04569579920385763,-1.8169977055261861
sinatra/sinatra -> django/django,-0.21153804604319265,-8.536396373127792
django/django -> rails/rails,-2.1634245284157845,-23.637379860773787
sinatra/sinatra -> rails/rails,-3.77677204356017,-42.69893792146281
django/django -> sinatra/sinatra,-0.01819908301093707,-2.198391176549645
rails/rails -> sinatra/sinatra,0.008371418687815732,0.9049910208242837
