,AMS_ij,normalized_AMS_ij
django/django -> rails/rails,5.236038112788707,7.340205797305639
pallets/flask -> rails/rails,6.327817419573434,10.334471551282768
rails/rails -> django/django,-0.17634694091562259,1.5773807046186958
pallets/flask -> django/django,5.857079264004067,17.83467935341538
rails/rails -> pallets/flask,0.12206118307436478,0.6019301315692787
django/django -> pallets/flask,1.346811485146209,4.705302202277408
