,AMS_ij,normalized_AMS_ij
django/django -> rails/rails,-5.848662120556673,-12.894885356787952
pallets/flask -> rails/rails,10.3894994324022,3.6059494980280817
rails/rails -> django/django,-1.4827328610070016,-9.622656188124173
pallets/flask -> django/django,-0.0034172965886156703,-0.2404328018260374
rails/rails -> pallets/flask,0.14388597716902135,1.5980286057060693
django/django -> pallets/flask,-0.1834747804626956,0.414570995346422
