,AMS_ij,normalized_AMS_ij
django/django -> rails/rails,0.36330264680937735,-2.344285414027726
pallets/flask -> rails/rails,1.8409162159849186,5.440674686570316
rails/rails -> django/django,-0.3416092491030569,-4.609059222918069
pallets/flask -> django/django,0.44595760550989944,3.242475567131952
rails/rails -> pallets/flask,-0.13460257333057252,-1.67985155577033
django/django -> pallets/flask,-0.01800375718404737,1.6560843638881793
