,AMS_ij,normalized_AMS_ij
golang/go -> llvm/llvm-project,7.675527381979554,3.9940803318570914
gcc-mirror/gcc -> llvm/llvm-project,-2.526771054083232,-0.9561018007853451
llvm/llvm-project -> golang/go,-0.10532319421099218,-0.35322273148890826
gcc-mirror/gcc -> golang/go,1.1777021851072378,1.6380778953635318
llvm/llvm-project -> gcc-mirror/gcc,0.2858334422562762,0.7383250424849389
golang/go -> gcc-mirror/gcc,-6.459575726017835,-3.056874206872033
