,AMS_ij,normalized_AMS_ij
jetbrains/kotlin -> scala/scala,0.41020537284213643,1.5543096949185753
apache/groovy -> scala/scala,-1.91512496031899,-4.10730479575889
scala/scala -> jetbrains/kotlin,-5.4934031368726375,-5.565394475953944
apache/groovy -> jetbrains/kotlin,-10.862889717887455,-5.662962969938231
scala/scala -> apache/groovy,-0.18074288897245333,-3.3849377626657073
jetbrains/kotlin -> apache/groovy,-0.05904963929402474,0.655081251696658
