,AMS_ij,normalized_AMS_ij
google/guava -> apache/commons-lang,-0.20593478591758616,0.39859840503592237
apache/commons-io -> apache/commons-lang,-0.5838451651164427,-3.597065912011263
apache/commons-lang -> google/guava,-0.19463098881917618,5.48858266644532
apache/commons-io -> google/guava,0.08261272947576438,13.57445887454107
apache/commons-lang -> apache/commons-io,-0.7619204588275095,-5.1928471172773785
google/guava -> apache/commons-io,0.2866563547448223,15.197545874953006
