,AMS_ij,normalized_AMS_ij
google/guava -> apache/commons-lang,-0.11281191109942938,10.579820331406802
apache/commons-io -> apache/commons-lang,1.2877425558616031,9.090085779935752
apache/commons-lang -> google/guava,0.3177894140784341,1.1762752777601624
apache/commons-io -> google/guava,-0.7111642522732836,-18.434039366359976
apache/commons-lang -> apache/commons-io,-1.6599914509279285,-9.823240228621815
google/guava -> apache/commons-io,-0.6315869923841302,-4.626976402314201
