,AMS_ij,normalized_AMS_ij
JuliaLang/julia -> rust-lang/rust,-0.3215461489520529,2.4524179932725683
python/cpython -> rust-lang/rust,7.0249839892445225,9.657533197812732
rust-lang/rust -> JuliaLang/julia,-0.03592588380611594,2.256764143444294
python/cpython -> JuliaLang/julia,0.24739801071388065,-2.7266944771720234
rust-lang/rust -> python/cpython,-0.3895688778358235,1.577857509096085
JuliaLang/julia -> python/cpython,-1.7147634772760347,-7.90030085671458
