,AMS_ij,normalized_AMS_ij
JuliaLang/julia -> rust-lang/rust,0.0775985522512184,0.8610628160554459
python/cpython -> rust-lang/rust,3.832405527298688,6.013307888113237
rust-lang/rust -> JuliaLang/julia,-0.27508443541746896,-1.4961636426988372
python/cpython -> JuliaLang/julia,0.00425238785368675,2.958232469545456
rust-lang/rust -> python/cpython,0.16329408989856173,1.6812360241608963
JuliaLang/julia -> python/cpython,-0.49484576370516387,-6.0667612043228
