,AMS_ij,normalized_AMS_ij
JuliaLang/julia -> rust-lang/rust,-2.4255332453177925,-7.609856318919976
python/cpython -> rust-lang/rust,-0.26422208417211845,-2.7843059086023114
rust-lang/rust -> JuliaLang/julia,0.09848754959432557,1.2436978600508626
python/cpython -> JuliaLang/julia,0.26710220409542385,3.147743218675139
rust-lang/rust -> python/cpython,-0.06056251211761263,-0.8437158970924171
JuliaLang/julia -> python/cpython,-1.2818688030269532,-10.950657619222476
