,AMS_ij,normalized_AMS_ij
4ian/GDevelop -> godotengine/godot,0.8840953672545571,9.383811176431387
MonoGame/MonoGame -> godotengine/godot,-11.722917819757969,-14.956475255562543
godotengine/godot -> 4ian/GDevelop,-0.22271821042469792,-4.139145325980148
MonoGame/MonoGame -> 4ian/GDevelop,-0.5606968261731669,-0.5943645526931632
godotengine/godot -> MonoGame/MonoGame,0.05667500706365069,1.5969200739143719
4ian/GDevelop -> MonoGame/MonoGame,0.177600697451041,-0.4831123194299503
