,AMS_ij,normalized_AMS_ij
4ian/GDevelop -> godotengine/godot,-2.2334968831268056,-2.2406806307456644
MonoGame/MonoGame -> godotengine/godot,2.8384641776793003,4.027575872332221
godotengine/godot -> 4ian/GDevelop,-0.10236461293177002,-0.3485191206471388
MonoGame/MonoGame -> 4ian/GDevelop,0.1279787011822557,1.5879780080174999
godotengine/godot -> MonoGame/MonoGame,-0.11293953033047852,-0.8275133438034276
4ian/GDevelop -> MonoGame/MonoGame,0.30481431800179504,-1.222896306482186
