,AMS_ij,normalized_AMS_ij
4ian/GDevelop -> godotengine/godot,-1.3655120099163058,-2.74063438281674
MonoGame/MonoGame -> godotengine/godot,0.5730166901446465,10.920092763678795
godotengine/godot -> 4ian/GDevelop,-0.1305781663779441,8.310148565284218
MonoGame/MonoGame -> 4ian/GDevelop,-0.11172542339143307,-3.4927158246068166
godotengine/godot -> MonoGame/MonoGame,-0.9787550365560483,11.807872457631575
4ian/GDevelop -> MonoGame/MonoGame,1.17404123166994,12.137420709948888
