,AMS_ij,normalized_AMS_ij
getgrav/grav -> tryghost/ghost,4.712488021935719,17.96059031267086
WordPress/WordPress -> tryghost/ghost,-3.3114203286834814,-12.540525436570388
tryghost/ghost -> getgrav/grav,0.2168437133200542,5.411666560495261
WordPress/WordPress -> getgrav/grav,0.5150881853775543,6.669210572425274
tryghost/ghost -> WordPress/WordPress,-0.5299280933814321,-0.3867388304290651
getgrav/grav -> WordPress/WordPress,0.8339074242664525,1.9655814778964151
