,AMS_ij,normalized_AMS_ij
getgrav/grav -> tryghost/ghost,-1.833809043099115,-8.027167115173459
WordPress/WordPress -> tryghost/ghost,0.2778519225607604,-0.39841764513533007
tryghost/ghost -> getgrav/grav,-0.33389416571217134,-4.7308145912024635
WordPress/WordPress -> getgrav/grav,-0.300394820894613,-4.4851658872859534
tryghost/ghost -> WordPress/WordPress,-0.726618768101144,-4.5663594015755855
getgrav/grav -> WordPress/WordPress,-0.8677964044265275,-10.805021097674935
