,AMS_ij,normalized_AMS_ij
d3/d3 -> chartjs/chart.js,0.7179306576608757,4.604045977404863
highcharts/highcharts -> chartjs/chart.js,0.1477683581665793,1.9216510543341467
chartjs/chart.js -> d3/d3,0.2470686826438688,6.2402982377494265
highcharts/highcharts -> d3/d3,-0.03821869508203473,-1.031046342719857
chartjs/chart.js -> highcharts/highcharts,-2.6826732706704757,-23.493927627172685
d3/d3 -> highcharts/highcharts,6.36312669004308,15.01469783970496
