,AMS_ij,normalized_AMS_ij
d3/d3 -> chartjs/chart.js,-2.0159429959042527,15.489287885431816
highcharts/highcharts -> chartjs/chart.js,-0.058445599730645045,1.8281722312321977
chartjs/chart.js -> d3/d3,0.2165285719987024,12.712478725047859
highcharts/highcharts -> d3/d3,-0.0022884729666179456,0.13826699202707618
chartjs/chart.js -> highcharts/highcharts,5.978860067170076,31.482319100876754
d3/d3 -> highcharts/highcharts,-11.39570602089579,-41.410797026110636
