,AMS_ij,normalized_AMS_ij
apache/zookeeper -> etcd-io/etcd,1.5530689925594217,-3.0757797169303
hashicorp/consul -> etcd-io/etcd,-0.03608067613232102,-0.13775172645166234
etcd-io/etcd -> apache/zookeeper,0.07332482313792119,1.2559570163090061
hashicorp/consul -> apache/zookeeper,-0.00010887421662426943,0.2494367099503827
etcd-io/etcd -> hashicorp/consul,0.20528654760182247,0.6494815249124992
apache/zookeeper -> hashicorp/consul,3.838936902463209,4.0478646195273305
