,AMS_ij,normalized_AMS_ij
cacti/cacti -> netdata/netdata,0.16390111278905484,3.0144410719632484
grafana/grafana -> netdata/netdata,-0.7173062847498737,-9.073880155304451
netdata/netdata -> cacti/cacti,-0.5607957521046978,2.163572852050389
grafana/grafana -> cacti/cacti,0.06842652297122412,0.5594841820733011
netdata/netdata -> grafana/grafana,-2.2746648846064934,2.102683463634838
cacti/cacti -> grafana/grafana,0.10362968660749061,2.023156094157767
