,AMS_ij,normalized_AMS_ij
cfengine/core -> ansible/ansible,-0.4331392557803376,-5.309010107663227
saltstack/salt -> ansible/ansible,-0.022358504276968744,-0.34465892864781705
ansible/ansible -> cfengine/core,-0.20018190489888088,-4.458967921205553
saltstack/salt -> cfengine/core,-0.07142587168534767,-1.0509744282971314
ansible/ansible -> saltstack/salt,-0.15537261054301135,-2.301347473854322
cfengine/core -> saltstack/salt,3.3280647552494353,3.393683273962558
