,AMS_ij,normalized_AMS_ij
jquery/jquery -> facebook/react,-5.913789230684196,-72.22346080726585
angular/angular -> facebook/react,-0.6471536622394682,-4.68157066806167
facebook/react -> jquery/jquery,-0.22872597820004895,-13.330661137850136
angular/angular -> jquery/jquery,-0.035427583668245395,-1.3694203600527568
facebook/react -> angular/angular,-3.10444692780755,-14.639637928650856
jquery/jquery -> angular/angular,-14.535345338649782,-62.391086378115965
