,AMS_ij,normalized_AMS_ij
gitbucket/gitbucket -> gogs/gogs,-3.892183943238872,-11.787595322954632
gitlabhq/gitlabhq -> gogs/gogs,0.40010946053447943,3.0990527080611745
gogs/gogs -> gitbucket/gitbucket,-0.04508186930759078,-1.324656017607537
gitlabhq/gitlabhq -> gitbucket/gitbucket,-0.06063935376272461,-0.025953536973019765
gogs/gogs -> gitlabhq/gitlabhq,5.097823332923521,12.218887174861818
gitbucket/gitbucket -> gitlabhq/gitlabhq,-0.7741813911653515,0.24727554119716305
