,AMS_ij,normalized_AMS_ij
DevExpress/testcafe -> cypress-io/cypress,5.135641216860393,31.411100411592052
seleniumhq/selenium -> cypress-io/cypress,0.10297460747249934,3.7562161390822983
cypress-io/cypress -> DevExpress/testcafe,0.03775241680619968,1.4610754294186599
seleniumhq/selenium -> DevExpress/testcafe,-0.21223305757729438,-3.0397556400970402
cypress-io/cypress -> seleniumhq/selenium,-1.0854333179141906,-2.7975661191661283
DevExpress/testcafe -> seleniumhq/selenium,1.2290656972385183,5.694969293141494
