,AMS_ij,normalized_AMS_ij
vinta/awesome-python -> avelino/awesome-go,-5.713472588590562,-14.148659047278167
fffaraz/awesome-cpp -> avelino/awesome-go,-2.0543029951473386,-24.50625661894407
avelino/awesome-go -> vinta/awesome-python,0.006393765168140735,-0.6285680546327834
fffaraz/awesome-cpp -> vinta/awesome-python,-0.0815368136820328,0.14562925932211243
avelino/awesome-go -> fffaraz/awesome-cpp,0.058006788076627874,2.585758452762512
vinta/awesome-python -> fffaraz/awesome-cpp,-0.5161215679971161,-16.512357566907816
