,AMS_ij,normalized_AMS_ij
vinta/awesome-python -> avelino/awesome-go,0.1464455356254457,3.714361984234414
fffaraz/awesome-cpp -> avelino/awesome-go,-1.0222176634023097,-5.222078867673958
avelino/awesome-go -> vinta/awesome-python,-0.174417004080356,-2.004390573489234
fffaraz/awesome-cpp -> vinta/awesome-python,0.36229407668481084,1.8598222917786214
avelino/awesome-go -> fffaraz/awesome-cpp,-0.13094080253416873,0.12910260674205412
vinta/awesome-python -> fffaraz/awesome-cpp,-0.16357895808276002,-9.175057317114671
