,AMS_ij,normalized_AMS_ij
vinta/awesome-python -> avelino/awesome-go,0.6054924792692571,-4.970567084072922
fffaraz/awesome-cpp -> avelino/awesome-go,0.16327376844263802,1.0932576191504273
avelino/awesome-go -> vinta/awesome-python,-0.37267165540332153,-9.439894097221392
fffaraz/awesome-cpp -> vinta/awesome-python,-0.6677665673432226,-10.767693769576779
avelino/awesome-go -> fffaraz/awesome-cpp,0.24907261079750456,1.191301160467382
vinta/awesome-python -> fffaraz/awesome-cpp,-2.8381747240195923,-30.061605858967173
