,AMS_ij,normalized_AMS_ij
Immediate-Mode-UI/Nuklear -> ocornut/imgui,-1.4870932182427474,-13.783829501105751
lvgl/lvgl -> ocornut/imgui,0.20500879298170116,2.003499799485565
ocornut/imgui -> Immediate-Mode-UI/Nuklear,-0.14819697374790983,0.7367970606843423
lvgl/lvgl -> Immediate-Mode-UI/Nuklear,0.2762903440419451,10.312610057077858
ocornut/imgui -> lvgl/lvgl,-0.13140852452573643,0.7496834960620098
Immediate-Mode-UI/Nuklear -> lvgl/lvgl,1.0529867079433337,15.18912070177797
