,AMS_ij,normalized_AMS_ij
Immediate-Mode-UI/Nuklear -> ocornut/imgui,1.7605645372710592,10.98997524874736
lvgl/lvgl -> ocornut/imgui,-0.46803650846716105,-4.152819178560436
ocornut/imgui -> Immediate-Mode-UI/Nuklear,0.001471513042281276,0.038461139541666974
lvgl/lvgl -> Immediate-Mode-UI/Nuklear,0.07090476313669695,3.16366506638487
ocornut/imgui -> lvgl/lvgl,0.7023214720167085,4.743487067125499
Immediate-Mode-UI/Nuklear -> lvgl/lvgl,1.5151448919397097,23.788652728154595
