,AMS_ij,normalized_AMS_ij
AdguardTeam/AdGuardHome -> pi-hole/pi-hole,-0.24864332591499044,-9.48871027697464
NLnetLabs/unbound -> pi-hole/pi-hole,-0.029997473190196862,-0.45060373913292356
pi-hole/pi-hole -> AdguardTeam/AdGuardHome,-0.028966165939885602,-2.2538266986584587
NLnetLabs/unbound -> AdguardTeam/AdGuardHome,0.16067322692144761,6.687337398476904
pi-hole/pi-hole -> NLnetLabs/unbound,0.15512573539676694,3.5951554785837656
AdguardTeam/AdGuardHome -> NLnetLabs/unbound,-0.38048572538343783,-6.165673147111569
