,AMS_ij,normalized_AMS_ij
hexojs/hexo -> gohugoio/hugo,-1.9649018490991044,-5.3425156080283625
sphinx-doc/sphinx -> gohugoio/hugo,0.044227461723247284,0.72781211386577
gohugoio/hugo -> hexojs/hexo,-0.10872969897160778,-2.504284358923728
sphinx-doc/sphinx -> hexojs/hexo,0.2850127691216149,5.799046162596966
gohugoio/hugo -> sphinx-doc/sphinx,-1.453456034185319,-0.561731884870822
hexojs/hexo -> sphinx-doc/sphinx,2.3172028852768163,13.467853126417017
