,AMS_ij,normalized_AMS_ij
hexojs/hexo -> gohugoio/hugo,-0.36143626954908475,-0.06646889026083388
sphinx-doc/sphinx -> gohugoio/hugo,0.18426089544293656,4.4153422581642285
gohugoio/hugo -> hexojs/hexo,-0.00759263054645741,-4.027498856637544
sphinx-doc/sphinx -> hexojs/hexo,0.0033991398433205512,2.3423676372812254
gohugoio/hugo -> sphinx-doc/sphinx,-0.6149667425345269,-11.532429065632206
hexojs/hexo -> sphinx-doc/sphinx,-2.737440109198351,-39.69932052184976
