,AMS_ij,normalized_AMS_ij
mui/material-ui -> ant-design/ant-design,-3.536122800096178,-7.6491602277935
twbs/bootstrap -> ant-design/ant-design,0.33592291733170104,-0.8201925474373591
ant-design/ant-design -> mui/material-ui,0.43974951726956846,2.0551407586472714
twbs/bootstrap -> mui/material-ui,0.9137213351594153,6.641233959396545
ant-design/ant-design -> twbs/bootstrap,-0.834944499346177,-3.0870520822514633
mui/material-ui -> twbs/bootstrap,-1.8899483226230847,-1.45449231259634
