,AMS_ij,normalized_AMS_ij
mui/material-ui -> ant-design/ant-design,-1.2838541888067279,-10.058213627123314
twbs/bootstrap -> ant-design/ant-design,-0.2592189325658154,-1.1403121772052545
ant-design/ant-design -> mui/material-ui,0.2054184995544302,1.5156278907276708
twbs/bootstrap -> mui/material-ui,-1.175694176042995,-6.671725197694417
ant-design/ant-design -> twbs/bootstrap,-1.100411089730251,-8.227000396036303
mui/material-ui -> twbs/bootstrap,-1.4766884068813981,-11.803313902713684
