,AMS_ij,normalized_AMS_ij
getredash/redash -> apache/superset,-0.5552557646852743,-2.440968150262479
metabase/metabase -> apache/superset,0.2159354995223014,0.14679214527227055
apache/superset -> getredash/redash,-1.7738761403772578,-5.419362691904421
metabase/metabase -> getredash/redash,-0.0029644505090236084,-0.6494085473616404
apache/superset -> metabase/metabase,-2.7853307330865693,-6.79457906680179
getredash/redash -> metabase/metabase,0.3355530366820956,-0.9385770173179441
