,AMS_ij,normalized_AMS_ij
facebook/react -> angular/angular,-1.807911468622592,-10.715879798195035
emberjs/ember.js -> angular/angular,-0.38197588462786247,-2.028096207652813
angular/angular -> facebook/react,-1.486300467216839,-9.50674336851191
emberjs/ember.js -> facebook/react,-0.12793531040777995,-4.053700281980236
angular/angular -> emberjs/ember.js,-0.6673647631510695,-4.497368491880635
facebook/react -> emberjs/ember.js,0.1235718373557104,-4.854594827843287
