,AMS_ij,normalized_AMS_ij
apache/mxnet -> tensorflow/tensorflow,9.466236308243047,11.513796811122909
pytorch/pytorch -> tensorflow/tensorflow,-2.5810886247056626,-2.8337481591840463
tensorflow/tensorflow -> apache/mxnet,0.2576474523837818,1.6597252163999598
pytorch/pytorch -> apache/mxnet,0.02347144573724186,1.968692124682668
tensorflow/tensorflow -> pytorch/pytorch,-0.20589656564099068,-1.9920972804234116
apache/mxnet -> pytorch/pytorch,1.4715747242864907,6.521979415261877
