,AMS_ij,normalized_AMS_ij
apache/mxnet -> tensorflow/tensorflow,-4.611838628377066,-11.936312042005637
pytorch/pytorch -> tensorflow/tensorflow,0.056705218630256,0.12674467540298864
tensorflow/tensorflow -> apache/mxnet,-0.07640646369706594,-3.791790988531148
pytorch/pytorch -> apache/mxnet,0.053220982352907106,0.312223795578355
tensorflow/tensorflow -> pytorch/pytorch,0.0033448535695857,0.2561542801957764
apache/mxnet -> pytorch/pytorch,0.631240097421194,0.24404896152657538
