,AMS_ij,normalized_AMS_ij
facebook/react -> sveltejs/svelte,-2.5555629338969696,-24.98058686001645
angular/angular -> sveltejs/svelte,-0.6363815315048689,-2.078406397361269
sveltejs/svelte -> facebook/react,-0.29822615721435985,-3.9876060960371893
angular/angular -> facebook/react,-0.14235690425976863,-2.4513135949597498
sveltejs/svelte -> angular/angular,-0.4848432425337298,-1.1268533301332193
facebook/react -> angular/angular,-0.7314236140115616,-4.408134100562843
