,AMS_ij,normalized_AMS_ij
facebook/react -> sveltejs/svelte,-0.42838036724351963,-12.046716832471699
angular/angular -> sveltejs/svelte,0.09693363768824166,1.3385572259608014
sveltejs/svelte -> facebook/react,-0.0892547350594845,-7.222367740269156
angular/angular -> facebook/react,0.07942556089442665,1.1272618287098517
sveltejs/svelte -> angular/angular,1.55935515122122,3.85745659154149
facebook/react -> angular/angular,-3.4953042724285432,-7.9977467090077194
