,AMS_ij,normalized_AMS_ij
alacritty/alacritty -> eugeny/tabby,0.24002091131437459,2.397233414387628
gnome-terminator/terminator -> eugeny/tabby,3.4379724006046417,6.812454579521625
eugeny/tabby -> alacritty/alacritty,0.5998130010593328,1.1713065890500372
gnome-terminator/terminator -> alacritty/alacritty,-1.6601340266118023,3.045465919093062
eugeny/tabby -> gnome-terminator/terminator,0.17196988850793887,-0.3883961490608479
alacritty/alacritty -> gnome-terminator/terminator,-0.05276730828295828,0.9312922262797266
