,AMS_ij,normalized_AMS_ij
alacritty/alacritty -> microsoft/terminal,-0.18178999270903337,3.6598318511422727
mintty/mintty -> microsoft/terminal,-0.22522407021731458,9.556108117624225
microsoft/terminal -> alacritty/alacritty,-0.04362147465995199,1.4766419377439297
mintty/mintty -> alacritty/alacritty,0.4543385748440024,11.614609419185715
microsoft/terminal -> mintty/mintty,-0.00329306367847048,1.1890445924336392
alacritty/alacritty -> mintty/mintty,0.023079826926239652,22.719288955179458
