,AMS_ij,normalized_AMS_ij
alacritty/alacritty -> microsoft/terminal,0.03074191973572912,2.670667272520735
mintty/mintty -> microsoft/terminal,0.6379771647776533,19.891552082057068
microsoft/terminal -> alacritty/alacritty,0.5528182630257428,8.312569315545709
mintty/mintty -> alacritty/alacritty,-0.4429489976582397,-8.523907405316917
microsoft/terminal -> mintty/mintty,-0.5076157925209107,-6.455366735365472
alacritty/alacritty -> mintty/mintty,0.0856371409863225,1.746546807746448
