,AMS_ij,normalized_AMS_ij
koajs/koa -> nestjs/nest,4.772861212118403,25.18527894344242
fastify/fastify -> nestjs/nest,2.8871715069781105,21.373827532557133
nestjs/nest -> koajs/koa,0.04762120093735487,4.3198927921860655
fastify/fastify -> koajs/koa,-0.054885379739764484,-5.066986012888479
nestjs/nest -> fastify/fastify,1.353717321436059,12.740631690139997
koajs/koa -> fastify/fastify,1.221900678634868,8.555667221875082
