,AMS_ij,normalized_AMS_ij
koajs/koa -> nestjs/nest,-2.230592080001733,-15.55822307544837
fastify/fastify -> nestjs/nest,0.41263924977046085,3.0241267738053037
nestjs/nest -> koajs/koa,0.015461214797289879,0.6869004639271784
fastify/fastify -> koajs/koa,-0.0051965764445945,0.6870926304168694
nestjs/nest -> fastify/fastify,0.031230639665760822,0.11876269127866443
koajs/koa -> fastify/fastify,-0.02316055538603801,1.8472657339538838
