,AMS_ij,normalized_AMS_ij
dandavison/delta -> jesseduffield/lazygit,1.1612071948681015,5.867122722915312
jonas/tig -> jesseduffield/lazygit,2.2677590526161384,13.99204555328023
jesseduffield/lazygit -> dandavison/delta,0.801031925253756,5.021014404300075
jonas/tig -> dandavison/delta,-2.4227811175889893,-27.454035555020027
jesseduffield/lazygit -> jonas/tig,-0.04209667656104904,0.4220857385196123
dandavison/delta -> jonas/tig,0.08535828890607239,2.6531177164055264
