,AMS_ij,normalized_AMS_ij
jgthms/bulma -> tailwindlabs/tailwindcss,-1.221855426068115,-25.296443327489936
twbs/bootstrap -> tailwindlabs/tailwindcss,-0.10609857794509357,-4.92940252440811
tailwindlabs/tailwindcss -> jgthms/bulma,-0.020102330229505055,-2.2032553282837712
twbs/bootstrap -> jgthms/bulma,0.0069730970519045156,-1.2363323329768
tailwindlabs/tailwindcss -> twbs/bootstrap,-0.2436476338970616,-6.6764983316257895
jgthms/bulma -> twbs/bootstrap,-0.09714967351298634,-2.1146142056954984
