,AMS_ij,normalized_AMS_ij
oven-sh/bun -> denoland/deno,0.18749526284282414,0.7046275297370858
nodejs/node -> denoland/deno,0.5219772160301492,2.6293179624637872
denoland/deno -> oven-sh/bun,0.4875041974934884,-0.4670581893848522
nodejs/node -> oven-sh/bun,-0.9169527126441595,-3.7698248766395923
denoland/deno -> nodejs/node,-0.3024520839949594,-2.6931854401574014
oven-sh/bun -> nodejs/node,0.12754298525958044,-0.23616887113424417
