,AMS_ij,normalized_AMS_ij
pytorch/pytorch -> tensorflow/tensorflow,-0.2441216961444501,-0.7166886132320711
chainer/chainer -> tensorflow/tensorflow,-2.531151749314632,-2.7235202557895244
tensorflow/tensorflow -> pytorch/pytorch,0.24553578600151452,-0.9025477031535393
chainer/chainer -> pytorch/pytorch,-1.2815841306729152,-1.786170471956741
tensorflow/tensorflow -> chainer/chainer,-0.3963266250142906,-1.2718252607811693
pytorch/pytorch -> chainer/chainer,1.1464388428828423,1.9013302388587776
