,AMS_ij,normalized_AMS_ij
insin/nwb -> vercel/next.js,18.07531870979691,159.8701757977026
facebook/create-react-app -> vercel/next.js,-0.995145463313686,-18.615630784446335
vercel/next.js -> insin/nwb,0.0007629022427457549,2.0359566858864873
facebook/create-react-app -> insin/nwb,0.012022797196859052,6.148259665748171
vercel/next.js -> facebook/create-react-app,0.03227327743851824,1.3462505666390807
insin/nwb -> facebook/create-react-app,-0.3301545412125654,-13.817496555506118
