,AMS_ij,normalized_AMS_ij
celluloid/celluloid -> puma/puma,0.13551292600136303,0.1305671350612393
eventmachine/eventmachine -> puma/puma,-2.138329103000671,-25.5075264662442
puma/puma -> celluloid/celluloid,0.6215283737884796,2.988187263853767
eventmachine/eventmachine -> celluloid/celluloid,-1.7879620623834207,-22.428924857249573
puma/puma -> eventmachine/eventmachine,0.09923751453037792,1.1912827357824793
celluloid/celluloid -> eventmachine/eventmachine,-0.08628870511857892,-3.1423895895140226
