,AMS_ij,normalized_AMS_ij
go-pg/pg -> jackc/pgx,0.23090931714007565,-4.907077317728205
lib/pq -> jackc/pgx,1.4770735052944008,25.012464635480747
jackc/pgx -> go-pg/pg,-0.323978800857988,-13.781605938115426
lib/pq -> go-pg/pg,-0.21382729953470134,4.319628269715464
jackc/pgx -> lib/pq,0.083431761139,3.0721056007815037
go-pg/pg -> lib/pq,-0.017847068303594088,7.427182013360506
