,AMS_ij,normalized_AMS_ij
ruby/ruby -> python/cpython,-2.4617218920007486,12.14220268684706
php/php-src -> python/cpython,-1.3683760968938337,-1.3546918856711159
python/cpython -> ruby/ruby,-0.04357166086100518,2.8680214477603974
php/php-src -> ruby/ruby,-0.3493194808575323,-3.7237653584727264
python/cpython -> php/php-src,0.36668588673632996,0.47472432075014437
ruby/ruby -> php/php-src,-3.51674800778337,-14.68323328021999
