,AMS_ij,normalized_AMS_ij
ruby/ruby -> python/cpython,2.861703163125288,-6.846868379194758
php/php-src -> python/cpython,-0.4872311032764615,-2.3996590673621214
python/cpython -> ruby/ruby,0.6542123048398734,1.21191444544217
php/php-src -> ruby/ruby,0.49169477331712413,0.9658146943040353
python/cpython -> php/php-src,0.3060801413272266,-0.48440306889579515
ruby/ruby -> php/php-src,-3.6836302090185993,-4.112007742944942
