,AMS_ij,normalized_AMS_ij
ruby/ruby -> python/cpython,2.0140613895895005,4.784561127229919
php/php-src -> python/cpython,1.5475856259730012,4.744209750129203
python/cpython -> ruby/ruby,0.40312717100125073,-0.2758808818988419
php/php-src -> ruby/ruby,-1.2075223077559238,-1.9042310104647762
python/cpython -> php/php-src,1.265080211382383,1.3407641934922485
ruby/ruby -> php/php-src,-2.569710578607583,-9.393891723440667
