,AMS_ij,normalized_AMS_ij
ruby/ruby -> python/cpython,2.1294463438784192,4.546941744410611
php/php-src -> python/cpython,0.2962876324217431,1.5939927731674783
python/cpython -> ruby/ruby,0.4018687766969912,0.8913967347757598
php/php-src -> ruby/ruby,0.17126286690397052,1.3233474665262743
python/cpython -> php/php-src,-0.4849017111404086,0.25168008036809486
ruby/ruby -> php/php-src,-0.5653024607836609,-0.960716905539258
