,AMS_ij,normalized_AMS_ij
ruby/ruby -> python/cpython,0.7499906880764649,0.9047047348077344
php/php-src -> python/cpython,-1.8947957021503827,-4.844954709911644
python/cpython -> ruby/ruby,0.76924114232565,2.783168428003728
php/php-src -> ruby/ruby,0.44073810254259715,-0.04313018683529766
python/cpython -> php/php-src,-2.4165995382085614,-5.871268478673783
ruby/ruby -> php/php-src,1.73647862362657,0.9413672433356857
