,AMS_ij,normalized_AMS_ij
ruby/ruby -> python/cpython,0.0697456461998697,1.1351998094748854
php/php-src -> python/cpython,-0.1126025977630074,-0.33745967017212375
python/cpython -> ruby/ruby,-2.9909609450355648,-1.3132288015130857
php/php-src -> ruby/ruby,-0.6320544344596161,-1.6258616385575635
python/cpython -> php/php-src,1.7088854789195136,10.18148548707671
ruby/ruby -> php/php-src,0.00024989549223844443,-0.6536422923961027
