,AMS_ij,normalized_AMS_ij
sinatra/sinatra -> rails/rails,-1.5718318645265255,-8.279157405428197
django/django -> rails/rails,1.7099647977678687,0.691739713483051
rails/rails -> sinatra/sinatra,0.0064969605337486195,-0.47495760472651494
django/django -> sinatra/sinatra,0.11463170336309791,-1.1615353725661686
rails/rails -> django/django,-0.4233808460006625,-4.039477163894471
sinatra/sinatra -> django/django,-0.4828644389676755,-6.70199587428621
