,AMS_ij,normalized_AMS_ij
sinatra/sinatra -> rails/rails,5.417160569766228,8.042181862089217
django/django -> rails/rails,-0.13153625231307103,6.369636485196296
rails/rails -> sinatra/sinatra,0.022017089993907096,-0.2255213696630798
django/django -> sinatra/sinatra,0.23529349179318682,4.041864929855564
rails/rails -> django/django,-0.05278263452560125,-1.0300605068144064
sinatra/sinatra -> django/django,0.49112524589021567,1.3656624882746549
