,AMS_ij,normalized_AMS_ij
pallets/flask -> django/django,3.2344973011800633,9.945300378121111
rails/rails -> django/django,-0.1928357003778782,0.9581557653874241
django/django -> pallets/flask,0.8568176647773659,3.037538486024544
rails/rails -> pallets/flask,0.1280455072958324,0.32700254061064976
django/django -> rails/rails,2.1509593546465293,3.9010094341255326
pallets/flask -> rails/rails,3.124991593701453,6.3427417991859345
