,AMS_ij,normalized_AMS_ij
pallets/flask -> django/django,0.15749246247061416,-0.40893242525005674
rails/rails -> django/django,-0.5200013171726185,-3.824238026000099
django/django -> pallets/flask,-0.09359200197255775,0.22113609134269976
rails/rails -> pallets/flask,0.052269714506246893,0.7118662295208127
django/django -> rails/rails,-4.973130864536273,-10.273137845529126
pallets/flask -> rails/rails,5.815903807479192,2.7522823808603114
