,AMS_ij,normalized_AMS_ij
pallets/flask -> django/django,-0.4429502330421436,-0.6015355348817438
rails/rails -> django/django,-0.021252356985995535,-0.6783505521759855
django/django -> pallets/flask,0.6665037952852182,4.421768615414695
rails/rails -> pallets/flask,0.21963516019981036,0.1423467827446443
django/django -> rails/rails,-1.8447214283047835,-3.7534456039606257
pallets/flask -> rails/rails,2.206328590961073,7.9671862020791515
