,AMS_ij,normalized_AMS_ij
fabiospampinato/cash -> jquery/jquery,0.36903587099550805,-0.9099044757095067
stimulusjs/stimulus -> jquery/jquery,-0.8054081714960337,-14.932793461275123
jquery/jquery -> fabiospampinato/cash,0.6191085955966226,12.08537289979848
stimulusjs/stimulus -> fabiospampinato/cash,0.09138021666400631,0.8717030072977087
jquery/jquery -> stimulusjs/stimulus,-2.120185308317347,-55.644687724140994
fabiospampinato/cash -> stimulusjs/stimulus,1.7009443859649278,1.28263952196595
