,AMS_ij,normalized_AMS_ij
fabiospampinato/cash -> jquery/jquery,-0.19834664585429929,-25.875953493131476
stimulusjs/stimulus -> jquery/jquery,-0.021729332254379365,1.7628273720061074
jquery/jquery -> fabiospampinato/cash,0.047464918856049955,4.442760431582353
stimulusjs/stimulus -> fabiospampinato/cash,0.018747904488428172,2.2024114058013513
jquery/jquery -> stimulusjs/stimulus,0.5020051514216665,32.17841528815703
fabiospampinato/cash -> stimulusjs/stimulus,-0.5696021656724606,-2.634149241504339
