,AMS_ij,normalized_AMS_ij
gcc-mirror/gcc -> golang/go,0.16634043560370074,1.0693813771242848
llvm/llvm-project -> golang/go,-0.5253047056194343,-1.7612219038797692
golang/go -> gcc-mirror/gcc,0.316331163018089,-3.0513727044291588
llvm/llvm-project -> gcc-mirror/gcc,0.15923220194843574,-1.0843438241597232
golang/go -> llvm/llvm-project,-8.309943861878008,-9.215603937450686
gcc-mirror/gcc -> llvm/llvm-project,-0.9842961907117401,-0.8330981351457653
