,AMS_ij,normalized_AMS_ij
microlinkhq/metascraper -> scrapy/scrapy,-0.546544131716118,-8.759803224887097
seleniumhq/selenium -> scrapy/scrapy,0.1039644267892556,1.1827299210678657
scrapy/scrapy -> microlinkhq/metascraper,0.23375389018417564,3.0304391456775366
seleniumhq/selenium -> microlinkhq/metascraper,0.07555512922736524,0.227606581716713
scrapy/scrapy -> seleniumhq/selenium,1.0639376292075031,7.0889083670933255
microlinkhq/metascraper -> seleniumhq/selenium,1.8384885451629325,6.829882883949165
