,AMS_ij,normalized_AMS_ij
apache/avro -> protocolbuffers/protobuf,1.577448448078441,2.6677137104559967
apache/thrift -> protocolbuffers/protobuf,0.20336602089544448,1.20649056682913
protocolbuffers/protobuf -> apache/avro,-0.7023775282594025,-7.41375449759926
apache/thrift -> apache/avro,0.24842670121471228,1.4826479870639035
protocolbuffers/protobuf -> apache/thrift,1.2551526904256445,5.1086948467780475
apache/avro -> apache/thrift,-1.4170038494628638,-9.394657152368078
