,AMS_ij,normalized_AMS_ij
apache/avro -> protocolbuffers/protobuf,-0.6811790116887693,0.022549094532191522
apache/thrift -> protocolbuffers/protobuf,-1.2500515440512205,-5.128934343404645
protocolbuffers/protobuf -> apache/avro,-0.14973791761509628,0.25223483477648695
apache/thrift -> apache/avro,-0.1370004006198418,1.0145751243781693
protocolbuffers/protobuf -> apache/thrift,-0.06325778610005439,3.930038331760455
apache/avro -> apache/thrift,-0.6190671840030946,-15.361862002765815
