,AMS_ij,normalized_AMS_ij
apache/commons-io -> google/guava,0.0817461008191061,2.869458201346055
apache/commons-lang -> google/guava,-0.09236574516120796,-0.8515939337494498
google/guava -> apache/commons-io,-0.0953104279388228,-2.153623267878412
apache/commons-lang -> apache/commons-io,-0.0912731591145042,-2.2999011424947575
google/guava -> apache/commons-lang,0.3316663754319848,3.0699384987952265
apache/commons-io -> apache/commons-lang,1.5242913535587872,-0.21921137300353427
