,AMS_ij,normalized_AMS_ij
sorin-ionescu/prezto -> ohmyzsh/ohmyzsh,1.0353415313809808,10.140921589706384
Bash-it/bash-it -> ohmyzsh/ohmyzsh,0.4169310961692967,-2.49114654224742
ohmyzsh/ohmyzsh -> sorin-ionescu/prezto,0.1017934974221468,1.7832022275793744
Bash-it/bash-it -> sorin-ionescu/prezto,-0.3157624811057173,-0.0063353102435735826
ohmyzsh/ohmyzsh -> Bash-it/bash-it,-0.3421900920254567,-7.685532992661079
sorin-ionescu/prezto -> Bash-it/bash-it,1.8556863414570857,15.120201817670843
