,AMS_ij,normalized_AMS_ij
sorin-ionescu/prezto -> ohmyzsh/ohmyzsh,-0.02148317090809454,0.714827433311004
Bash-it/bash-it -> ohmyzsh/ohmyzsh,-0.09835058512063632,8.636627975133306
ohmyzsh/ohmyzsh -> sorin-ionescu/prezto,-0.04784447413873773,-1.5496784174882743
Bash-it/bash-it -> sorin-ionescu/prezto,0.04268375127197982,-0.2049865999868949
ohmyzsh/ohmyzsh -> Bash-it/bash-it,0.015320215696310613,2.037163631217924
sorin-ionescu/prezto -> Bash-it/bash-it,0.0660976099838231,1.9272041987086208
