,AMS_ij,normalized_AMS_ij
ruby/ruby -> nodejs/node,-0.38787362070415277,-2.5777305914827546
python/cpython -> nodejs/node,-0.018859990652025618,0.2378501627402311
nodejs/node -> ruby/ruby,-1.1793270095826038,-0.7474606598558828
python/cpython -> ruby/ruby,0.1614836271192378,0.5227270434145854
nodejs/node -> python/cpython,1.066424760222304,1.9204447917260619
ruby/ruby -> python/cpython,0.06724407343744587,0.6491331366500208
