,AMS_ij,normalized_AMS_ij
ruby/ruby -> nodejs/node,0.36412660989546264,6.001525371380183
python/cpython -> nodejs/node,0.1149056365961823,-0.38268516438160727
nodejs/node -> ruby/ruby,-0.2673900276166383,3.0127037208477008
python/cpython -> ruby/ruby,-0.1340662726182985,0.8030077876139516
nodejs/node -> python/cpython,-0.010154922212901263,-0.6181407962130312
ruby/ruby -> python/cpython,1.3522402129905338,3.399101579629857
