,AMS_ij,normalized_AMS_ij
ruby/ruby -> nodejs/node,0.5471717000515993,3.1054605435311813
python/cpython -> nodejs/node,0.7904171567012567,4.262353720371323
nodejs/node -> ruby/ruby,-2.1135772906571777,-0.47606937588233894
python/cpython -> ruby/ruby,-1.2581105651451352,-6.072283477747889
nodejs/node -> python/cpython,-0.5677827082135924,-2.0815691822382387
ruby/ruby -> python/cpython,-0.7716923834545526,-4.695393970507681
