,AMS_ij,normalized_AMS_ij
ruby/ruby -> nodejs/node,0.051240290280784,0.4151958169760815
python/cpython -> nodejs/node,-0.04967386516633605,0.49319743872417054
nodejs/node -> ruby/ruby,-1.0110300229757205,-1.6053941976611912
python/cpython -> ruby/ruby,-0.25856975130460624,1.057163728817399
nodejs/node -> python/cpython,-1.0975398026595222,-8.68352156214883
ruby/ruby -> python/cpython,0.1107761991223076,1.1080553098062886
