,AMS_ij,normalized_AMS_ij
apache/struts -> spring-projects/spring-framework,0.23908271927278385,8.527194954128282
apache/tomcat -> spring-projects/spring-framework,-0.6523141796920202,-0.5108196541024522
spring-projects/spring-framework -> apache/struts,0.4706013327034415,8.007742928295997
apache/tomcat -> apache/struts,0.12117481879460379,0.5721464476173875
spring-projects/spring-framework -> apache/tomcat,0.22660696709759864,-0.42872967602501955
apache/struts -> apache/tomcat,-1.1826959124043959,-5.791997299273084
