,AMS_ij,normalized_AMS_ij
apache/struts -> spring-projects/spring-framework,-0.21367699654411407,-2.139262847706626
apache/tomcat -> spring-projects/spring-framework,0.4997424646640597,1.3485232620564238
spring-projects/spring-framework -> apache/struts,-0.1028879257238277,-4.810627555834929
apache/tomcat -> apache/struts,0.08546119513484868,-1.361127488691137
spring-projects/spring-framework -> apache/tomcat,-0.0894538189097272,-1.4402963871897234
apache/struts -> apache/tomcat,1.2209926395479607,4.3174697514432685
