,AMS_ij,normalized_AMS_ij
memcached/memcached -> redis/redis,-1.8670152455858693,-4.2462376123868175
tarantool/tarantool -> redis/redis,0.26524919748137404,2.708620109749607
redis/redis -> memcached/memcached,-0.2162443985978315,-3.283713025314556
tarantool/tarantool -> memcached/memcached,0.022475384272243812,0.9078872752386422
redis/redis -> tarantool/tarantool,-0.8325699678108585,-1.4627793888467169
memcached/memcached -> tarantool/tarantool,-1.7616868893996263,-3.3986010585036612
