,AMS_ij,normalized_AMS_ij
middleman/middleman -> jekyll/jekyll,-3.523697927897974,-37.58859724517716
getpelican/pelican -> jekyll/jekyll,-3.668475234719308,-21.104140540661493
jekyll/jekyll -> middleman/middleman,-0.0882647889166562,-7.862327305584817
getpelican/pelican -> middleman/middleman,-1.2472316213404815,-26.11345796483201
jekyll/jekyll -> getpelican/pelican,0.07583585726466133,2.2974859175462763
middleman/middleman -> getpelican/pelican,-0.23575093509120307,-5.611065030310862
