,AMS_ij,normalized_AMS_ij
davisking/dlib -> opencv/opencv,0.5686964035877562,0.19834449009236751
scikit-image/scikit-image -> opencv/opencv,-0.336998127874513,-4.986896312291121
opencv/opencv -> davisking/dlib,-0.6048499761223629,-0.7467479007602269
scikit-image/scikit-image -> davisking/dlib,-0.10446840640862004,0.3227805299408156
opencv/opencv -> scikit-image/scikit-image,-0.43085694298182103,-3.0311549566949822
davisking/dlib -> scikit-image/scikit-image,-0.8707460532733572,-5.07438625932582
