,AMS_ij,normalized_AMS_ij
davisking/dlib -> opencv/opencv,2.971049835882215,5.521155773797576
scikit-image/scikit-image -> opencv/opencv,-0.08997465973462883,-0.655023526320916
opencv/opencv -> davisking/dlib,0.21477167586006207,0.947718462286134
scikit-image/scikit-image -> davisking/dlib,-0.2022031922442708,-0.6483150876745805
opencv/opencv -> scikit-image/scikit-image,-0.17341464425355113,-0.4046606902766088
davisking/dlib -> scikit-image/scikit-image,0.44596015543695167,4.656599713349014
