,AMS_ij,normalized_AMS_ij
davisking/dlib -> opencv/opencv,-5.2137007860372,-29.172766669964638
scikit-image/scikit-image -> opencv/opencv,-1.2917597548135564,-11.860756493162661
opencv/opencv -> davisking/dlib,0.21793687625801628,3.8100385315695102
scikit-image/scikit-image -> davisking/dlib,0.32519435043943434,3.8884397567598055
opencv/opencv -> scikit-image/scikit-image,-0.09619661788165085,-5.247624733788836
davisking/dlib -> scikit-image/scikit-image,-0.6786108983477872,-3.093730299789583
