,AMS_ij,normalized_AMS_ij
davisking/dlib -> opencv/opencv,-1.1453271559001057,-3.4402461229591537
scikit-image/scikit-image -> opencv/opencv,0.7110023136264023,-1.5360048172662695
opencv/opencv -> davisking/dlib,0.07907657351319455,3.8579232590199797
scikit-image/scikit-image -> davisking/dlib,-0.08312704063676388,-1.357909086359546
opencv/opencv -> scikit-image/scikit-image,0.08272160409561381,4.960358890552623
davisking/dlib -> scikit-image/scikit-image,0.43328379362531233,-3.4687594400363877
