,AMS_ij,normalized_AMS_ij
nim-lang/Nim -> rust-lang/rust,-14.057447808997157,-42.80192736030995
golang/go -> rust-lang/rust,0.37438658197900815,3.6636911933981553
rust-lang/rust -> nim-lang/Nim,-0.6932616072154573,-9.632299650162587
golang/go -> nim-lang/Nim,0.28525601101032483,6.294174479409651
rust-lang/rust -> golang/go,-1.7214335725439147,-3.155837383879546
nim-lang/Nim -> golang/go,-6.289508016833049,2.1257117522530447
