,AMS_ij,normalized_AMS_ij
nim-lang/Nim -> rust-lang/rust,-3.8870375158211226,-0.43229452137026986
golang/go -> rust-lang/rust,-0.3402521672496468,-0.12152108608403105
rust-lang/rust -> nim-lang/Nim,-0.5758547880951987,-0.9455972951452938
golang/go -> nim-lang/Nim,-0.6116108052957183,-1.974707479515084
rust-lang/rust -> golang/go,-0.43436489577656295,-0.21726328652161597
nim-lang/Nim -> golang/go,-1.1059210005746825,-1.8291653934253607
