,AMS_ij,normalized_AMS_ij
nim-lang/Nim -> rust-lang/rust,4.878786221227087,3.090400726825949
golang/go -> rust-lang/rust,0.5759132712991072,1.9325033395304794
rust-lang/rust -> nim-lang/Nim,-0.11223572449862433,-1.6417122884809947
golang/go -> nim-lang/Nim,0.41478046219054937,2.0954239964090653
rust-lang/rust -> golang/go,-0.529730234380942,-1.813177954322117
nim-lang/Nim -> golang/go,0.14062845951703018,-0.05699666328138277
