,AMS_ij,normalized_AMS_ij
nim-lang/Nim -> rust-lang/rust,10.033502305771593,26.175601618720112
golang/go -> rust-lang/rust,-0.09525298886754856,1.0202991820979885
rust-lang/rust -> nim-lang/Nim,-0.06861380807998724,-0.6719237958350253
golang/go -> nim-lang/Nim,-0.44225037411638374,-7.172864619590083
rust-lang/rust -> golang/go,-0.22286238629094612,-0.9543005889545108
nim-lang/Nim -> golang/go,0.7825110412056562,-4.710615019842438
