,AMS_ij,normalized_AMS_ij
jashkenas/underscore -> lodash/lodash,-0.36264070051731995,-5.132266053240013
ramda/ramda -> lodash/lodash,-0.12618002750566773,-7.065298257867952
lodash/lodash -> jashkenas/underscore,-0.36013185641472767,-6.248188858384074
ramda/ramda -> jashkenas/underscore,-1.0416539659010926,-16.390493795877777
lodash/lodash -> ramda/ramda,-0.2816617204937893,-5.906042865263705
jashkenas/underscore -> ramda/ramda,-1.4760184477913474,-17.352230572131567
