,AMS_ij,normalized_AMS_ij
jashkenas/underscore -> lodash/lodash,-0.09601106793072889,-1.6782417342387022
ramda/ramda -> lodash/lodash,0.08981440186926415,3.6410574951434085
lodash/lodash -> jashkenas/underscore,0.3284005795135904,7.724134154528095
ramda/ramda -> jashkenas/underscore,0.18343764590519618,12.090209394046731
lodash/lodash -> ramda/ramda,-0.6577227404886252,-3.617414896362929
jashkenas/underscore -> ramda/ramda,0.24770922495255163,3.589732568946568
