,AMS_ij,normalized_AMS_ij
golang/go -> swiftlang/swift,-5.170676318727898,-2.4408627883784257
rust-lang/rust -> swiftlang/swift,-0.2266163276126012,-0.8392926743499436
swiftlang/swift -> golang/go,-0.8054536168043562,-0.30131832855999424
rust-lang/rust -> golang/go,-0.9239785666057805,-0.9225013260047117
swiftlang/swift -> rust-lang/rust,-0.08084841967221579,-4.464918525931597
golang/go -> rust-lang/rust,-0.8216220507599402,-1.4113895083670231
