,AMS_ij,normalized_AMS_ij
golang/go -> swiftlang/swift,0.08252790322706155,-1.0114620880915013
rust-lang/rust -> swiftlang/swift,-0.45641936788235316,-1.8029812500271118
swiftlang/swift -> golang/go,-0.3910130470076333,-1.9488703279897928
rust-lang/rust -> golang/go,-0.2931993624081575,-0.4899920043776455
swiftlang/swift -> rust-lang/rust,-0.1978091271548731,-0.6939434210512532
golang/go -> rust-lang/rust,-0.9659215315213503,-0.36861154917229855
