,AMS_ij,normalized_AMS_ij
JetBrains/kotlin -> apple/swift,-0.9083678220707478,-2.374566315357181
rust-lang/rust -> apple/swift,-0.5010092713711878,-1.787209438098155
apple/swift -> JetBrains/kotlin,-0.10114585951036895,0.07942068819571617
rust-lang/rust -> JetBrains/kotlin,-0.4764421887401267,-1.0976569800693428
apple/swift -> rust-lang/rust,-0.0027988943483967885,-0.18362759344884713
JetBrains/kotlin -> rust-lang/rust,-0.3519853055092485,-1.7208046762841205
