,AMS_ij,normalized_AMS_ij
playcanvas/engine -> mrdoob/three.js,-1.273161227992566,-0.23681221151867804
BabylonJS/Babylon.js -> mrdoob/three.js,0.13771137846318346,1.3271092833340044
mrdoob/three.js -> playcanvas/engine,-0.4487039379471969,-2.414386509705482
BabylonJS/Babylon.js -> playcanvas/engine,-0.28371409897461425,-1.4700408632443946
mrdoob/three.js -> BabylonJS/Babylon.js,0.010222216524870709,0.9197793413184875
playcanvas/engine -> BabylonJS/Babylon.js,-6.3806156412331685,-12.496264170794136
