,AMS_ij,normalized_AMS_ij
playcanvas/engine -> mrdoob/three.js,0.04607383771648055,0.03474277212975234
BabylonJS/Babylon.js -> mrdoob/three.js,-2.1976594367695306,-2.2560103817502024
mrdoob/three.js -> playcanvas/engine,-0.009604513370696026,-0.13575303021437923
BabylonJS/Babylon.js -> playcanvas/engine,-0.11296093046866745,0.33971824775875703
mrdoob/three.js -> BabylonJS/Babylon.js,-0.12677881401011892,-0.6409571716635074
playcanvas/engine -> BabylonJS/Babylon.js,2.2944464549158528,6.562715991080904
