,AMS_ij,normalized_AMS_ij
plotly/plotly.js -> d3/d3,2.2628802890585242,12.059741075384911
highcharts/highcharts -> d3/d3,0.1349776614398814,2.9567583985824744
d3/d3 -> plotly/plotly.js,1.9778915282225131,9.060888231571539
highcharts/highcharts -> plotly/plotly.js,-2.216976459687859,-8.964008517285658
d3/d3 -> highcharts/highcharts,0.7483593746723292,5.0326598306431185
plotly/plotly.js -> highcharts/highcharts,-2.864294413854605,-12.321112409405458
