,AMS_ij,normalized_AMS_ij
plotly/plotly.js -> d3/d3,-0.03263916019113321,-0.7066104643537158
highcharts/highcharts -> d3/d3,-0.01698351126635909,-0.21875658686028734
d3/d3 -> plotly/plotly.js,-1.8606821790828996,-3.724938437411271
highcharts/highcharts -> plotly/plotly.js,-0.4141096026301046,-1.6398696321597066
d3/d3 -> highcharts/highcharts,-1.3131447588440122,2.9020497414670157
plotly/plotly.js -> highcharts/highcharts,-2.4946846007475227,-8.389203784052803
