,AMS_ij,normalized_AMS_ij
twisted/treq -> psf/requests,-4.729477048453813,-18.16116747256168
urllib3/urllib3 -> psf/requests,-0.7336467532435644,-1.5903391060673968
psf/requests -> twisted/treq,-0.27874245753337823,-4.237670614549023
urllib3/urllib3 -> twisted/treq,0.07851352325243571,0.38318642819661053
psf/requests -> urllib3/urllib3,0.12652941439660959,2.2983941321163917
twisted/treq -> urllib3/urllib3,-0.8027397637269469,-2.2457832300288256
