,AMS_ij,normalized_AMS_ij
twisted/treq -> psf/requests,0.6548060264137855,1.9862634750315737
urllib3/urllib3 -> psf/requests,0.42198709970372306,-0.5573698475210828
psf/requests -> twisted/treq,0.07212259225999992,0.4545114310300202
urllib3/urllib3 -> twisted/treq,-0.4210478914028602,-9.260124920136665
psf/requests -> urllib3/urllib3,-0.9203162675009153,-7.40773620456236
twisted/treq -> urllib3/urllib3,0.020566982429395336,-5.934287415632765
