,AMS_ij,normalized_AMS_ij
twisted/treq -> psf/requests,0.001331097022915978,-1.1899165581543227
urllib3/urllib3 -> psf/requests,-0.4390256609590437,-12.381272017617274
psf/requests -> twisted/treq,0.490945461502141,3.1567897197884722
urllib3/urllib3 -> twisted/treq,-0.3439324601650604,-12.169037774914726
psf/requests -> urllib3/urllib3,-0.024411677502220314,-11.648354758671507
twisted/treq -> urllib3/urllib3,0.11824294084265144,3.4850658132069072
