,AMS_ij,normalized_AMS_ij
expressjs/express -> pallets/flask,-0.274003063073751,-1.2687371811787498
django/django -> pallets/flask,0.9493540651734975,3.615323124760847
pallets/flask -> expressjs/express,-4.357767432792164,-10.99215922795661
django/django -> expressjs/express,1.270427666733863,5.224406975086265
pallets/flask -> django/django,3.2284957732399597,4.6224094564465235
expressjs/express -> django/django,0.6819876905202279,4.904554259858679
