,AMS_ij,normalized_AMS_ij
primer/css -> twbs/bootstrap,4.551472833810665,0.80553907668438
zurb/foundation-sites -> twbs/bootstrap,-2.3441437346491156,-3.0331042579967913
twbs/bootstrap -> primer/css,-0.14646256060839785,-0.1390901522127962
zurb/foundation-sites -> primer/css,0.5229826581622834,2.8362877929359063
twbs/bootstrap -> zurb/foundation-sites,-0.7706667393828865,-2.7775449403431165
primer/css -> zurb/foundation-sites,3.2713765511654245,3.712181256297805
