,AMS_ij,normalized_AMS_ij
primer/css -> twbs/bootstrap,-0.3009245699802723,-5.260111341168205
zurb/foundation-sites -> twbs/bootstrap,0.33882915728581253,0.4662398294781583
twbs/bootstrap -> primer/css,-1.0437639954371178,-6.213322537236338
zurb/foundation-sites -> primer/css,-0.6768102510623777,-2.7544236521968206
twbs/bootstrap -> zurb/foundation-sites,-0.22703850231443443,-0.7168839192449105
primer/css -> zurb/foundation-sites,0.07216934532364644,-0.15322402744497926
