,AMS_ij,normalized_AMS_ij
moment/luxon -> moment/moment,0.4837289129846952,5.689346464756165
date-fns/date-fns -> moment/moment,0.020728299605371966,1.450586616006307
moment/moment -> moment/luxon,-0.03132610043868618,-0.7386086180960679
date-fns/date-fns -> moment/luxon,0.09776684805794941,2.2129479818795703
moment/moment -> date-fns/date-fns,-0.1412584598781657,-2.5791865159910556
moment/luxon -> date-fns/date-fns,-0.23721427908182657,2.0607461115728727
