,AMS_ij,normalized_AMS_ij
containerd/containerd -> moby/moby,9.632859214714319,23.86364039089277
canonical/lxd -> moby/moby,-0.36061712970214077,-0.3969011315813177
moby/moby -> containerd/containerd,0.8327008945268459,4.9879202937024925
canonical/lxd -> containerd/containerd,0.04666836708394607,2.1481648140802743
moby/moby -> canonical/lxd,0.5271255246369264,1.5924312096174151
containerd/containerd -> canonical/lxd,-3.3584682117426143,-7.693174099997052
