,AMS_ij,normalized_AMS_ij
elastic/kibana -> grafana/grafana,-0.5455678868745024,-2.5808271963196323
getsentry/sentry -> grafana/grafana,-1.4754559780660417,-6.818453432518584
grafana/grafana -> elastic/kibana,-4.717163688873386,-8.319208309319434
getsentry/sentry -> elastic/kibana,-1.2446363936993177,-3.0532281811498043
grafana/grafana -> getsentry/sentry,-3.542971412561955,-9.034810954615233
elastic/kibana -> getsentry/sentry,-2.5797338248898245,-8.362823008781229
