,AMS_ij,normalized_AMS_ij
ohmyzsh/ohmyzsh -> sorin-ionescu/prezto,0.16522972091625748,3.9058725884380223
Bash-it/bash-it -> sorin-ionescu/prezto,-0.3907798890739976,0.22733688282964007
sorin-ionescu/prezto -> ohmyzsh/ohmyzsh,2.8972561524994154,21.5891812220753
Bash-it/bash-it -> ohmyzsh/ohmyzsh,0.06752512964120239,-5.433793719170684
sorin-ionescu/prezto -> Bash-it/bash-it,3.3527425674025078,29.3167602566483
ohmyzsh/ohmyzsh -> Bash-it/bash-it,-0.7804243396742686,-15.945883863741967
