,AMS_ij,normalized_AMS_ij
nodejs/node -> ruby/ruby,-1.4290959670101582,-0.9180186182787927
python/cpython -> ruby/ruby,0.18446225537962446,1.1179680981134426
ruby/ruby -> nodejs/node,-1.115449021950615,-5.459139923870203
python/cpython -> nodejs/node,-0.13935810095375759,0.2951495147850951
ruby/ruby -> python/cpython,-2.415577315634149,0.28029530427272853
nodejs/node -> python/cpython,0.25576896601700727,3.0752158379899726
