,AMS_ij,normalized_AMS_ij
nodejs/node -> ruby/ruby,-4.930535654049042,-5.662734710796632
python/cpython -> ruby/ruby,-0.24316307993229846,-3.7525912027649864
ruby/ruby -> nodejs/node,0.1453246752544176,1.1529906633951046
python/cpython -> nodejs/node,0.20154432027044145,6.263999378705481
ruby/ruby -> python/cpython,0.2641502982215911,0.9531805289114962
nodejs/node -> python/cpython,-1.9924617973293115,-3.731645677294368
