,AMS_ij,normalized_AMS_ij
redis/redis -> memcached/memcached,0.009516805282593615,-3.8755598642005187
tarantool/tarantool -> memcached/memcached,0.15662444343235113,3.582890317775372
memcached/memcached -> redis/redis,-3.210227432379701,-6.174711404557688
tarantool/tarantool -> redis/redis,2.2662968056191453,9.275852304018946
memcached/memcached -> tarantool/tarantool,3.2604731612447075,-4.954256333509251
redis/redis -> tarantool/tarantool,0.28060615460290594,2.5742310567610276
