,AMS_ij,normalized_AMS_ij
socketio/socket.io -> faye/faye,0.048166847773057075,1.5790549329565278
websockets/ws -> faye/faye,-0.10347829465982794,-6.379638305483104
faye/faye -> socketio/socket.io,0.5986080956730746,-0.24817959181322424
websockets/ws -> socketio/socket.io,0.9995070339671199,0.7967885932792698
faye/faye -> websockets/ws,-2.0075009931391885,-18.047065242803374
socketio/socket.io -> websockets/ws,0.208866585368005,3.412110854279641
