,AMS_ij,normalized_AMS_ij
socketio/socket.io -> faye/faye,-0.06894835635751417,-3.896886354604076
websockets/ws -> faye/faye,0.253388062443209,8.242064449253474
faye/faye -> socketio/socket.io,3.995586998993789,12.86500813648319
websockets/ws -> socketio/socket.io,-1.603293428278515,-31.922437356204576
faye/faye -> websockets/ws,-2.1896208123712526,-35.671514389527886
socketio/socket.io -> websockets/ws,-0.7747541532596098,-20.991863314835573
