,AMS_ij,normalized_AMS_ij
jekyll/jekyll -> middleman/middleman,-0.09564305821224203,-7.338033967172029
getpelican/pelican -> middleman/middleman,0.07785516799981368,1.2402214498819806
middleman/middleman -> jekyll/jekyll,-0.8165605528669049,-17.373141483087874
getpelican/pelican -> jekyll/jekyll,-0.9448488882732474,-13.235133345884703
middleman/middleman -> getpelican/pelican,1.3353931234775707,26.996217641827375
jekyll/jekyll -> getpelican/pelican,-0.06947509590850126,-7.818136439959216
