,AMS_ij,normalized_AMS_ij
rust-lang/rust -> nim-lang/Nim,-0.9714966716801385,-1.4298330886339436
golang/go -> nim-lang/Nim,-1.4731174167419117,-3.5413125682343227
nim-lang/Nim -> rust-lang/rust,-8.727847566780436,-2.510188986718905
golang/go -> rust-lang/rust,-0.512445375858296,1.0032179036910245
nim-lang/Nim -> golang/go,-2.1573828349296407,-3.793943427733855
rust-lang/rust -> golang/go,-0.848449112329224,0.02570319935776287
