,AMS_ij,normalized_AMS_ij
rust-lang/rust -> nim-lang/Nim,-0.1133499565467001,-0.7973536165233974
golang/go -> nim-lang/Nim,-1.2481761626648382,-19.007899613052754
nim-lang/Nim -> rust-lang/rust,36.20673464258136,69.36666761410508
golang/go -> rust-lang/rust,1.6636272669333803,4.239188589957384
nim-lang/Nim -> golang/go,-3.999570818477868,-36.92961457254249
rust-lang/rust -> golang/go,-0.5412765937416006,-1.3576776322880213
