,AMS_ij,normalized_AMS_ij
swiftlang/swift -> golang/go,1.56655753817394,1.0787804264614798
rust-lang/rust -> golang/go,-2.3434465149283032,-0.9516308813344249
golang/go -> swiftlang/swift,0.9171173028130982,4.278732472724274
rust-lang/rust -> swiftlang/swift,-1.8184399829365545,-11.923732307257069
golang/go -> rust-lang/rust,-2.649464303920306,-10.34866747083531
swiftlang/swift -> rust-lang/rust,-14.63793647529629,-20.396958386798126
