,AMS_ij,normalized_AMS_ij
swiftlang/swift -> golang/go,-0.9782198873705492,-0.6847267087073808
rust-lang/rust -> golang/go,-1.405585552483393,-2.9378404085775656
golang/go -> swiftlang/swift,-2.704092945610973,-1.092493389094748
rust-lang/rust -> swiftlang/swift,-1.086895130268754,-0.3230194533670214
golang/go -> rust-lang/rust,3.530675546330671,3.553442463940728
swiftlang/swift -> rust-lang/rust,0.029519758344288334,-1.185089780036912
