,AMS_ij,normalized_AMS_ij
swiftlang/swift -> golang/go,-0.39327959283984715,1.7280287686078224
rust-lang/rust -> golang/go,-1.7458672157568234,-1.92754509044654
golang/go -> swiftlang/swift,-15.323352140142466,-12.430782051654928
rust-lang/rust -> swiftlang/swift,0.6604696911335446,-1.360536339677842
golang/go -> rust-lang/rust,-2.181504003055877,-5.2032128928664605
swiftlang/swift -> rust-lang/rust,-0.27195285984602924,-9.29783994016388
