,AMS_ij,normalized_AMS_ij
d3/d3 -> plotly/plotly.js,6.841191407335456,20.18129887423851
highcharts/highcharts -> plotly/plotly.js,-1.0741563057418522,-0.16825252702098553
plotly/plotly.js -> d3/d3,-0.24754646092052154,-3.308945122555656
highcharts/highcharts -> d3/d3,-0.057140883622629535,0.7214902498258372
plotly/plotly.js -> highcharts/highcharts,-0.5140592659921028,1.1024319146277763
d3/d3 -> highcharts/highcharts,11.281723650246025,-23.140385500887994
