,AMS_ij,normalized_AMS_ij
psf/requests -> twisted/treq,1.256135645577006,5.100716920757929
urllib3/urllib3 -> twisted/treq,-0.8939548258635657,-22.761490185871708
twisted/treq -> psf/requests,-0.009129077862602511,4.72759290459364
urllib3/urllib3 -> psf/requests,-0.9040407669714137,-24.796279914430297
twisted/treq -> urllib3/urllib3,0.3567208815764852,8.114011530436397
psf/requests -> urllib3/urllib3,0.13913477289927367,17.951540628257884
