,AMS_ij,normalized_AMS_ij
psf/requests -> twisted/treq,0.06652052264752996,0.4514721153109831
urllib3/urllib3 -> twisted/treq,-0.9238415226555561,-19.271858647719593
twisted/treq -> psf/requests,1.876320550241195,5.228747061783038
urllib3/urllib3 -> psf/requests,1.0125770998129244,-1.26345913242908
twisted/treq -> urllib3/urllib3,0.048085161981944076,-11.434176958040448
psf/requests -> urllib3/urllib3,-2.023552562545599,-15.843433024605009
