,AMS_ij,normalized_AMS_ij
pallets/flask -> expressjs/express,-1.2932713867336096,0.4777639204250185
django/django -> expressjs/express,-1.1506764591253267,-13.241992261592678
expressjs/express -> pallets/flask,-1.0714076116727216,-8.031398092010487
django/django -> pallets/flask,-0.06696786234609302,2.231810441561381
expressjs/express -> django/django,-3.4179758251215135,-28.340567914203845
pallets/flask -> django/django,-0.6030814242961727,-0.205328824713612
