,AMS_ij,normalized_AMS_ij
twbs/bootstrap -> primer/css,-0.05626204089629487,-10.33580260063733
zurb/foundation-sites -> primer/css,-0.14651934806555006,-26.756688862459903
primer/css -> twbs/bootstrap,-1.1443417035959491,-78.77263679651153
zurb/foundation-sites -> twbs/bootstrap,-0.10267453676771054,-6.312147666960617
primer/css -> zurb/foundation-sites,0.3787665167827111,33.118005879877074
twbs/bootstrap -> zurb/foundation-sites,0.10089531901434357,8.822161016259113
