,AMS_ij,normalized_AMS_ij
moment/moment -> moment/luxon,0.12763320809296858,0.8963128574440966
date-fns/date-fns -> moment/luxon,-0.3212591280181112,-6.665373065268144
moment/luxon -> moment/moment,1.3105435483012686,6.700874175966246
date-fns/date-fns -> moment/moment,1.8804869821241457,4.777236359253437
moment/luxon -> date-fns/date-fns,2.6161243938331977,23.463122954378274
moment/moment -> date-fns/date-fns,0.2753226726332892,3.325934603485438
