,AMS_ij,normalized_AMS_ij
rclone/rclone -> aws/aws-cli,3.667769753766792,7.205272534107328
iterate-ch/cyberduck -> aws/aws-cli,-0.855589064781367,-2.272041288706709
aws/aws-cli -> rclone/rclone,0.28818777402986395,-1.8772151091035991
iterate-ch/cyberduck -> rclone/rclone,-0.06221531742422345,-2.596999501023468
aws/aws-cli -> iterate-ch/cyberduck,-8.96278638234845,-22.793853742430436
rclone/rclone -> iterate-ch/cyberduck,14.458522006444827,13.925355730651368
