,AMS_ij,normalized_AMS_ij
rclone/rclone -> aws/aws-cli,-0.9696286118613755,-10.177016409268754
iterate-ch/cyberduck -> aws/aws-cli,0.11586489124670057,0.7399780939198976
aws/aws-cli -> rclone/rclone,-5.333599579028714,-14.048338158299915
iterate-ch/cyberduck -> rclone/rclone,0.10134594121516997,0.2816217864744035
aws/aws-cli -> iterate-ch/cyberduck,-4.607252846251631,-21.793717219339133
rclone/rclone -> iterate-ch/cyberduck,-2.276924794492276,-4.054860393934022
