,AMS_ij,normalized_AMS_ij
webpack/webpack -> parcel-bundler/parcel,0.3283104715266386,2.9485735285549795
rollup/rollup -> parcel-bundler/parcel,0.06434954479244637,-2.535753421516697
parcel-bundler/parcel -> webpack/webpack,-1.527832032133631,-3.7179519324403656
rollup/rollup -> webpack/webpack,-2.655304889194175,-10.414510844813679
parcel-bundler/parcel -> rollup/rollup,-4.061355883107794,-24.673176193365876
webpack/webpack -> rollup/rollup,-1.6645671415006862,-9.059640359145115
