,AMS_ij,normalized_AMS_ij
godotengine/godot -> 4ian/GDevelop,-0.09379148114647091,-0.18100795062731528
MonoGame/MonoGame -> 4ian/GDevelop,0.2343679793971398,2.0500914771999765
4ian/GDevelop -> godotengine/godot,-3.4771642605296766,-4.413109732592793
MonoGame/MonoGame -> godotengine/godot,4.240284875683107,6.328097028685109
4ian/GDevelop -> MonoGame/MonoGame,0.505677060525754,-3.3926434071860614
godotengine/godot -> MonoGame/MonoGame,-0.22049638973952584,-1.6947277046620017
