,AMS_ij,normalized_AMS_ij
chartjs/chart.js -> d3/d3,6.1038354359065785,-3.887736453950389
highcharts/highcharts -> d3/d3,0.4661086620924933,7.834948800626221
d3/d3 -> chartjs/chart.js,1.1752267647638017,8.05234204632817
highcharts/highcharts -> chartjs/chart.js,-0.6369779493338472,-3.8038709766124543
d3/d3 -> highcharts/highcharts,2.711431011730343,17.511150338491596
chartjs/chart.js -> highcharts/highcharts,-7.685208488065082,2.544702831790969
