,AMS_ij,normalized_AMS_ij
chartjs/chart.js -> d3/d3,0.47957475581960246,10.686443204429766
highcharts/highcharts -> d3/d3,-0.09024626532297493,-1.9368307942844811
d3/d3 -> chartjs/chart.js,1.8145420641350951,13.429555155078887
highcharts/highcharts -> chartjs/chart.js,0.3744615417931354,3.992086910746928
d3/d3 -> highcharts/highcharts,19.917791466854077,31.18724384911523
chartjs/chart.js -> highcharts/highcharts,-4.863522798971891,-47.14828407603486
