,AMS_ij,normalized_AMS_ij
apache/echarts -> plotly/plotly.js,-0.9764139527816046,-4.335674744374874
highcharts/highcharts -> plotly/plotly.js,-0.3924897729479344,-0.7925872725898465
plotly/plotly.js -> apache/echarts,-0.43902807600943883,-1.8386981607191994
highcharts/highcharts -> apache/echarts,0.4360759905562335,5.403641730024226
plotly/plotly.js -> highcharts/highcharts,-2.1840480567748566,-2.6329248101710703
apache/echarts -> highcharts/highcharts,23.05044657541096,39.69255275734787
