,AMS_ij,normalized_AMS_ij
etcd-io/etcd -> apache/zookeeper,0.15430899698098083,2.0455982285065395
hashicorp/consul -> apache/zookeeper,0.005199301282758328,0.7354941995409101
apache/zookeeper -> etcd-io/etcd,0.4643568807283882,-19.612673893641876
hashicorp/consul -> etcd-io/etcd,-0.07087981401771082,-0.4148208177464161
apache/zookeeper -> hashicorp/consul,8.26418273638316,11.293270830564857
etcd-io/etcd -> hashicorp/consul,0.21351476197346042,0.8148802110151963
