,AMS_ij,normalized_AMS_ij
etcd-io/etcd -> apache/zookeeper,-0.030575961259782153,-4.420514553577588
hashicorp/consul -> apache/zookeeper,-0.02237479442961043,-6.683604936680686
apache/zookeeper -> etcd-io/etcd,2.46289797379728,-6.739227099444195
hashicorp/consul -> etcd-io/etcd,-0.09763369811182229,-8.073858880522716
apache/zookeeper -> hashicorp/consul,15.155993125661478,62.05935502478175
etcd-io/etcd -> hashicorp/consul,3.4621255565950997,13.917218554145203
