,AMS_ij,normalized_AMS_ij
ansible/ansible -> cfengine/core,-1.2446726181605468,-18.971980174763015
saltstack/salt -> cfengine/core,-0.10711000312727079,-0.7508257180863157
cfengine/core -> ansible/ansible,-2.163509602483435,-18.68236055699575
saltstack/salt -> ansible/ansible,0.007610346705877468,0.3578627052523678
cfengine/core -> saltstack/salt,4.568538523005387,1.1652716532665186
ansible/ansible -> saltstack/salt,-4.954747193489581,-8.90698061670825
