,AMS_ij,normalized_AMS_ij
ansible/ansible -> cfengine/core,-1.4810600416606563,-4.2432164585041505
saltstack/salt -> cfengine/core,-0.7625885576777814,0.8703991819705992
cfengine/core -> ansible/ansible,-6.698574003501991,-14.821689562624904
saltstack/salt -> ansible/ansible,-0.62942563709652,0.01929472365374329
cfengine/core -> saltstack/salt,-1.1003423287374399,4.701923319078126
ansible/ansible -> saltstack/salt,-0.017685500241645058,-0.15598650613816778
