,AMS_ij,normalized_AMS_ij
ansible/ansible -> cfengine/core,-0.002553307275973084,-0.01385906421902379
saltstack/salt -> cfengine/core,0.28612028923302113,3.9391946264859654
cfengine/core -> ansible/ansible,4.6940555671675295,0.6124423281452881
saltstack/salt -> ansible/ansible,5.740293579897008,0.2641957039657663
cfengine/core -> saltstack/salt,4.957643757755679,7.880326879303362
ansible/ansible -> saltstack/salt,0.041541081581535313,0.030025236244974652
