,AMS_ij,normalized_AMS_ij
home-assistant/core -> ioBroker/ioBroker,0.12894635384458078,0.28080708845986635
node-red/node-red -> ioBroker/ioBroker,-0.3124066451046735,-10.192555694540067
ioBroker/ioBroker -> home-assistant/core,6.205062467081276,-20.536698375917734
node-red/node-red -> home-assistant/core,1.760136519682964,-2.715416260471892
ioBroker/ioBroker -> node-red/node-red,-9.032122587838634,-61.24213029492418
home-assistant/core -> node-red/node-red,1.0300103264900937,4.738429164903988
