,AMS_ij,normalized_AMS_ij
gogs/gogs -> gitbucket/gitbucket,0.22934459109254995,4.943069608469549
gitlabhq/gitlabhq -> gitbucket/gitbucket,-0.4500979942899388,-10.474295014601168
gitbucket/gitbucket -> gogs/gogs,-0.19894668227293094,-10.028244330353683
gitlabhq/gitlabhq -> gogs/gogs,0.2768129340312302,2.6768537647507156
gitbucket/gitbucket -> gitlabhq/gitlabhq,-0.9273412139838324,-8.72816952084979
gogs/gogs -> gitlabhq/gitlabhq,0.04326258538425071,26.832032806786465
