,AMS_ij,normalized_AMS_ij
avelino/awesome-go -> vinta/awesome-python,-0.8106461773854627,-23.297205614066606
fffaraz/awesome-cpp -> vinta/awesome-python,-1.0537414109923062,-16.93414471295524
vinta/awesome-python -> avelino/awesome-go,0.5552897063318536,-19.767389316014484
fffaraz/awesome-cpp -> avelino/awesome-go,-0.27189237768646357,-4.4484803503197865
vinta/awesome-python -> fffaraz/awesome-cpp,-4.031380505702258,-43.189651315342594
avelino/awesome-go -> fffaraz/awesome-cpp,0.2692408657814789,0.7847199904109554
