,AMS_ij,normalized_AMS_ij
ocornut/imgui -> Immediate-Mode-UI/Nuklear,-0.06511779528827161,1.2680057801958615
lvgl/lvgl -> Immediate-Mode-UI/Nuklear,0.705527605048887,20.53302156841415
Immediate-Mode-UI/Nuklear -> ocornut/imgui,-3.238086492373508,-33.26444536752648
lvgl/lvgl -> ocornut/imgui,-0.25038761193600567,4.99407909830035
Immediate-Mode-UI/Nuklear -> lvgl/lvgl,2.2743310239026164,33.06331946934184
ocornut/imgui -> lvgl/lvgl,-0.5926046127261833,2.0631822215012927
