,AMS_ij,normalized_AMS_ij
ocornut/imgui -> Immediate-Mode-UI/Nuklear,-0.0005292369030765603,0.04694719946855817
lvgl/lvgl -> Immediate-Mode-UI/Nuklear,0.0635955147851196,-6.484738922381868
Immediate-Mode-UI/Nuklear -> ocornut/imgui,4.955750029765866,18.9103792652151
lvgl/lvgl -> ocornut/imgui,-1.4815339652633122,-7.4177303744198095
Immediate-Mode-UI/Nuklear -> lvgl/lvgl,4.643043091878639,3.1430105477289243
ocornut/imgui -> lvgl/lvgl,1.7116390079185506,5.176264336311003
