,AMS_ij,normalized_AMS_ij
minio/minio -> seaweedfs/seaweedfs,-0.8263276015748928,-33.465138497751525
ceph/ceph -> seaweedfs/seaweedfs,-0.48379882268985197,-6.910555319065526
seaweedfs/seaweedfs -> minio/minio,-1.1781821322010702,-21.415086708414645
ceph/ceph -> minio/minio,-0.06637234906541833,-1.1845903834624854
seaweedfs/seaweedfs -> ceph/ceph,-17.980210211111128,-53.241326787926766
minio/minio -> ceph/ceph,-15.048055759545493,-37.31466579168497
