,AMS_ij,normalized_AMS_ij
minio/minio -> seaweedfs/seaweedfs,-0.3075486239935092,4.882508299989876
ceph/ceph -> seaweedfs/seaweedfs,0.09721214582109533,2.590760379851427
seaweedfs/seaweedfs -> minio/minio,-10.012417539926767,-28.837813006430153
ceph/ceph -> minio/minio,0.09603478733114792,0.6802059850178594
seaweedfs/seaweedfs -> ceph/ceph,19.8057489267839,30.04843520724423
minio/minio -> ceph/ceph,2.3859162520789683,0.3312826617750347
