,AMS_ij,normalized_AMS_ij
gohugoio/hugo -> hexojs/hexo,-0.9370164902904394,6.177765932112172
sphinx-doc/sphinx -> hexojs/hexo,1.2563022933071917,21.57344251196082
hexojs/hexo -> gohugoio/hugo,1.7500369787547654,26.09163438176068
sphinx-doc/sphinx -> gohugoio/hugo,-1.2267851767097229,-12.576906437383034
hexojs/hexo -> sphinx-doc/sphinx,1.8223630509116642,29.87516092022635
gohugoio/hugo -> sphinx-doc/sphinx,-0.46682389250670775,-14.85422428732205
