,AMS_ij,normalized_AMS_ij
gohugoio/hugo -> hexojs/hexo,-0.07224260812265806,-8.57085607631915
sphinx-doc/sphinx -> hexojs/hexo,0.01864460680063204,1.9137390056458752
hexojs/hexo -> gohugoio/hugo,-1.3000969602269228,-50.35199856974627
sphinx-doc/sphinx -> gohugoio/hugo,0.4597069691645113,5.112609129634184
hexojs/hexo -> sphinx-doc/sphinx,-5.521860679301024,-39.594139332818635
gohugoio/hugo -> sphinx-doc/sphinx,-0.9127833632179265,2.233624076746853
