,AMS_ij,normalized_AMS_ij
mui/material-ui -> twbs/bootstrap,-4.4783669980257566,-2.3556132020679987
ant-design/ant-design -> twbs/bootstrap,-1.2980132842586576,-4.639539704918085
twbs/bootstrap -> mui/material-ui,1.1511646509730176,9.20351319271013
ant-design/ant-design -> mui/material-ui,1.0037820602977943,5.247758740346646
twbs/bootstrap -> ant-design/ant-design,-0.6044005926970824,-4.478591731849113
mui/material-ui -> ant-design/ant-design,-6.253706006836053,-11.768815869078617
