,AMS_ij,normalized_AMS_ij
apache/superset -> getredash/redash,0.5503922415561048,1.583596182920062
metabase/metabase -> getredash/redash,1.5262786987089298,40.43191108695386
getredash/redash -> apache/superset,14.570158947975806,10.590306224513169
metabase/metabase -> apache/superset,-0.27511211159010557,2.0679042469995896
getredash/redash -> metabase/metabase,14.370353590731185,81.20704261588821
apache/superset -> metabase/metabase,-2.239376447141163,-2.4706873190766996
