,AMS_ij,normalized_AMS_ij
traefik/traefik -> kong/kong,-0.9023098032809047,-31.3854102986491
haproxy/haproxy -> kong/kong,0.13370937420836132,2.8229271036758643
kong/kong -> traefik/traefik,-0.016119655849615222,-9.107352098333848
haproxy/haproxy -> traefik/traefik,0.17020188282912654,3.9457523207803895
kong/kong -> haproxy/haproxy,-3.5169815478267257,-23.81034806982259
traefik/traefik -> haproxy/haproxy,-3.4092351205015854,-29.890710274837716
