,AMS_ij,normalized_AMS_ij
traefik/traefik -> kong/kong,1.1049491456077085,10.255758531297708
haproxy/haproxy -> kong/kong,0.31423781554892416,-2.4624280205774407
kong/kong -> traefik/traefik,-0.1418339737446329,3.3050539669916903
haproxy/haproxy -> traefik/traefik,-0.3109972464102481,4.045640846135115
kong/kong -> haproxy/haproxy,-0.16133253485728372,-3.3911218548276154
traefik/traefik -> haproxy/haproxy,1.8725680494556878,19.56913406057227
