,AMS_ij,normalized_AMS_ij
tensorflow/models -> pytorch/vision,-0.5737346290088938,-2.382686450244992
huggingface/transformers -> pytorch/vision,0.16955425110495187,1.9993181525345398
pytorch/vision -> tensorflow/models,-2.836021293908166,12.380278162134825
huggingface/transformers -> tensorflow/models,0.8065626112957267,6.918665166149222
pytorch/vision -> huggingface/transformers,-7.217803467956789,-17.57438454089198
tensorflow/models -> huggingface/transformers,-12.326780098326092,-31.812806943064352
