,AMS_ij,normalized_AMS_ij
tensorflow/tensorflow -> apache/mxnet,-0.19593605828099606,-8.419549062542565
pytorch/pytorch -> apache/mxnet,0.07120751871896065,1.5180518619770818
apache/mxnet -> tensorflow/tensorflow,-15.180474127883024,-47.17143444401687
pytorch/pytorch -> tensorflow/tensorflow,-0.03676151340823666,0.6850486222211516
apache/mxnet -> pytorch/pytorch,10.35131355065841,23.94199478305967
tensorflow/tensorflow -> pytorch/pytorch,-0.028386253158979878,0.4150236395263513
