,AMS_ij,normalized_AMS_ij
reduxjs/redux -> mobxjs/mobx,-0.14233928451181274,14.279053732181143
reduxjs/redux-toolkit -> mobxjs/mobx,0.1824222677252335,14.449312041368255
mobxjs/mobx -> reduxjs/redux,-0.8161589055246002,-10.420636131676416
reduxjs/redux-toolkit -> reduxjs/redux,0.12794489940385598,-0.46391256396887315
mobxjs/mobx -> reduxjs/redux-toolkit,0.9931254050105428,24.250014638715488
reduxjs/redux -> reduxjs/redux-toolkit,-4.4885147200721,-62.211054376157946
