,AMS_ij,normalized_AMS_ij
sveltejs/svelte -> facebook/react,0.05218792177367772,-7.541970168052438
angular/angular -> facebook/react,0.03077091207520792,-1.7970514715584112
facebook/react -> sveltejs/svelte,-3.768622796300072,-68.87898221465244
angular/angular -> sveltejs/svelte,0.9378578236987687,21.620738429736925
facebook/react -> angular/angular,-7.076173020439578,16.33515818626079
sveltejs/svelte -> angular/angular,8.390294062881566,51.308572651656114
