,AMS_ij,normalized_AMS_ij
prettier/prettier -> standard/standard,-0.18690657211224482,-0.4340256063080557
eslint/eslint -> standard/standard,-0.7682807712701627,-8.932822354765907
standard/standard -> prettier/prettier,-0.14935663676795763,-5.762573565204762
eslint/eslint -> prettier/prettier,-2.4975919418161565,-9.010277917457419
standard/standard -> eslint/eslint,0.4083930353114801,1.8661303849827873
prettier/prettier -> eslint/eslint,-0.2990864175684921,-6.320748505414561
