,AMS_ij,normalized_AMS_ij
nestjs/nest -> koajs/koa,0.16864667426385566,8.273310608544557
fastify/fastify -> koajs/koa,-0.21358892107811953,-13.215358849874484
koajs/koa -> nestjs/nest,5.35568867043051,20.436868937541
fastify/fastify -> nestjs/nest,6.158838769796124,42.716156455659196
koajs/koa -> fastify/fastify,6.260498035881108,62.261260348099356
nestjs/nest -> fastify/fastify,2.778357671028589,24.268100545362074
