,AMS_ij,normalized_AMS_ij
nestjs/nest -> koajs/koa,0.018779840730786458,0.29070949544925273
fastify/fastify -> koajs/koa,-0.008207919008892306,-0.6178543851988396
koajs/koa -> nestjs/nest,-3.479711621121778,-21.026266562564814
fastify/fastify -> nestjs/nest,1.9281443454853782,0.440905385575479
koajs/koa -> fastify/fastify,0.5030560698511225,20.410112941552164
nestjs/nest -> fastify/fastify,0.02326231259060563,-1.2544856901222534
