,AMS_ij,normalized_AMS_ij
ElemeFE/element -> youzan/vant,-2.5786086039805056,-50.564793266573524
ant-design/ant-design -> youzan/vant,0.7515007218926224,7.9383966076589925
youzan/vant -> ElemeFE/element,-0.24199712874121998,-16.016575596960784
ant-design/ant-design -> ElemeFE/element,0.012994496029056052,0.4776130079512855
youzan/vant -> ant-design/ant-design,4.134987305838754,27.59019478099568
ElemeFE/element -> ant-design/ant-design,-6.052544346270224,-56.52247633834055
