,AMS_ij,normalized_AMS_ij
ElemeFE/element -> youzan/vant,3.156499417695338,33.612139434481215
ant-design/ant-design -> youzan/vant,-1.826052859157695,-1.0180591069895837
youzan/vant -> ElemeFE/element,-0.5209046708452454,12.309220103676829
ant-design/ant-design -> ElemeFE/element,-0.1983811799646369,0.26829574576941834
youzan/vant -> ant-design/ant-design,-2.9885707254012726,0.40622412511289374
ElemeFE/element -> ant-design/ant-design,1.3705954079275413,-2.2934060388004625
