,AMS_ij,normalized_AMS_ij
vuejs/core -> sveltejs/svelte,5.567603764340989,9.858208160450705
facebook/react -> sveltejs/svelte,-16.023647768286853,-85.5083944538404
sveltejs/svelte -> vuejs/core,2.5640779549778805,8.645323366287256
facebook/react -> vuejs/core,3.5577941846870544,8.877724041065637
sveltejs/svelte -> facebook/react,-3.5058267810541808,-26.34927808082471
vuejs/core -> facebook/react,2.684098324434267,6.668645483270365
