,AMS_ij,normalized_AMS_ij
vuejs/core -> sveltejs/svelte,-0.5467089121135523,-10.898778376244623
facebook/react -> sveltejs/svelte,0.13521616650577914,2.766335034941862
sveltejs/svelte -> vuejs/core,-1.0157243797079307,-14.034514954692032
facebook/react -> vuejs/core,-0.3886659773064364,0.8329569488226026
sveltejs/svelte -> facebook/react,-1.0129720349721456,-13.055403584998619
vuejs/core -> facebook/react,-0.46331402675000966,1.559793292570715
