,AMS_ij,normalized_AMS_ij
nuxt/nuxt -> remix-run/remix,-3.661320349254215,-18.778747811646028
vercel/next.js -> remix-run/remix,-0.9091214320368166,2.1250020341099884
remix-run/remix -> nuxt/nuxt,0.39648674610741685,-8.409455349717938
vercel/next.js -> nuxt/nuxt,-1.6631568052311558,-12.05533522664879
remix-run/remix -> vercel/next.js,2.7735175061741515,-4.9298730927611984
nuxt/nuxt -> vercel/next.js,-18.322130418286054,-49.35502825713017
