,AMS_ij,normalized_AMS_ij
go-pg/pg -> jackc/pgx,0.09172518768427737,-12.854303319411581
lib/pq -> jackc/pgx,2.657497102970451,48.47328074078309
jackc/pgx -> go-pg/pg,-0.8130833337785519,-26.640530967664372
lib/pq -> go-pg/pg,-0.26740945455412185,9.21879756039507
jackc/pgx -> lib/pq,0.1272514710895083,6.315199111180967
go-pg/pg -> lib/pq,-0.009921104128135724,16.360192368501945
