,AMS_ij,normalized_AMS_ij
lib/pq -> coreos/bbolt,1.9001539049408607,27.1336878573461
go-mgo/mgo -> coreos/bbolt,2.9862519849760916,21.14557296146382
coreos/bbolt -> lib/pq,0.1923624553645683,3.2465287808183083
go-mgo/mgo -> lib/pq,-1.7611661034940913,-49.03372800920609
coreos/bbolt -> go-mgo/mgo,0.7240678908996917,-3.387133164407646
lib/pq -> go-mgo/mgo,-1.083731292286738,-21.36394740397381
