,AMS_ij,normalized_AMS_ij
profclems/glab -> cli/cli,2.4845526523245933,18.138062326295483
github/hub -> cli/cli,14.675184660071356,106.53538497176487
cli/cli -> profclems/glab,2.679138602303509,19.963778618518738
github/hub -> profclems/glab,4.722641280932628,40.80803871437685
cli/cli -> github/hub,0.028445155357076764,5.0398702872158685
profclems/glab -> github/hub,-0.05857102275617576,-9.066878720693081
