,AMS_ij,normalized_AMS_ij
lltcggie/waifu2x-caffe -> DeadSix27/waifu2x-converter-cpp,-0.27289969264084163,9.13637975364234
nagadomi/waifu2x -> DeadSix27/waifu2x-converter-cpp,5.219150899646639,32.674947920024366
DeadSix27/waifu2x-converter-cpp -> lltcggie/waifu2x-caffe,0.4956721205522331,2.9341426932362102
nagadomi/waifu2x -> lltcggie/waifu2x-caffe,-2.049985382122845,-41.75462039428848
DeadSix27/waifu2x-converter-cpp -> nagadomi/waifu2x,-2.5796101324627387,-8.548003411629036
lltcggie/waifu2x-caffe -> nagadomi/waifu2x,-1.3635956628219212,-37.18169899490435
