,AMS_ij,normalized_AMS_ij
python/cpython -> ruby/ruby,1.040747886244938,0.7247196833910085
php/php-src -> ruby/ruby,-2.846389050482994,-4.289020890306962
ruby/ruby -> python/cpython,4.220489565257461,7.4489629419594845
php/php-src -> python/cpython,3.7810102663181375,9.466163378928728
ruby/ruby -> php/php-src,-5.393324153372617,-17.62810643902986
python/cpython -> php/php-src,3.442244322404174,2.483250228714933
