,AMS_ij,normalized_AMS_ij
python/cpython -> ruby/ruby,1.6163247135678223,5.842898456393575
php/php-src -> ruby/ruby,0.9578519575671933,-0.10601329103078949
ruby/ruby -> python/cpython,1.789298396650807,1.7474897121762434
php/php-src -> python/cpython,-3.940326265142288,-9.848817132537341
ruby/ruby -> php/php-src,3.8799792885669433,1.8271469684847625
python/cpython -> php/php-src,-4.998135540936717,-12.070466169069158
