,AMS_ij,normalized_AMS_ij
python/cpython -> ruby/ruby,-6.76123777774148,-7.633915986484065
php/php-src -> ruby/ruby,-2.3663260277588303,-3.8975908933271657
ruby/ruby -> python/cpython,0.16743362463691283,0.8047394266334097
php/php-src -> python/cpython,0.1333880666819337,4.165246672874193
ruby/ruby -> php/php-src,-0.15175818826793996,-0.7977529096124283
python/cpython -> php/php-src,6.346545426611743,20.803507309566783
