,AMS_ij,normalized_AMS_ij
rails/rails -> sinatra/sinatra,-0.02105615618503054,-0.6960589993610764
django/django -> sinatra/sinatra,-0.9662965939044742,-10.290239234074052
sinatra/sinatra -> rails/rails,-3.4791296895927086,-6.651341298050751
django/django -> rails/rails,2.353203508715027,1.760413960621866
sinatra/sinatra -> django/django,2.302877015227381,4.949789431212026
rails/rails -> django/django,0.7816094763606624,0.46934708253201923
