,AMS_ij,normalized_AMS_ij
rails/rails -> sinatra/sinatra,0.02095215512905055,2.3352870148126383
django/django -> sinatra/sinatra,-0.0009156867030760858,-0.14266794528681426
sinatra/sinatra -> rails/rails,-5.481438400520331,-61.69491981317078
django/django -> rails/rails,-1.3031633250385495,-14.145356276892096
sinatra/sinatra -> django/django,-0.41665065390868816,-16.712810180865873
rails/rails -> django/django,-0.08929047614864762,-3.539190370995112
