,AMS_ij,normalized_AMS_ij
django/django -> pallets/flask,1.4940171408434821,7.400395960644926
rails/rails -> pallets/flask,0.10088861819537775,0.5758379984280778
pallets/flask -> django/django,5.263458292336797,11.693543255675182
rails/rails -> django/django,-0.10546802198658989,1.8814018988715229
pallets/flask -> rails/rails,6.8695624663934725,11.30376228546543
django/django -> rails/rails,4.872290926477359,6.282561058398405
