,AMS_ij,normalized_AMS_ij
django/django -> pallets/flask,-0.016878596165947765,2.360690556260566
rails/rails -> pallets/flask,0.1324668966974332,0.9713133517949477
pallets/flask -> django/django,-0.4415457035721867,-1.9705326664097613
rails/rails -> django/django,-1.1781852934416248,-7.5548676312710175
pallets/flask -> rails/rails,9.88328818479134,5.5802693887111605
django/django -> rails/rails,-8.751470110523965,-19.32475933504736
