,AMS_ij,normalized_AMS_ij
django/django -> pallets/flask,0.014305875331776994,2.3627587283239895
rails/rails -> pallets/flask,-0.12793396284399153,-1.882502439763642
pallets/flask -> django/django,0.37797464691195565,2.3255146395130684
rails/rails -> django/django,-0.27336186056173606,-3.33274803378698
pallets/flask -> rails/rails,1.7891401712865151,5.849109096334398
django/django -> rails/rails,-0.7599988860721232,-8.97822267142026
