,AMS_ij,normalized_AMS_ij
protocolbuffers/protobuf -> apache/avro,-1.2998662186970966,-14.30254815229381
apache/thrift -> apache/avro,0.4143900708067191,3.206113517649108
apache/avro -> protocolbuffers/protobuf,2.6325789766308416,4.763521488479074
apache/thrift -> protocolbuffers/protobuf,0.43309567416766115,1.951006880746901
apache/avro -> apache/thrift,-2.485803111744269,-18.27878449870674
protocolbuffers/protobuf -> apache/thrift,2.3486925861265484,9.74587394110135
