,AMS_ij,normalized_AMS_ij
protocolbuffers/protobuf -> apache/avro,0.24979472387975726,7.089062724562685
apache/thrift -> apache/avro,0.31247822048964813,5.279099769414028
apache/avro -> protocolbuffers/protobuf,2.2910589248054034,-1.9869377631998308
apache/thrift -> protocolbuffers/protobuf,-3.090952514887931,-9.507651523790276
apache/avro -> apache/thrift,-0.6873766435459421,-11.714482406254348
protocolbuffers/protobuf -> apache/thrift,0.4829958172908313,8.39592721867206
