,AMS_ij,normalized_AMS_ij
jetbrains/kotlin -> apache/groovy,-0.16621797089500612,-4.1186512946725955
scala/scala -> apache/groovy,0.6520650642769621,19.94554591819371
apache/groovy -> jetbrains/kotlin,-2.358417820015437,2.8764569508424582
scala/scala -> jetbrains/kotlin,3.48749483584355,4.307646830558691
apache/groovy -> scala/scala,-0.07149549736198124,0.6829712184433021
jetbrains/kotlin -> scala/scala,0.0030335288074196543,-0.6726472581693084
