,AMS_ij,normalized_AMS_ij
JuliaLang/julia -> python/cpython,0.7317538942532249,-0.28929163943665454
rust-lang/rust -> python/cpython,0.240776058800003,2.5120033954242067
python/cpython -> JuliaLang/julia,-0.7044655580000209,-0.14129823889736448
rust-lang/rust -> JuliaLang/julia,-0.1639916122281499,-1.066824647308411
python/cpython -> rust-lang/rust,2.3196649421128575,2.633274045558038
JuliaLang/julia -> rust-lang/rust,-3.501571605416664,-3.095708455485781
