,AMS_ij,normalized_AMS_ij
Bash-it/bash-it -> sorin-ionescu/prezto,-0.2739620685809602,0.2500843820282465
ohmyzsh/ohmyzsh -> sorin-ionescu/prezto,0.1496462466206422,3.903605819048856
sorin-ionescu/prezto -> Bash-it/bash-it,3.263232122050423,29.316755042789556
ohmyzsh/ohmyzsh -> Bash-it/bash-it,-0.627030022838434,-15.433858454890736
sorin-ionescu/prezto -> ohmyzsh/ohmyzsh,2.9137175347412354,21.589176590544938
Bash-it/bash-it -> ohmyzsh/ohmyzsh,-0.6092597612053687,-5.810642096855074
