,AMS_ij,normalized_AMS_ij
Bash-it/bash-it -> sorin-ionescu/prezto,0.9786982367437633,4.206895909908761
ohmyzsh/ohmyzsh -> sorin-ionescu/prezto,-0.09642134944457229,2.9396492585765417
sorin-ionescu/prezto -> Bash-it/bash-it,-0.6178811279064447,-9.0987417048337
ohmyzsh/ohmyzsh -> Bash-it/bash-it,0.16759758674732106,3.730922792167575
sorin-ionescu/prezto -> ohmyzsh/ohmyzsh,-2.2157634092873675,1.424515431100244
Bash-it/bash-it -> ohmyzsh/ohmyzsh,0.8335229574962538,-0.24666442355567864
