,AMS_ij,normalized_AMS_ij
python/cpython -> ruby/ruby,-0.4115441727525111,-3.511322978222575
nodejs/node -> ruby/ruby,-4.7909033495306215,-4.813082805454274
ruby/ruby -> python/cpython,0.2253834395571446,0.7261510198552491
nodejs/node -> python/cpython,-1.1687219571149419,1.5227656540849757
ruby/ruby -> nodejs/node,0.12786867137518393,1.0936816764749397
python/cpython -> nodejs/node,-0.1822921110045766,3.7506037316505614
