,AMS_ij,normalized_AMS_ij
python/cpython -> ruby/ruby,0.22333554823135657,1.3225610916319543
nodejs/node -> ruby/ruby,-1.10000714386733,1.3656604540920112
ruby/ruby -> python/cpython,-2.5370709618189444,0.8124695840861933
nodejs/node -> python/cpython,-1.4539124170693638,0.4991967841486122
ruby/ruby -> nodejs/node,-1.2592294312103718,-7.045517265256623
python/cpython -> nodejs/node,0.09910029604411422,1.4564918242833222
