,AMS_ij,normalized_AMS_ij
python/cpython -> ruby/ruby,-3.379096407214904,-11.713596911709134
nodejs/node -> ruby/ruby,-3.4393703391977795,-0.8750192522556016
ruby/ruby -> python/cpython,-1.5209117844687146,-8.520688069440972
nodejs/node -> python/cpython,-0.6269716126819238,-1.4662157195839332
ruby/ruby -> nodejs/node,1.0216286701343074,5.963356619683744
python/cpython -> nodejs/node,0.4864914593464261,6.018365999486641
