,AMS_ij,normalized_AMS_ij
python/cpython -> ruby/ruby,-0.21997045528772502,1.129126025022209
nodejs/node -> ruby/ruby,-0.5640699835349384,6.827392188122447
ruby/ruby -> python/cpython,2.9371243960823383,5.675769756206553
nodejs/node -> python/cpython,-0.6469990279795632,0.7793975815621731
ruby/ruby -> nodejs/node,0.3735953024667941,9.759376001623234
python/cpython -> nodejs/node,0.6879403425146826,1.9433904803603679
