,AMS_ij,normalized_AMS_ij
tarantool/tarantool -> memcached/memcached,0.15814066100780996,3.317406662473419
redis/redis -> memcached/memcached,-0.014958036980903726,-4.063284574347501
memcached/memcached -> tarantool/tarantool,2.8815722539849276,-4.966576551680672
redis/redis -> tarantool/tarantool,0.6875199270959991,4.623171316231627
memcached/memcached -> redis/redis,-2.839854580949915,-5.699550329943809
tarantool/tarantool -> redis/redis,1.6712221414863375,6.671577842150238
