,AMS_ij,normalized_AMS_ij
websockets/ws -> faye/faye,0.10262428692529352,2.1385168337393146
socketio/socket.io -> faye/faye,0.00193773827913582,-2.456830379942455
faye/faye -> websockets/ws,-1.016875587272115,-50.25917185267114
socketio/socket.io -> websockets/ws,0.3212217927399956,9.759408217682166
faye/faye -> socketio/socket.io,7.2128698724941716,62.76098091425133
websockets/ws -> socketio/socket.io,3.611554058713301,16.47847370145658
