,AMS_ij,normalized_AMS_ij
balderdashy/sails -> hapijs/hapi,-1.0967695677383726,-7.454873716990937
expressjs/express -> hapijs/hapi,0.331214716050148,-6.471856493471282
hapijs/hapi -> balderdashy/sails,-4.377253406211564,-23.670834016967977
expressjs/express -> balderdashy/sails,7.096044262770967,15.37218790390274
hapijs/hapi -> expressjs/express,1.6777295027585204,8.471741785820432
balderdashy/sails -> expressjs/express,0.8531437224692571,2.632730790857005
