,AMS_ij,normalized_AMS_ij
getpelican/pelican -> middleman/middleman,0.6591899818030531,8.951945411167697
jekyll/jekyll -> middleman/middleman,0.37193871357419106,1.7433748204799828
middleman/middleman -> getpelican/pelican,-0.5752789456372338,-9.663272586442497
jekyll/jekyll -> getpelican/pelican,0.04390977162824021,2.608728745413311
middleman/middleman -> jekyll/jekyll,0.33785026947933405,6.290076528039143
getpelican/pelican -> jekyll/jekyll,0.9028777145110221,12.352905513336543
