,AMS_ij,normalized_AMS_ij
golang/go -> nim-lang/Nim,0.18532008901781552,0.32705034075672207
rust-lang/rust -> nim-lang/Nim,-0.16667241752641523,-2.254021886350133
nim-lang/Nim -> golang/go,-0.7594660320309325,-2.3307715951342316
rust-lang/rust -> golang/go,-0.8430538092355445,-1.9088320172793525
nim-lang/Nim -> rust-lang/rust,7.477325965961647,4.680045541888105
golang/go -> rust-lang/rust,1.1380631476446854,0.29356079276696556
