,AMS_ij,normalized_AMS_ij
golang/go -> nim-lang/Nim,0.4483594392036473,8.369373295354453
rust-lang/rust -> nim-lang/Nim,-1.3436673819775233,-18.075573635517102
nim-lang/Nim -> golang/go,-11.621071433663639,1.0032174785475059
rust-lang/rust -> golang/go,-2.0956545382548772,-3.06103214633525
nim-lang/Nim -> rust-lang/rust,-30.611805358827908,-81.68461957425818
golang/go -> rust-lang/rust,-1.8069694005979682,0.9928783579126816
