,AMS_ij,normalized_AMS_ij
rust-lang/rust -> golang/go,-1.3902307148842794,-2.954659625077209
swiftlang/swift -> golang/go,-0.8998517327753568,-0.546734999014927
golang/go -> rust-lang/rust,3.3509468825332336,3.5534424466221717
swiftlang/swift -> rust-lang/rust,0.3907414918617765,-0.5233367815163122
golang/go -> swiftlang/swift,-2.816016024549831,-1.0924936149110804
rust-lang/rust -> swiftlang/swift,-1.2445856400490554,-0.6140181227306649
