,AMS_ij,normalized_AMS_ij
BabylonJS/Babylon.js -> playcanvas/engine,-0.5677109763795987,-2.6175069212625006
mrdoob/three.js -> playcanvas/engine,-0.7645861612874874,-4.4499779127045835
playcanvas/engine -> BabylonJS/Babylon.js,-13.845137265629354,-25.512507159806084
mrdoob/three.js -> BabylonJS/Babylon.js,0.9137621269478101,4.423108670037962
playcanvas/engine -> mrdoob/three.js,-1.7404143311524443,-1.3741995363113972
BabylonJS/Babylon.js -> mrdoob/three.js,-0.2069433669022273,0.004122911252602002
