,AMS_ij,normalized_AMS_ij
urllib3/urllib3 -> twisted/treq,0.016493428981242956,0.5314642605726628
psf/requests -> twisted/treq,-0.6136970093336253,-8.749134259157328
twisted/treq -> urllib3/urllib3,-1.191885672321939,-3.361972158116269
psf/requests -> urllib3/urllib3,0.7058408708356081,6.877169060648372
twisted/treq -> psf/requests,-10.551913685544111,-34.557176648564045
urllib3/urllib3 -> psf/requests,-1.9872789296910682,-4.705202786664555
