,AMS_ij,normalized_AMS_ij
urllib3/urllib3 -> twisted/treq,-0.819145285968064,-22.020360636895667
psf/requests -> twisted/treq,1.1858946430231354,5.854200564661746
twisted/treq -> urllib3/urllib3,0.23983086285162353,6.493474953385736
psf/requests -> urllib3/urllib3,0.23787843664232217,12.762696390922784
twisted/treq -> psf/requests,-0.0465104355269863,3.7028394145703025
urllib3/urllib3 -> psf/requests,-0.7618313128080714,-19.569255044571122
