,AMS_ij,normalized_AMS_ij
django/django -> expressjs/express,0.09047018008397809,3.287153323071669
pallets/flask -> expressjs/express,0.0892186896559078,4.924416113637784
expressjs/express -> django/django,-0.5226307256135436,15.134890027581468
pallets/flask -> django/django,-0.587557869354649,-0.9323999971763999
expressjs/express -> pallets/flask,-9.1834878843915,-60.835566597137316
django/django -> pallets/flask,1.1943294537890075,4.693622502103619
