,AMS_ij,normalized_AMS_ij
zurb/foundation-sites -> primer/css,-0.14566643957978267,-26.600793048179288
twbs/bootstrap -> primer/css,-0.057799339823314796,-10.616501866311289
primer/css -> zurb/foundation-sites,0.3787666230634039,33.118015172885315
twbs/bootstrap -> zurb/foundation-sites,0.08833380782952832,7.723719684182983
primer/css -> twbs/bootstrap,-1.1443418513498267,-78.7726465718919
zurb/foundation-sites -> twbs/bootstrap,-0.08010071537522989,-4.786769142818019
