,AMS_ij,normalized_AMS_ij
zurb/foundation-sites -> primer/css,-1.149276214469497,-7.109799012026305
twbs/bootstrap -> primer/css,-0.3934633447066081,-7.435361210107064
primer/css -> zurb/foundation-sites,0.04915191210966597,-0.9930686707832374
twbs/bootstrap -> zurb/foundation-sites,-0.24339340872700388,-0.08731136526175655
primer/css -> twbs/bootstrap,-0.9723212046966051,-14.563147162375344
zurb/foundation-sites -> twbs/bootstrap,0.24523485761868624,-2.543150904513901
