,AMS_ij,normalized_AMS_ij
canonical/lxd -> containerd/containerd,0.5661411817703953,5.593017012223564
moby/moby -> containerd/containerd,2.2369371656609145,13.673848909581743
containerd/containerd -> canonical/lxd,-6.3198304647631645,-13.25528613691449
moby/moby -> canonical/lxd,1.5138018017608235,5.559449387777544
containerd/containerd -> moby/moby,15.080129549452014,42.264823100170325
canonical/lxd -> moby/moby,-3.2709624160504673,-1.078074182045828
