,AMS_ij,normalized_AMS_ij
AvaloniaUI/Avalonia -> nwjs/nw.js,0.5755624921811617,6.2333316807173915
electron/electron -> nwjs/nw.js,-0.20701954235707687,-0.7549763838852845
nwjs/nw.js -> AvaloniaUI/Avalonia,-4.446593622728855,-13.735305502215558
electron/electron -> AvaloniaUI/Avalonia,-2.690978730344816,-10.05086315909905
nwjs/nw.js -> electron/electron,-6.429725182010215,-17.78673602275773
AvaloniaUI/Avalonia -> electron/electron,-5.8870022503408865,-12.23916156276398
