,AMS_ij,normalized_AMS_ij
WordPress/WordPress -> getgrav/grav,-0.9553443101497865,-11.247216994550499
tryghost/ghost -> getgrav/grav,-0.20958478273606665,-7.747875329742309
getgrav/grav -> WordPress/WordPress,-4.99966951041157,-30.30714848369746
tryghost/ghost -> WordPress/WordPress,-0.8054768633476064,-7.793549249585749
getgrav/grav -> tryghost/ghost,-3.056148113954866,-20.91748091210589
WordPress/WordPress -> tryghost/ghost,0.19230620984054947,-2.2452838645658306
