,AMS_ij,normalized_AMS_ij
highcharts/highcharts -> d3/d3,-0.01354531262719038,1.0382362342034726
chartjs/chart.js -> d3/d3,0.5829496334251315,9.580857747463408
d3/d3 -> highcharts/highcharts,-36.704314517342034,-59.42195482655757
chartjs/chart.js -> highcharts/highcharts,34.1155008140556,85.99497367561327
d3/d3 -> chartjs/chart.js,-0.0662251394348865,35.006531786214126
highcharts/highcharts -> chartjs/chart.js,0.031049222823413443,5.785209110564252
