,AMS_ij,normalized_AMS_ij
highcharts/highcharts -> plotly/plotly.js,-1.9731346561796062,-4.290451096994601
apache/echarts -> plotly/plotly.js,-0.06956454813876949,2.7356850622200843
plotly/plotly.js -> highcharts/highcharts,-6.727204874619453,-13.853560869207271
apache/echarts -> highcharts/highcharts,-0.017383069666341178,-5.364815556874144
plotly/plotly.js -> apache/echarts,2.2878632493896554,21.683803869664803
highcharts/highcharts -> apache/echarts,0.7196004459702944,5.484167508702583
