,AMS_ij,normalized_AMS_ij
node-red/node-red -> ioBroker/ioBroker,0.10190170568895414,4.40562020727717
home-assistant/core -> ioBroker/ioBroker,-0.007278410079544211,-0.10278884475877015
ioBroker/ioBroker -> node-red/node-red,0.46715635546350603,1.5763433567192553
home-assistant/core -> node-red/node-red,-0.003808009285684092,-0.8498645047492127
ioBroker/ioBroker -> home-assistant/core,4.4834016199803575,-11.403827604274282
node-red/node-red -> home-assistant/core,-8.617569466546488,-18.34035688415609
