,AMS_ij,normalized_AMS_ij
angular/angular -> jquery/jquery,-0.002464153885227454,-1.8854879549443495
facebook/react -> jquery/jquery,-0.09179403217205853,-7.318077008397372
jquery/jquery -> angular/angular,-3.234226182213218,-9.210840333327244
facebook/react -> angular/angular,1.2724759612229155,16.66918026352084
jquery/jquery -> facebook/react,-9.496749652633268,-157.6958251884829
angular/angular -> facebook/react,-0.8689435404995778,-10.322918247711016
