,AMS_ij,normalized_AMS_ij
gitlabhq/gitlabhq -> gitbucket/gitbucket,-0.4537791374561232,-7.448348853517192
gogs/gogs -> gitbucket/gitbucket,-4.3603723746103125,-23.053377456284135
gitbucket/gitbucket -> gitlabhq/gitlabhq,-23.361262612956097,-19.698132724681567
gogs/gogs -> gitlabhq/gitlabhq,9.223703900125521,13.39850352822367
gitbucket/gitbucket -> gogs/gogs,0.43536605708697795,14.56389865548789
gitlabhq/gitlabhq -> gogs/gogs,-0.12040359476798307,-3.75846150881055
