,AMS_ij,normalized_AMS_ij
fffaraz/awesome-cpp -> vinta/awesome-python,-1.1219603045750772,-19.13810488707482
avelino/awesome-go -> vinta/awesome-python,-0.7421474546305109,-23.7799626777455
vinta/awesome-python -> fffaraz/awesome-cpp,-4.002687385737746,-42.954067073906835
avelino/awesome-go -> fffaraz/awesome-cpp,0.38901669744214784,0.26138881659468005
vinta/awesome-python -> avelino/awesome-go,0.41646791682883366,-21.358543406654142
fffaraz/awesome-cpp -> avelino/awesome-go,-0.8353783832052207,-3.957909745870234
