,AMS_ij,normalized_AMS_ij
lvgl/lvgl -> Immediate-Mode-UI/Nuklear,0.050130107174261,-6.735537489220319
ocornut/imgui -> Immediate-Mode-UI/Nuklear,0.0073969189719917195,0.43429640425339655
Immediate-Mode-UI/Nuklear -> lvgl/lvgl,5.461176212154724,5.408771207783377
ocornut/imgui -> lvgl/lvgl,1.3820489713805282,5.1803560258602035
Immediate-Mode-UI/Nuklear -> ocornut/imgui,4.599717052518489,18.298788386503155
lvgl/lvgl -> ocornut/imgui,-1.3783921663583913,-7.63239613750824
