,AMS_ij,normalized_AMS_ij
ceph/ceph -> seaweedfs/seaweedfs,-0.14642560063140653,-0.7407692058529407
minio/minio -> seaweedfs/seaweedfs,-5.847776977775566,-56.04581280125935
seaweedfs/seaweedfs -> ceph/ceph,16.111250118227183,25.342193368653614
minio/minio -> ceph/ceph,11.121718779635401,26.425269971033867
seaweedfs/seaweedfs -> minio/minio,-2.2393767045805566,-32.645542871028695
ceph/ceph -> minio/minio,-0.13667276893597663,-1.8887483414890043
