,AMS_ij,normalized_AMS_ij
plantuml/plantuml -> yuzutech/kroki,0.06695131393291107,5.3730335504128615
mermaid-js/mermaid -> yuzutech/kroki,0.011782180992813904,-0.8719829096977814
yuzutech/kroki -> plantuml/plantuml,0.04203681069780833,-7.89460487886033
mermaid-js/mermaid -> plantuml/plantuml,0.015511207970568753,0.474239434219936
yuzutech/kroki -> mermaid-js/mermaid,-1.7260446448024693,4.533002674753601
plantuml/plantuml -> mermaid-js/mermaid,3.553607178982617,26.830185434972627
