,AMS_ij,normalized_AMS_ij
ant-design/ant-design -> twbs/bootstrap,-1.2767105922540976,-4.6102203361722465
mui/material-ui -> twbs/bootstrap,-4.212824700080798,-2.01110921641223
twbs/bootstrap -> ant-design/ant-design,-0.8177443455198197,-4.316148267095367
mui/material-ui -> ant-design/ant-design,-4.8671548493361545,-10.041599871807604
twbs/bootstrap -> mui/material-ui,0.9826675574789239,8.834147969485462
ant-design/ant-design -> mui/material-ui,0.47393654918103656,2.6494997187200098
