,AMS_ij,normalized_AMS_ij
metabase/metabase -> getredash/redash,-0.05814468056934649,-1.8779137858678914
apache/superset -> getredash/redash,-2.8672447341228335,-8.242623429938362
getredash/redash -> metabase/metabase,0.6322886399932073,-3.121538791237836
apache/superset -> metabase/metabase,-0.4007410231555384,-1.3809074854093772
getredash/redash -> apache/superset,-1.3995808582708165,-5.747927269452624
metabase/metabase -> apache/superset,0.1019870615014449,-2.070697693826819
