,AMS_ij,normalized_AMS_ij
metabase/metabase -> getredash/redash,1.5739035445769902,41.20388927015084
apache/superset -> getredash/redash,0.5118820754035246,1.509910217131313
getredash/redash -> metabase/metabase,14.599726829946079,81.99056594034164
apache/superset -> metabase/metabase,-1.859840755980533,-2.258128514841443
getredash/redash -> apache/superset,14.46123572286585,10.446584887663285
metabase/metabase -> apache/superset,-0.9739683741578006,1.560685391321116
