,AMS_ij,normalized_AMS_ij
pytorch/pytorch -> apache/mxnet,0.029168543986921286,0.9886894421157946
tensorflow/tensorflow -> apache/mxnet,-0.2128342201407762,-8.873456935741244
apache/mxnet -> pytorch/pytorch,10.351327847679448,23.942005052794652
tensorflow/tensorflow -> pytorch/pytorch,1.5292254582473424,1.496967484744538
apache/mxnet -> tensorflow/tensorflow,-15.180459854846948,-47.17132694233372
pytorch/pytorch -> tensorflow/tensorflow,-1.62786404403617,-0.06849842551430531
