,AMS_ij,normalized_AMS_ij
pulsar-edit/pulsar -> neovim/neovim,-1.4752201117745347,-25.69578382013027
microsoft/vscode -> neovim/neovim,-0.15363788729261135,-3.000395116485973
neovim/neovim -> pulsar-edit/pulsar,-0.15895675971618764,-8.10512644601019
microsoft/vscode -> pulsar-edit/pulsar,0.1092124196168491,1.5758593404847119
neovim/neovim -> microsoft/vscode,-4.3549812079748875,-21.266625445936665
pulsar-edit/pulsar -> microsoft/vscode,-2.2370691199055384,-10.897348698019673
