,AMS_ij,normalized_AMS_ij
angular/angular -> facebook/react,0.045241771791761504,-1.5824878898192813
sveltejs/svelte -> facebook/react,0.052354905436806695,-7.511974703782859
facebook/react -> angular/angular,-7.425597460691084,16.44272567000603
sveltejs/svelte -> angular/angular,8.125417379830488,50.122672605776565
facebook/react -> sveltejs/svelte,-3.770559299332764,-69.42456381842209
angular/angular -> sveltejs/svelte,0.912531847154521,21.147979488214567
