,AMS_ij,normalized_AMS_ij
eslint/eslint -> standard/standard,0.23976634833317817,8.140656949682056
prettier/prettier -> standard/standard,-0.01566796338551721,-0.09055577619666819
standard/standard -> eslint/eslint,-0.5961556196856702,-7.208722871551797
prettier/prettier -> eslint/eslint,0.30164276294033027,3.5690887348493585
standard/standard -> prettier/prettier,-0.3507949609298143,2.201216611340203
eslint/eslint -> prettier/prettier,0.9169654149100519,11.010991010451125
