,AMS_ij,normalized_AMS_ij
gnome-terminator/terminator -> alacritty/alacritty,3.6512451406302158,9.735669688715948
eugeny/tabby -> alacritty/alacritty,0.6209380341486476,1.4264569378315617
alacritty/alacritty -> gnome-terminator/terminator,0.060022413575990564,6.4052790586334
eugeny/tabby -> gnome-terminator/terminator,0.24294240738933903,0.8391279378243764
alacritty/alacritty -> eugeny/tabby,0.6643957037299426,4.047473962584125
gnome-terminator/terminator -> eugeny/tabby,-3.5074088045563885,12.455533872576346
