,AMS_ij,normalized_AMS_ij
fastify/fastify -> koajs/koa,-0.22462685015942913,-13.689037529267075
nestjs/nest -> koajs/koa,0.14150083931288213,7.194104709328555
koajs/koa -> fastify/fastify,5.48507616651256,43.163331564252836
nestjs/nest -> fastify/fastify,2.68148198399074,21.876026817322614
koajs/koa -> nestjs/nest,5.501416590811329,25.506940319532006
fastify/fastify -> nestjs/nest,5.922730200958686,41.21889446149819
