,AMS_ij,normalized_AMS_ij
ant-design/ant-design -> youzan/vant,0.769529559758905,9.54384208004492
ElemeFE/element -> youzan/vant,-3.114422814877875,-54.05250182536516
youzan/vant -> ant-design/ant-design,4.445395010351778,34.21982658587567
ElemeFE/element -> ant-design/ant-design,-1.4647994826394446,-21.35380867972479
youzan/vant -> ElemeFE/element,-0.2640738033662231,-18.930873689697066
ant-design/ant-design -> ElemeFE/element,-0.10352612308619047,-2.2996163298026966
