,AMS_ij,normalized_AMS_ij
jonas/tig -> dandavison/delta,0.7310494112727413,48.57116938195889
jesseduffield/lazygit -> dandavison/delta,0.0028941286839336013,0.6785945037383541
dandavison/delta -> jonas/tig,0.11531092625182272,16.278982012580965
jesseduffield/lazygit -> jonas/tig,-0.005554953761806044,-0.9727885268672114
dandavison/delta -> jesseduffield/lazygit,-2.2386731572288854,-14.26993177421406
jonas/tig -> jesseduffield/lazygit,0.9229644928619734,13.437268315590952
