,AMS_ij,normalized_AMS_ij
jonas/tig -> dandavison/delta,-3.659416770283709,-53.10020137707794
jesseduffield/lazygit -> dandavison/delta,1.3598510737638738,8.606375390517492
dandavison/delta -> jonas/tig,0.17989344376239036,4.884016588983653
jesseduffield/lazygit -> jonas/tig,-0.055354845068261896,1.0557950517777814
dandavison/delta -> jesseduffield/lazygit,2.993639246375319,14.563574464200244
jonas/tig -> jesseduffield/lazygit,4.594227202667797,32.234291287456884
