,AMS_ij,normalized_AMS_ij
seleniumhq/selenium -> gocolly/colly,-0.2668142807798751,-4.5358450626653255
puppeteer/puppeteer -> gocolly/colly,-0.8398493655995808,-25.935426546355384
gocolly/colly -> seleniumhq/selenium,1.406201015299451,18.36236810913427
puppeteer/puppeteer -> seleniumhq/selenium,-1.0014440864458078,-21.624954555199935
gocolly/colly -> puppeteer/puppeteer,-1.8685583143333855,-18.79802120030856
seleniumhq/selenium -> puppeteer/puppeteer,-0.8923561636813492,-12.79839641295118
