,AMS_ij,normalized_AMS_ij
seleniumhq/selenium -> gocolly/colly,-0.029951662976909346,-10.764721933344159
puppeteer/puppeteer -> gocolly/colly,0.054020714285935176,-2.0195325060091185
gocolly/colly -> seleniumhq/selenium,26.873200547233154,299.8024833504095
puppeteer/puppeteer -> seleniumhq/selenium,-2.8550647360936323,-48.39634772451854
gocolly/colly -> puppeteer/puppeteer,13.063926499831394,255.9580118145229
seleniumhq/selenium -> puppeteer/puppeteer,-2.373233084854149,-56.705230397549954
