,AMS_ij,normalized_AMS_ij
cnpm/cnpmcore -> yarnpkg/yarn,-0.2260541717671925,-81.95780235403338
cnpm/cnpmjs.org -> yarnpkg/yarn,0.06652047600365749,15.444190827694015
yarnpkg/yarn -> cnpm/cnpmcore,-1.5267322481927628,-25.862376811737995
cnpm/cnpmjs.org -> cnpm/cnpmcore,0.4755300012706066,0.8363702455914505
yarnpkg/yarn -> cnpm/cnpmjs.org,0.15306697822781148,-98.47069402895461
cnpm/cnpmcore -> cnpm/cnpmjs.org,-0.0819321506250317,-8.944501255477673
