,AMS_ij,normalized_AMS_ij
go-pg/pg -> jackc/pgx,-1.8330045950006397,0.35438307079710146
lib/pq -> jackc/pgx,-1.0403530675873172,-7.996309776185711
jackc/pgx -> go-pg/pg,-0.7482500464826608,-10.60862743716177
lib/pq -> go-pg/pg,0.2677221566966494,12.249377127157215
jackc/pgx -> lib/pq,0.025438221437885888,2.7283799155689135
go-pg/pg -> lib/pq,0.10469874093459866,1.87184101118251
