,AMS_ij,normalized_AMS_ij
php/php-src -> ruby/ruby,1.2360240275966485,1.4385613074706058
python/cpython -> ruby/ruby,0.9975923623896488,-3.5422547793178527
ruby/ruby -> php/php-src,-9.190931745640745,-11.630813619850988
python/cpython -> php/php-src,0.5135434203046869,-1.2656954753001401
ruby/ruby -> python/cpython,4.517244736204598,-13.130223845636479
php/php-src -> python/cpython,-1.6858636941687235,-6.887855210260602
