,AMS_ij,normalized_AMS_ij
php/php-src -> ruby/ruby,0.11929770444516208,2.4816692800027553
python/cpython -> ruby/ruby,0.398156806392979,0.4657152581998574
ruby/ruby -> php/php-src,-0.5154454939631282,-1.644907500337932
python/cpython -> php/php-src,-1.0656181084390166,0.5160807202296123
ruby/ruby -> python/cpython,3.899068027403195,7.392745910452921
php/php-src -> python/cpython,0.4874200212417506,1.5863853179136904
