,AMS_ij,normalized_AMS_ij
php/php-src -> ruby/ruby,1.1210868762276145,0.18624324530941413
python/cpython -> ruby/ruby,1.6529370231845752,6.706655620303089
ruby/ruby -> php/php-src,4.015112490066201,2.252914298864852
python/cpython -> php/php-src,-3.8110140997806043,-8.9639502263492
ruby/ruby -> python/cpython,1.79874758773625,2.5062747503722083
php/php-src -> python/cpython,-4.966668863987888,-13.74092591556334
