,AMS_ij,normalized_AMS_ij
php/php-src -> ruby/ruby,-2.3654490702816346,-3.8468714015466277
python/cpython -> ruby/ruby,-6.959855811891889,-7.721052486776486
ruby/ruby -> php/php-src,-0.1517581503159562,-0.7977527691209478
python/cpython -> php/php-src,6.188002096299531,20.184087173897986
ruby/ruby -> python/cpython,0.16743362838897366,0.8047395936233649
php/php-src -> python/cpython,0.17632402039653775,4.626693695238199
