,AMS_ij,normalized_AMS_ij
django/django -> sinatra/sinatra,0.005587701892442863,0.5700617878264216
rails/rails -> sinatra/sinatra,0.020371541454291795,2.2733475588863272
sinatra/sinatra -> django/django,-0.4166509325298703,-16.712821096708005
rails/rails -> django/django,-0.04383223700443756,-1.7419545703921993
sinatra/sinatra -> rails/rails,-5.481438800241603,-61.69492413879425
django/django -> rails/rails,-2.0812996589423136,-22.707395732292575
