,AMS_ij,normalized_AMS_ij
rails/rails -> pallets/flask,0.10961742212873826,1.0718668538632792
django/django -> pallets/flask,1.5064931221961066,7.142524276764646
pallets/flask -> rails/rails,6.725875196360478,10.387137893373996
django/django -> rails/rails,4.967675241803332,6.498216102535601
pallets/flask -> django/django,5.418493253662086,11.769962737952328
rails/rails -> django/django,-0.17828206989584078,0.9456178735898928
