,AMS_ij,normalized_AMS_ij
apache/thrift -> apache/avro,0.2812864445369598,4.083475740122254
protocolbuffers/protobuf -> apache/avro,0.1821625847542619,6.078983533492635
apache/avro -> apache/thrift,-0.5963671645528885,-13.590563220167498
protocolbuffers/protobuf -> apache/thrift,0.36583116538627725,7.73942310760601
apache/avro -> protocolbuffers/protobuf,1.6811032452266974,-1.4482110822844916
apache/thrift -> protocolbuffers/protobuf,-2.7569381828634842,-10.060572008385199
