,AMS_ij,normalized_AMS_ij
scala/scala -> apache/groovy,0.4818408425888825,15.275054397843418
jetbrains/kotlin -> apache/groovy,-0.1755327058060686,-4.407693354487527
apache/groovy -> scala/scala,-0.07149540057486649,0.6829718773818719
jetbrains/kotlin -> scala/scala,0.04428504509888911,0.1405462776181518
apache/groovy -> jetbrains/kotlin,-2.358417832426742,2.87645653441101
scala/scala -> jetbrains/kotlin,0.2480335824692423,-3.0221665982341497
