,AMS_ij,normalized_AMS_ij
apache/commons-lang -> apache/commons-io,-1.1564428161973734,-5.243262580653822
google/guava -> apache/commons-io,-1.732844666333534,-6.5610381098332
apache/commons-io -> apache/commons-lang,0.9882402687283716,6.003585575160392
google/guava -> apache/commons-lang,0.10524142310280983,8.963707999495904
apache/commons-io -> google/guava,-0.5179256462053043,-14.51562150257486
apache/commons-lang -> google/guava,0.36242134196039105,3.8476136573264976
