,AMS_ij,normalized_AMS_ij
sorin-ionescu/prezto -> Bash-it/bash-it,-0.41046947064710243,-5.327553925093853
ohmyzsh/ohmyzsh -> Bash-it/bash-it,0.1712224726966286,2.707821954021512
Bash-it/bash-it -> sorin-ionescu/prezto,0.23369879765567642,-3.9411224404860126
ohmyzsh/ohmyzsh -> sorin-ionescu/prezto,0.04715017286502165,3.5304506405162335
Bash-it/bash-it -> ohmyzsh/ohmyzsh,0.847577542578459,-0.27114662134878964
sorin-ionescu/prezto -> ohmyzsh/ohmyzsh,-2.1109743472234745,2.268835807335409
