,AMS_ij,normalized_AMS_ij
sorin-ionescu/prezto -> Bash-it/bash-it,0.06667481296428907,-2.7859608845248296
ohmyzsh/ohmyzsh -> Bash-it/bash-it,0.3979218071921252,2.277525400226926
Bash-it/bash-it -> sorin-ionescu/prezto,-0.4174925717831663,-7.898719996682679
ohmyzsh/ohmyzsh -> sorin-ionescu/prezto,0.1316161316891411,3.66672833657442
Bash-it/bash-it -> ohmyzsh/ohmyzsh,1.1120377925649156,5.931282808659792
sorin-ionescu/prezto -> ohmyzsh/ohmyzsh,4.329720879470192,51.98210300801019
