,AMS_ij,normalized_AMS_ij
ruby/ruby -> python/cpython,-0.35599264471149117,1.516394701636276
nodejs/node -> python/cpython,-1.3354837471435208,1.1269236665577589
python/cpython -> ruby/ruby,-0.09185194765823317,0.38925194127020657
nodejs/node -> ruby/ruby,-1.4022707046315224,-0.7570173137994712
python/cpython -> nodejs/node,0.028189728853147064,1.0573222649348335
ruby/ruby -> nodejs/node,-1.1127916415999033,-5.562918328405575
