,AMS_ij,normalized_AMS_ij
ruby/ruby -> python/cpython,-1.2675037395854054,-8.081719658461617
nodejs/node -> python/cpython,-0.6713083848799235,-1.4061306199431407
python/cpython -> ruby/ruby,-4.8852533421477515,-13.463195563965154
nodejs/node -> ruby/ruby,-3.6698088018842885,-0.6787840488775865
python/cpython -> nodejs/node,0.7750420451810704,6.771982151251743
ruby/ruby -> nodejs/node,1.0389693652137475,5.7432977546861315
