,AMS_ij,normalized_AMS_ij
blevesearch/bleve -> apache/solr,-1.4892338769246516,-36.313109223151315
elastic/elasticsearch -> apache/solr,0.656542869065023,2.903410027498815
apache/solr -> blevesearch/bleve,0.1730052967894829,-5.976331961362648
elastic/elasticsearch -> blevesearch/bleve,-0.11849726479392426,-2.4243465987476838
apache/solr -> elastic/elasticsearch,-1.6639547119866007,-13.557468045578263
blevesearch/bleve -> elastic/elasticsearch,-31.71563926494021,-55.924696803104226
