,AMS_ij,normalized_AMS_ij
faye/faye -> websockets/ws,-2.618685377687762,-42.342078424314415
socketio/socket.io -> websockets/ws,-0.4822916523528988,-16.28303937803008
websockets/ws -> faye/faye,0.30107376231625244,9.998372996197677
socketio/socket.io -> faye/faye,-0.08143243604846954,-4.174199270297237
websockets/ws -> socketio/socket.io,-3.095723002226378,-41.86599051730526
faye/faye -> socketio/socket.io,3.80532525230121,10.948245069408554
