,AMS_ij,normalized_AMS_ij
faye/faye -> websockets/ws,-4.012256952741703,107.60024304329812
socketio/socket.io -> websockets/ws,0.04589684602500786,-2.577277813935625
websockets/ws -> faye/faye,0.03329232949260762,17.73200305785541
socketio/socket.io -> faye/faye,-0.006945809284587311,-4.474679959462001
websockets/ws -> socketio/socket.io,-4.822467610854707,-169.08237559228715
faye/faye -> socketio/socket.io,-7.9317455946046,149.8538383791777
