,AMS_ij,normalized_AMS_ij
hapijs/hapi -> balderdashy/sails,0.2957740620972014,-4.311747228831376
expressjs/express -> balderdashy/sails,1.1175441773303918,-7.75529574441876
balderdashy/sails -> hapijs/hapi,0.3988600017234849,-1.3716231913138008
expressjs/express -> hapijs/hapi,-0.4243591390669515,-22.666882375527933
balderdashy/sails -> expressjs/express,-0.36229834416016793,-16.25301923378387
hapijs/hapi -> expressjs/express,0.4070633687754221,3.956259629858195
