,AMS_ij,normalized_AMS_ij
davisking/dlib -> scikit-image/scikit-image,-1.0020646977988845,-6.06789102715468
opencv/opencv -> scikit-image/scikit-image,-1.0459874009740142,-6.521637630280416
scikit-image/scikit-image -> davisking/dlib,-0.3052635393475457,-0.15492403331721685
opencv/opencv -> davisking/dlib,-1.3122970440980255,-2.9726307436146633
scikit-image/scikit-image -> opencv/opencv,-1.1030854198548918,-8.711262113058943
davisking/dlib -> opencv/opencv,3.5394237125179195,8.200408754548475
