,AMS_ij,normalized_AMS_ij
nim-lang/Nim -> golang/go,-12.290623260616222,-4.072375869154955
rust-lang/rust -> golang/go,-2.005013975545581,-3.128904691667727
golang/go -> nim-lang/Nim,0.591768792301899,11.274349205048741
rust-lang/rust -> nim-lang/Nim,-1.2554857287330252,-18.039457459525394
golang/go -> rust-lang/rust,-1.5092294180802126,2.457581199289537
nim-lang/Nim -> rust-lang/rust,-28.95011645975696,-78.8733461795865
