,AMS_ij,normalized_AMS_ij
nim-lang/Nim -> golang/go,-2.6230464880663207,-3.692427795451204
rust-lang/rust -> golang/go,-0.5321576944559052,0.8702059039772201
golang/go -> nim-lang/Nim,-1.2729533286404058,-3.769939019021093
rust-lang/rust -> nim-lang/Nim,-0.9320996773192066,-1.3373776952152003
golang/go -> rust-lang/rust,-1.7101917068925845,-1.0561472440465463
nim-lang/Nim -> rust-lang/rust,-8.830837238909723,-2.507712801969659
