,AMS_ij,normalized_AMS_ij
nim-lang/Nim -> golang/go,-1.545263753840607,-27.38100128858615
rust-lang/rust -> golang/go,-0.20758234025816819,-0.12607658966035978
golang/go -> nim-lang/Nim,-1.4439314392356,-22.499101602643222
rust-lang/rust -> nim-lang/Nim,-0.07476512681147862,-0.11864867812427238
golang/go -> rust-lang/rust,0.4580901721273942,2.246885847381282
nim-lang/Nim -> rust-lang/rust,36.23443432053064,69.03998473984387
