,AMS_ij,normalized_AMS_ij
nim-lang/Nim -> golang/go,0.5329875671414412,1.8822830758109304
rust-lang/rust -> golang/go,-0.8056748713993154,-1.9088320172793432
golang/go -> nim-lang/Nim,-0.04281997666449766,-2.0797904196563435
rust-lang/rust -> nim-lang/Nim,-0.1816884699654017,-2.25402188635013
golang/go -> rust-lang/rust,1.648671621252409,0.4200733250847756
nim-lang/Nim -> rust-lang/rust,7.5773265996182815,4.67323363415316
