,AMS_ij,normalized_AMS_ij
golang/go -> rust-lang/rust,4.083439415632333,5.73769360674226
swiftlang/swift -> rust-lang/rust,0.40960905858248353,-0.5233367815163084
rust-lang/rust -> golang/go,-1.4454682050634144,-3.7100458417873377
swiftlang/swift -> golang/go,-0.9262563929602802,-0.5467349990148771
rust-lang/rust -> swiftlang/swift,-1.2850815162185094,-0.6316082759020156
golang/go -> swiftlang/swift,-2.7630524890187167,-0.9991310858129087
