,AMS_ij,normalized_AMS_ij
golang/go -> rust-lang/rust,-1.5149700351051645,-4.011406037394978
swiftlang/swift -> rust-lang/rust,0.6065753784622905,-7.494820035603348
rust-lang/rust -> golang/go,-1.8962131110248772,-2.206267830378725
swiftlang/swift -> golang/go,-0.28360165651449987,1.9038825918975675
rust-lang/rust -> swiftlang/swift,-1.2170488875340246,-4.070317093583736
golang/go -> swiftlang/swift,-15.251771713834078,-12.203997681641459
