,AMS_ij,normalized_AMS_ij
plotly/plotly.js -> highcharts/highcharts,-5.163478185600113,-20.537146228989847
d3/d3 -> highcharts/highcharts,1.721545168335541,12.693799001548223
highcharts/highcharts -> plotly/plotly.js,-6.716626085341195,-24.969750145391693
d3/d3 -> plotly/plotly.js,4.041727838242926,19.573250595960292
highcharts/highcharts -> d3/d3,-0.008061570845802044,5.752990168792911
plotly/plotly.js -> d3/d3,5.108608863524536,22.01903952843963
