,AMS_ij,normalized_AMS_ij
expressjs/express -> django/django,-0.43126598593461796,14.194019787824633
pallets/flask -> django/django,-0.6145681889700738,0.199849290881069
django/django -> expressjs/express,0.07073305499017482,1.3825949649696623
pallets/flask -> expressjs/express,0.06840704178835391,2.2914999148216624
django/django -> pallets/flask,1.2561420627619542,6.190377510476573
expressjs/express -> pallets/flask,-8.468500842181477,-54.6158308934654
