,AMS_ij,normalized_AMS_ij
expressjs/express -> django/django,1.4576543030670153,8.861291727273537
pallets/flask -> django/django,5.068269110024067,9.181609925412406
django/django -> expressjs/express,2.156145853488345,8.512921078088596
pallets/flask -> expressjs/express,-7.6323611810284735,-18.47525258439705
django/django -> pallets/flask,1.3019014944379597,4.144355807478927
expressjs/express -> pallets/flask,-0.45187450281311387,-2.316625626493569
