,AMS_ij,normalized_AMS_ij
expressjs/express -> django/django,0.8192057950221543,22.612970435398022
pallets/flask -> django/django,0.3138793110631562,2.4762946035838396
django/django -> expressjs/express,-0.09301490799100079,-6.187099197577446
pallets/flask -> expressjs/express,0.20322780194153317,16.677749119687967
django/django -> pallets/flask,-0.04232333311299872,3.233200670180461
expressjs/express -> pallets/flask,0.7857261174156996,36.67747094361849
