,AMS_ij,normalized_AMS_ij
moment/luxon -> date-fns/date-fns,2.5271634447303875,22.609592223589523
moment/moment -> date-fns/date-fns,0.2086366484454083,2.8966100505180914
date-fns/date-fns -> moment/luxon,-0.2868022416332616,-5.6835661279922896
moment/moment -> moment/luxon,0.12532080249708938,0.8533485042138936
date-fns/date-fns -> moment/moment,2.071006740334093,5.392619719437227
moment/luxon -> moment/moment,1.3341000807962013,6.770259677136149
