,AMS_ij,normalized_AMS_ij
aws/aws-cli -> iterate-ch/cyberduck,-5.3352262139054725,-18.166807934853733
rclone/rclone -> iterate-ch/cyberduck,21.117121602964854,26.910725741925994
iterate-ch/cyberduck -> aws/aws-cli,-1.1454915401328427,-3.1306078581818566
rclone/rclone -> aws/aws-cli,4.001928536807683,7.99266771130757
iterate-ch/cyberduck -> rclone/rclone,-0.10274975787046133,-3.8055900042899533
aws/aws-cli -> rclone/rclone,0.31285122873650023,-1.3864224725140861
