,AMS_ij,normalized_AMS_ij
containerd/containerd -> canonical/lxd,-5.442276225360334,-12.121886939994978
moby/moby -> canonical/lxd,1.5882296101567575,5.559449387777471
canonical/lxd -> containerd/containerd,0.19317444663742248,4.258890784853601
moby/moby -> containerd/containerd,2.2852107302861233,13.673848909581274
canonical/lxd -> moby/moby,-2.697647649418318,-0.638614515335935
containerd/containerd -> moby/moby,15.943008665598713,42.34739092790177
