,AMS_ij,normalized_AMS_ij
elastic/kibana -> getsentry/sentry,-4.366309995668685,-13.896751507890848
grafana/grafana -> getsentry/sentry,-3.4447060201611768,-9.32161384740924
getsentry/sentry -> elastic/kibana,-4.6732676617143944,-9.028129759588586
grafana/grafana -> elastic/kibana,-7.88518295234597,-8.324581347240152
getsentry/sentry -> grafana/grafana,-3.812983821962346,-17.287638168017953
elastic/kibana -> grafana/grafana,-1.3698957866819443,-6.268005602404074
