,AMS_ij,normalized_AMS_ij
getgrav/grav -> WordPress/WordPress,-4.488009395343842,-35.429832752725545
tryghost/ghost -> WordPress/WordPress,-1.0941147187652813,-11.46561753635131
WordPress/WordPress -> getgrav/grav,-0.19728957791126875,-6.160381125783801
tryghost/ghost -> getgrav/grav,0.0248667286160653,-0.09660910288134231
WordPress/WordPress -> tryghost/ghost,0.8276282584967354,4.081943655237572
getgrav/grav -> tryghost/ghost,-19.211734400612073,-107.3329457471158
