,AMS_ij,normalized_AMS_ij
getgrav/grav -> WordPress/WordPress,2.8079272004393623,9.106085441643016
tryghost/ghost -> WordPress/WordPress,-0.2879032206796876,1.7157867706048726
WordPress/WordPress -> getgrav/grav,0.7816562575289254,12.142226073453886
tryghost/ghost -> getgrav/grav,0.6379671829367911,11.246457099187644
WordPress/WordPress -> tryghost/ghost,-7.559725320989391,-26.915966121497142
getgrav/grav -> tryghost/ghost,9.224987198562497,36.26254065556088
