,AMS_ij,normalized_AMS_ij
d3/d3 -> highcharts/highcharts,2.6515481864135575,18.037778638138857
chartjs/chart.js -> highcharts/highcharts,-6.459739609552764,-1.2748556769548658
highcharts/highcharts -> d3/d3,0.5272595737505061,7.556609540006029
chartjs/chart.js -> d3/d3,6.347460580966836,-3.1967882859109746
highcharts/highcharts -> chartjs/chart.js,-0.4312469680275145,-0.10809154400616934
d3/d3 -> chartjs/chart.js,1.179268130298098,8.05444758067255
