,AMS_ij,normalized_AMS_ij
d3/d3 -> highcharts/highcharts,27.68390787030514,43.35656289109791
chartjs/chart.js -> highcharts/highcharts,-1.6457641566540158,-44.27068449425868
highcharts/highcharts -> d3/d3,-0.10734568140205657,-2.55022306037666
chartjs/chart.js -> d3/d3,0.489390386121775,10.913251445838132
highcharts/highcharts -> chartjs/chart.js,0.34114732453416213,3.2456236122932616
d3/d3 -> chartjs/chart.js,1.5104350434175942,11.866941364500013
