,AMS_ij,normalized_AMS_ij
plotly/plotly.js -> highcharts/highcharts,-1.8393862927623137,-5.765348056985308
apache/echarts -> highcharts/highcharts,0.1097279822296385,5.991142298430649
highcharts/highcharts -> plotly/plotly.js,-4.886438933566128,-4.29502906355253
apache/echarts -> plotly/plotly.js,3.2272909158225986,4.194495714726057
highcharts/highcharts -> apache/echarts,0.8512920555399277,16.284277422710396
plotly/plotly.js -> apache/echarts,-0.7849667408133812,-11.093075994841138
