,AMS_ij,normalized_AMS_ij
apache/zookeeper -> hashicorp/consul,-1.9531585532902624,-4.61902399471419
etcd-io/etcd -> hashicorp/consul,0.5740217705111836,2.323704364201839
hashicorp/consul -> apache/zookeeper,0.06462346848948344,1.406747364163837
etcd-io/etcd -> apache/zookeeper,0.04980718864095349,2.2683064339521586
hashicorp/consul -> etcd-io/etcd,-1.7241854358071964,-1.9314640067631887
apache/zookeeper -> etcd-io/etcd,36.41005887729567,51.69911926311157
