,AMS_ij,normalized_AMS_ij
ioBroker/ioBroker -> node-red/node-red,0.25743679459047314,0.12152050793069885
home-assistant/core -> node-red/node-red,0.013067666774087057,-0.7255671015388904
node-red/node-red -> ioBroker/ioBroker,0.12095852347488578,4.451212987602004
home-assistant/core -> ioBroker/ioBroker,-0.008219788368471766,-0.0822950478391167
node-red/node-red -> home-assistant/core,-7.578759964853103,-17.871967125643557
ioBroker/ioBroker -> home-assistant/core,5.752102895006158,-7.648146534732724
