,AMS_ij,normalized_AMS_ij
gitbucket/gitbucket -> gitlabhq/gitlabhq,-0.9893080962159158,-10.383498601869654
gogs/gogs -> gitlabhq/gitlabhq,0.5649362974648926,36.43403737723726
gitlabhq/gitlabhq -> gitbucket/gitbucket,-0.40024766621988883,-8.556058186246227
gogs/gogs -> gitbucket/gitbucket,0.28044017739529914,6.074465262661902
gitlabhq/gitlabhq -> gogs/gogs,-0.27658424275173066,-12.159748368670089
gitbucket/gitbucket -> gogs/gogs,-0.20546296073927384,-10.274241477098629
