,AMS_ij,normalized_AMS_ij
seaweedfs/seaweedfs -> ceph/ceph,15.814037280228447,27.418629535109133
minio/minio -> ceph/ceph,11.213991334427691,26.42526997103363
ceph/ceph -> seaweedfs/seaweedfs,-0.1827691475434352,-1.4343761712129717
minio/minio -> seaweedfs/seaweedfs,-5.826013452232417,-56.04581280125907
ceph/ceph -> minio/minio,-0.1495282543020682,-2.1420418175855893
seaweedfs/seaweedfs -> minio/minio,-2.2066742425823263,-32.39929872942145
