,AMS_ij,normalized_AMS_ij
seaweedfs/seaweedfs -> ceph/ceph,21.830329447579828,28.98408327356058
minio/minio -> ceph/ceph,1.9160646473247378,0.5712060546500972
ceph/ceph -> seaweedfs/seaweedfs,0.08867551592051684,2.697422906106274
minio/minio -> seaweedfs/seaweedfs,-0.3053631492849561,4.780760289646651
ceph/ceph -> minio/minio,0.11018699684911526,0.6443334025575288
seaweedfs/seaweedfs -> minio/minio,-10.0003826685313,-28.723421716757393
