,AMS_ij,normalized_AMS_ij
yuzutech/kroki -> plantuml/plantuml,-0.2111782830864052,-11.374060626587923
mermaid-js/mermaid -> plantuml/plantuml,0.021485606827862366,0.2414110150788692
plantuml/plantuml -> yuzutech/kroki,0.08399961019810687,7.073798783995011
mermaid-js/mermaid -> yuzutech/kroki,0.019991058877110973,-0.7913809015289072
plantuml/plantuml -> mermaid-js/mermaid,4.757458211472176,33.56298341522413
yuzutech/kroki -> mermaid-js/mermaid,-2.016959178256593,1.1584347924650036
