,AMS_ij,normalized_AMS_ij
yuzutech/kroki -> plantuml/plantuml,0.8088965579645797,34.32058198472176
mermaid-js/mermaid -> plantuml/plantuml,0.26459449318176387,4.764905770968694
plantuml/plantuml -> yuzutech/kroki,-1.5151087242680679,5.856615643418246
mermaid-js/mermaid -> yuzutech/kroki,-0.7578033430046902,-1.9143802707926558
plantuml/plantuml -> mermaid-js/mermaid,-1.0237259661735474,-20.234384217422036
yuzutech/kroki -> mermaid-js/mermaid,-0.27390449067250383,2.5188301191390536
