,AMS_ij,normalized_AMS_ij
hexojs/hexo -> sphinx-doc/sphinx,-5.015103147591679,-31.386732235398952
gohugoio/hugo -> sphinx-doc/sphinx,-0.9578335010623726,1.0105421715769347
sphinx-doc/sphinx -> hexojs/hexo,0.016204821250001153,1.444046399825241
gohugoio/hugo -> hexojs/hexo,-0.07209862665539116,-8.51471300908639
sphinx-doc/sphinx -> gohugoio/hugo,0.466169985622814,5.719504365490397
hexojs/hexo -> gohugoio/hugo,-1.3369098181030754,-51.454419212454816
