,AMS_ij,normalized_AMS_ij
mui/material-ui -> twbs/bootstrap,-2.2331044577359647,-17.51926676956805
ant-design/ant-design -> twbs/bootstrap,-1.3982630811061025,-10.959072426456434
twbs/bootstrap -> mui/material-ui,-2.531912694893778,-12.97605263912721
ant-design/ant-design -> mui/material-ui,0.6665458566293512,4.290011833931549
twbs/bootstrap -> ant-design/ant-design,-2.1973827550879332,-7.547079455901784
mui/material-ui -> ant-design/ant-design,-3.5121949821043326,-18.953684655338744
