,AMS_ij,normalized_AMS_ij
getredash/redash -> metabase/metabase,15.197397069199916,92.10936514610441
apache/superset -> metabase/metabase,-1.8462710627690675,-2.2370946437043946
metabase/metabase -> getredash/redash,1.539139742243281,39.29553746457507
apache/superset -> getredash/redash,0.5192074963843267,1.5103353918275784
metabase/metabase -> apache/superset,-0.9005701042033553,1.6569714043019927
getredash/redash -> apache/superset,14.40572876146081,10.4587735528006
