,AMS_ij,normalized_AMS_ij
kong/kong -> haproxy/haproxy,-0.683619810310933,2.008746624851317
traefik/traefik -> haproxy/haproxy,3.9210816274107234,5.4727084519629
haproxy/haproxy -> kong/kong,0.153461262937881,1.272254965564657
traefik/traefik -> kong/kong,0.6438107968659235,12.16948076879086
haproxy/haproxy -> traefik/traefik,0.09064732419162971,1.2117343516451458
kong/kong -> traefik/traefik,0.29009503818932747,3.84643324147302
