,AMS_ij,normalized_AMS_ij
kong/kong -> haproxy/haproxy,-0.14903674518007023,-3.2333479013869098
traefik/traefik -> haproxy/haproxy,1.9170947013272008,20.408209146925753
haproxy/haproxy -> kong/kong,0.311138261020973,-2.466925668484681
traefik/traefik -> kong/kong,1.114317422320607,10.34335117995075
haproxy/haproxy -> traefik/traefik,-0.32639382213738216,3.7754039830681876
kong/kong -> traefik/traefik,-0.1424330394689665,3.2784885696880095
