,AMS_ij,normalized_AMS_ij
kong/kong -> haproxy/haproxy,-2.9441978791158103,-20.432040263076363
traefik/traefik -> haproxy/haproxy,-2.41122646754718,-23.12211648822483
haproxy/haproxy -> kong/kong,0.014226817157238066,-0.025101923695178968
traefik/traefik -> kong/kong,-0.9600534316779646,-32.662984545306074
haproxy/haproxy -> traefik/traefik,0.10976499625798866,1.8429205170506662
kong/kong -> traefik/traefik,-0.04049832320910562,-9.571862512252652
