,AMS_ij,normalized_AMS_ij
decaporg/decap-cms -> TryGhost/Ghost,3.6514422848035695,54.172952525254644
strapi/strapi -> TryGhost/Ghost,-0.25354004908253736,-3.2014866805127564
TryGhost/Ghost -> decaporg/decap-cms,0.11023171594832608,15.687592890626775
strapi/strapi -> decaporg/decap-cms,0.00015169967472444465,0.4184685081531622
TryGhost/Ghost -> strapi/strapi,-0.3818755239346507,-7.483088780837274
decaporg/decap-cms -> strapi/strapi,5.063074058095175,109.47386614677525
