,AMS_ij,normalized_AMS_ij
diaspora/diaspora -> friendica/friendica,3.784539568332114,8.02902771078999
mastodon/mastodon -> friendica/friendica,-0.4941065242858746,-0.30473485419059154
friendica/friendica -> diaspora/diaspora,1.229011413940892,3.0553865809717475
mastodon/mastodon -> diaspora/diaspora,1.9205035349816053,4.19460617919478
friendica/friendica -> mastodon/mastodon,-3.6453257108233332,-3.9223236553314287
diaspora/diaspora -> mastodon/mastodon,-0.4290082078862233,-6.399810063563476
