,AMS_ij,normalized_AMS_ij
facebook/react -> emberjs/ember.js,-0.7022737271514954,-12.678600896042111
angular/angular -> emberjs/ember.js,-0.962069760344944,-6.073583941957756
emberjs/ember.js -> facebook/react,-2.4728134423991333,-21.90833270576835
angular/angular -> facebook/react,-1.3351225875833728,-9.936792355432555
emberjs/ember.js -> angular/angular,-2.932636014843692,-9.583087209403821
facebook/react -> angular/angular,-5.890974704844298,-28.24173192121594
