,AMS_ij,normalized_AMS_ij
facebook/react -> emberjs/ember.js,-1.652908482549277,-8.814410746728903
angular/angular -> emberjs/ember.js,1.1544439675296039,4.052489791426585
emberjs/ember.js -> facebook/react,0.6010986726394518,1.0329109253833006
angular/angular -> facebook/react,-0.18448876034782002,-0.9569873198917637
emberjs/ember.js -> angular/angular,-1.984912363307791,-6.862951858507886
facebook/react -> angular/angular,-0.7319835104344803,-0.6044182152826535
