,AMS_ij,normalized_AMS_ij
apache/mxnet -> pytorch/pytorch,15.620832634351823,27.663647856645223
tensorflow/tensorflow -> pytorch/pytorch,1.5292254582473341,1.4969674847445278
pytorch/pytorch -> apache/mxnet,0.013709468780930427,0.8079470605904467
tensorflow/tensorflow -> apache/mxnet,-0.21283422014077613,-8.873456935741265
pytorch/pytorch -> tensorflow/tensorflow,-1.6294546619489665,-0.09068878448487924
apache/mxnet -> tensorflow/tensorflow,-14.15531209117628,-47.100836001704685
