,AMS_ij,normalized_AMS_ij
neovim/neovim -> pulsar-edit/pulsar,-0.6900704783158962,-2.0617160924730378
microsoft/vscode -> pulsar-edit/pulsar,1.9855792397849459,3.9889561949894765
pulsar-edit/pulsar -> neovim/neovim,0.7544301882742073,1.030636171885705
microsoft/vscode -> neovim/neovim,0.6071679634884012,1.019650469703295
pulsar-edit/pulsar -> microsoft/vscode,0.9573259721905306,3.0110241400578106
neovim/neovim -> microsoft/vscode,-2.804671324056495,-1.2642048242574122
