,AMS_ij,normalized_AMS_ij
neovim/neovim -> pulsar-edit/pulsar,-1.3053445770086811,-7.406659251999501
microsoft/vscode -> pulsar-edit/pulsar,0.6064541947852014,3.2025127273848235
pulsar-edit/pulsar -> neovim/neovim,0.029426198963563133,-7.77439190111098
microsoft/vscode -> neovim/neovim,0.48453644671907914,2.7631344799790276
pulsar-edit/pulsar -> microsoft/vscode,11.75263740507376,5.245008823186095
neovim/neovim -> microsoft/vscode,3.7445304979077285,2.5974105627078923
