,AMS_ij,normalized_AMS_ij
gohugoio/hugo -> gatsbyjs/gatsby,2.253716755811028,7.990658477818356
vercel/next.js -> gatsbyjs/gatsby,-1.1818199172500594,-14.529813729849783
gatsbyjs/gatsby -> gohugoio/hugo,0.7393419192970488,4.626944044895494
vercel/next.js -> gohugoio/hugo,-0.18121764772851762,10.579701756566251
gatsbyjs/gatsby -> vercel/next.js,-0.30763428173071794,-8.529820039504468
gohugoio/hugo -> vercel/next.js,-0.0019423012893903108,6.772428186791468
