,AMS_ij,normalized_AMS_ij
facebook/react -> angular/angular,-3.9426649865563492,27.17866827857714
sveltejs/svelte -> angular/angular,8.259402166950004,50.79952104645442
angular/angular -> facebook/react,-0.6760312326650962,-8.942926730228395
sveltejs/svelte -> facebook/react,0.0408064242109822,-7.538323309650178
angular/angular -> sveltejs/svelte,0.7284579315575126,17.591857719376378
facebook/react -> sveltejs/svelte,-4.044339008739574,-74.72213043890316
