,AMS_ij,normalized_AMS_ij
standard/standard -> eslint/eslint,0.11583296030817752,-7.725405319566228
prettier/prettier -> eslint/eslint,0.4327487758771861,4.206158589016624
eslint/eslint -> standard/standard,0.23291357864592838,9.342762168783004
prettier/prettier -> standard/standard,-0.02754211048058784,-0.10073971255078226
eslint/eslint -> prettier/prettier,1.1343734877095604,12.974536235359427
standard/standard -> prettier/prettier,-0.6108667539464351,3.084911604996753
