,AMS_ij,normalized_AMS_ij
carla-simulator/carla -> apolloauto/apollo,1.7110909495059978,0.8336420212621215
commaai/openpilot -> apolloauto/apollo,12.217154508351012,18.262473058138433
apolloauto/apollo -> carla-simulator/carla,-0.06588847126845389,-0.6381816726666734
commaai/openpilot -> carla-simulator/carla,-0.14224436709716765,5.577068744190631
apolloauto/apollo -> commaai/openpilot,0.0901306303194174,1.1206091610664164
carla-simulator/carla -> commaai/openpilot,-0.23833353287375075,0.8031678567868699
