,AMS_ij,normalized_AMS_ij
docsifyjs/docsify -> mkdocs/mkdocs,-0.10327635214291149,-5.235038020273702
facebook/docusaurus -> mkdocs/mkdocs,0.07198668834666948,5.435418691453613
mkdocs/mkdocs -> docsifyjs/docsify,-0.3084625456629293,8.575956081574411
facebook/docusaurus -> docsifyjs/docsify,-0.13965940338899818,-6.752461072362177
mkdocs/mkdocs -> facebook/docusaurus,-0.15153682919945777,-7.586292252675269
docsifyjs/docsify -> facebook/docusaurus,-0.581425673059778,-3.5369529110377154
