,AMS_ij,normalized_AMS_ij
gohugoio/hugo -> vercel/next.js,16.399445808526206,52.790768152470704
gatsbyjs/gatsby -> vercel/next.js,25.336749105131965,98.93795712676514
vercel/next.js -> gohugoio/hugo,-0.276095628957743,-2.4284897471186184
gatsbyjs/gatsby -> gohugoio/hugo,0.3592875943395639,-20.826773035679423
vercel/next.js -> gatsbyjs/gatsby,2.1680156250092377,23.671655299758214
gohugoio/hugo -> gatsbyjs/gatsby,-5.456772466858877,-58.95214254405832
