,AMS_ij,normalized_AMS_ij
gohugoio/hugo -> vercel/next.js,0.26517037550336375,8.201919104584967
gatsbyjs/gatsby -> vercel/next.js,-0.21947534989801387,-6.554585670879769
vercel/next.js -> gohugoio/hugo,-0.3457458906243069,10.477761306070407
gatsbyjs/gatsby -> gohugoio/hugo,0.8506727460306069,4.814533572294643
vercel/next.js -> gatsbyjs/gatsby,-1.640529781553052,-17.705361263797855
gohugoio/hugo -> gatsbyjs/gatsby,1.6916442827794433,6.444897285146641
