,AMS_ij,normalized_AMS_ij
alacritty/alacritty -> mintty/mintty,0.15751259729557415,2.7564681580928814
microsoft/terminal -> mintty/mintty,-0.531716152757236,-9.617157335797788
mintty/mintty -> alacritty/alacritty,-0.5746160424180902,-17.883896298119577
microsoft/terminal -> alacritty/alacritty,1.125101397103326,17.217242066463527
mintty/mintty -> microsoft/terminal,0.4113684558487629,29.67147493794028
alacritty/alacritty -> microsoft/terminal,0.15261586888240494,8.66739236003167
