,AMS_ij,normalized_AMS_ij
koajs/koa -> fastify/fastify,0.3465100426472765,15.125954473113934
nestjs/nest -> fastify/fastify,0.06244726422543089,-0.5934897739551969
fastify/fastify -> koajs/koa,0.046592508993469194,1.278836078093248
nestjs/nest -> koajs/koa,0.01911903959843208,0.2934342370992899
fastify/fastify -> nestjs/nest,-0.7576372990298575,-3.720201849082257
koajs/koa -> nestjs/nest,-3.504301397312961,-21.19223074293382
