,AMS_ij,normalized_AMS_ij
dandavison/delta -> jonas/tig,0.10566550208936729,14.753633588475038
jesseduffield/lazygit -> jonas/tig,-0.006032397135552351,-0.8208345125554994
jonas/tig -> dandavison/delta,0.8634016805573663,57.8360001076777
jesseduffield/lazygit -> dandavison/delta,0.0024549547038429653,0.516729760675593
jonas/tig -> jesseduffield/lazygit,1.0709572381967527,15.056696324092195
dandavison/delta -> jesseduffield/lazygit,-2.187480758841028,-12.565319005234766
