,AMS_ij,normalized_AMS_ij
dandavison/delta -> jonas/tig,0.16417457076609196,4.052109209293034
jesseduffield/lazygit -> jonas/tig,-0.0549100633721177,1.1792911081656072
jonas/tig -> dandavison/delta,-3.2777349614800757,-49.942676156183694
jesseduffield/lazygit -> dandavison/delta,1.4701555106710926,8.303487006867663
jonas/tig -> jesseduffield/lazygit,4.605841119189855,31.50943391786363
dandavison/delta -> jesseduffield/lazygit,3.4694773832391275,15.805011583851744
