,AMS_ij,normalized_AMS_ij
sveltejs/svelte -> facebook/react,-4.687067884281612,-31.595433354458073
vuejs/core -> facebook/react,4.065369715719469,15.096040157855766
facebook/react -> sveltejs/svelte,-13.888526725679183,-79.83711281391028
vuejs/core -> sveltejs/svelte,6.729243941553797,15.141651986324556
facebook/react -> vuejs/core,2.1236813304682456,1.8699230203911894
sveltejs/svelte -> vuejs/core,2.7249980876298014,8.737201048008062
