,AMS_ij,normalized_AMS_ij
sveltejs/svelte -> facebook/react,-0.4413302354637869,-5.738566738000812
vuejs/core -> facebook/react,-0.21544212459097112,2.88628272501425
facebook/react -> sveltejs/svelte,-0.22310559897408394,-4.047130563485204
vuejs/core -> sveltejs/svelte,-0.545718645750318,-10.990996097073777
facebook/react -> vuejs/core,-0.6467480455143129,-1.572900637254452
sveltejs/svelte -> vuejs/core,-0.9705715465762974,-14.043371116622383
