,AMS_ij,normalized_AMS_ij
ngneat/elf -> ngrx/platform,0.03664819340660415,0.5718579881883747
datorama/akita -> ngrx/platform,-0.5054766387257237,-12.13593835806265
ngrx/platform -> ngneat/elf,3.806080526582135,85.65472583099691
datorama/akita -> ngneat/elf,-4.988087393507417,-143.23145605150373
ngrx/platform -> datorama/akita,0.02194518341265793,15.427991606034755
ngneat/elf -> datorama/akita,-0.09131565270969053,-18.67798721822335
