,AMS_ij,normalized_AMS_ij
moscajs/aedes -> eclipse/mosquitto,1.0280152602884303,25.90479488187472
moscajs/mosca -> eclipse/mosquitto,-0.8062667993297868,3.6313630576872162
eclipse/mosquitto -> moscajs/aedes,-0.04308835560901788,9.534890198481888
moscajs/mosca -> moscajs/aedes,-1.3207897655694,-37.88319651442698
eclipse/mosquitto -> moscajs/mosca,0.27473139229685023,12.3319575217545
moscajs/aedes -> moscajs/mosca,0.07362906577809661,-17.09214615903685
