,AMS_ij,normalized_AMS_ij
nteract/nteract -> microsoft/vscode,-0.08077354776844456,-0.33568839729366184
nteract/hydrogen -> microsoft/vscode,22.442190316952832,19.166202329087515
microsoft/vscode -> nteract/nteract,0.41593618955649314,3.0864536748496243
nteract/hydrogen -> nteract/nteract,13.311734154355538,49.18986229387726
microsoft/vscode -> nteract/hydrogen,0.11423216968515909,1.1977536500293826
nteract/nteract -> nteract/hydrogen,0.31189195471828846,7.263367824418525
