,AMS_ij,normalized_AMS_ij
chainer/chainer -> pytorch/pytorch,-2.0174501598354593,-3.1998003033528684
torch/torch7 -> pytorch/pytorch,0.18859146713362165,2.4344781006249856
pytorch/pytorch -> chainer/chainer,1.662773949475389,3.628440961060247
torch/torch7 -> chainer/chainer,1.6044712413002682,15.153700407203537
pytorch/pytorch -> torch/torch7,-0.052065445959480164,-1.4490817960059712
chainer/chainer -> torch/torch7,0.1281417946897903,4.358031391310055
