,AMS_ij,normalized_AMS_ij
ruby/ruby -> php/php-src,-4.014795332991905,-22.62249271504111
python/cpython -> php/php-src,1.2241126002462512,2.4747357006127415
php/php-src -> ruby/ruby,-0.8855222863752088,-9.71907767353786
python/cpython -> ruby/ruby,0.2348435984477642,9.4422024562204
php/php-src -> python/cpython,-3.4218886578371093,-3.0913701561291416
ruby/ruby -> python/cpython,-8.95160796918302,24.721403456157958
