,AMS_ij,normalized_AMS_ij
ruby/ruby -> php/php-src,-7.772725724950682,-10.756196614678906
python/cpython -> php/php-src,0.6007048352728002,-1.2656954753001592
php/php-src -> ruby/ruby,1.1235015972221278,0.919632981952583
python/cpython -> ruby/ruby,1.047490040047074,-3.5422547793178167
php/php-src -> python/cpython,-1.5794370602313572,-6.979365809468156
ruby/ruby -> python/cpython,5.085848265863154,-12.922945147696439
