,AMS_ij,normalized_AMS_ij
ruby/ruby -> php/php-src,-3.776405575946404,-15.706457119664247
python/cpython -> php/php-src,4.547834073367028,3.670887548121832
php/php-src -> ruby/ruby,-3.1740987644926713,-5.1777324645405205
python/cpython -> ruby/ruby,1.193693736775798,0.8522662954943628
php/php-src -> python/cpython,2.9973523225894914,8.77012643327904
ruby/ruby -> python/cpython,4.100243879292259,7.02597146589885
