,AMS_ij,normalized_AMS_ij
ruby/ruby -> php/php-src,0.7519878995636893,0.166758118195821
python/cpython -> php/php-src,-1.0307337019464307,0.5255953287438508
php/php-src -> ruby/ruby,-0.3516288359905748,1.7536712116973927
python/cpython -> ruby/ruby,0.4321971307486169,0.5883327893729519
php/php-src -> python/cpython,0.6100130237738204,2.0936844294628782
ruby/ruby -> python/cpython,4.07485584303565,8.011649070171497
