,AMS_ij,normalized_AMS_ij
ruby/ruby -> php/php-src,-0.053693667270977324,-0.5397142400026287
python/cpython -> php/php-src,6.188002096299523,20.184087173898018
php/php-src -> ruby/ruby,-2.654305731227039,-4.243307325078892
python/cpython -> ruby/ruby,-6.959855811891888,-7.72105248677646
php/php-src -> python/cpython,0.18286570877288816,4.670261509154049
ruby/ruby -> python/cpython,0.1657288826307299,0.7598562690368669
