,AMS_ij,normalized_AMS_ij
sinatra/sinatra -> django/django,2.2636542154690087,4.714936508769898
rails/rails -> django/django,0.9599570145335861,1.2177805543387468
django/django -> sinatra/sinatra,-0.9610693452062112,-10.227373304811783
rails/rails -> sinatra/sinatra,-4.635456766532986e-05,-0.42596466630374674
django/django -> rails/rails,1.2528421629932032,-0.385166812751315
sinatra/sinatra -> rails/rails,-3.487812184855404,-6.650178082067949
