,AMS_ij,normalized_AMS_ij
sinatra/sinatra -> django/django,-0.22307704712037224,-8.996811581349021
rails/rails -> django/django,-0.04383223700443846,-1.741954570392234
django/django -> sinatra/sinatra,-0.01819910873763267,-2.198393889774348
rails/rails -> sinatra/sinatra,0.0203715414542917,2.2733475588863157
django/django -> rails/rails,-2.1634246597502034,-23.637381303345144
sinatra/sinatra -> rails/rails,-5.308966087591194,-59.825207512814906
