,AMS_ij,normalized_AMS_ij
pallets/flask -> rails/rails,6.630319079378705,11.540386133789628
django/django -> rails/rails,5.1426126969194765,6.988109093394473
rails/rails -> pallets/flask,0.12206116251512047,0.6019297840614121
django/django -> pallets/flask,1.4896164522145248,7.379691408113841
rails/rails -> django/django,-0.17634693917619065,1.5773807888338542
pallets/flask -> django/django,5.207217644621312,11.67932872636593
