,AMS_ij,normalized_AMS_ij
pallets/flask -> rails/rails,3.5427359203303945,13.891867907399192
django/django -> rails/rails,-1.0129576123840573,0.7139139593351634
rails/rails -> pallets/flask,0.955790877488611,1.7607123329694774
django/django -> pallets/flask,1.3408323161717688,9.016297659863922
rails/rails -> django/django,-0.13335304746641657,-3.537896241188354
pallets/flask -> django/django,-1.1289357848969257,-2.2273601624656383
