,AMS_ij,normalized_AMS_ij
gcc-mirror/gcc -> llvm/llvm-project,5.970127164550286,6.841540123792059
golang/go -> llvm/llvm-project,-3.8842039345209884,-6.045566929764515
llvm/llvm-project -> gcc-mirror/gcc,0.40619707126237203,-2.4068866043526467
golang/go -> gcc-mirror/gcc,2.0453239121248203,1.5881617814921793
llvm/llvm-project -> golang/go,-2.5886296301670386,-9.89041773474599
gcc-mirror/gcc -> golang/go,3.0292362592234814,10.62124723523718
