,AMS_ij,normalized_AMS_ij
apache/avro -> apache/thrift,-0.9736767041596025,-6.906225068770631
protocolbuffers/protobuf -> apache/thrift,0.4886708837514615,8.551947418686561
apache/thrift -> apache/avro,0.40325336737891915,3.983719946161705
protocolbuffers/protobuf -> apache/avro,0.2508607487026312,7.082080769435796
apache/thrift -> protocolbuffers/protobuf,-3.1739981864222173,-9.923971227301942
apache/avro -> protocolbuffers/protobuf,2.111355525032411,-1.5804855367858368
