,AMS_ij,normalized_AMS_ij
apache/groovy -> scala/scala,3.4706206672270774,9.884268366100478
jetbrains/kotlin -> scala/scala,-0.8933107090717585,0.6546187973945571
scala/scala -> apache/groovy,-0.1746946348291442,-0.7237396194938504
jetbrains/kotlin -> apache/groovy,0.23482383365216514,0.17531617791557846
scala/scala -> jetbrains/kotlin,-4.837578406298017,-2.6796878631229917
apache/groovy -> jetbrains/kotlin,-2.380759536349296,-1.411749041866143
