,AMS_ij,normalized_AMS_ij
apache/groovy -> scala/scala,-1.8849210260023443,-4.150391768838775
jetbrains/kotlin -> scala/scala,0.4133100966319027,1.5526670944081795
scala/scala -> apache/groovy,-0.18074272233595556,-3.384934505260366
jetbrains/kotlin -> apache/groovy,-0.054838966219266275,0.6304779084176976
scala/scala -> jetbrains/kotlin,-5.493402765430378,-5.565394083754723
apache/groovy -> jetbrains/kotlin,-11.137915731488194,-5.536958869901698
