,AMS_ij,normalized_AMS_ij
apache/groovy -> scala/scala,0.13737279368937055,3.8059428403244957
jetbrains/kotlin -> scala/scala,0.044285045098889184,0.14054627761816907
scala/scala -> apache/groovy,0.26234286882309266,10.670936755343192
jetbrains/kotlin -> apache/groovy,-0.17553270580606883,-4.407693354487528
scala/scala -> jetbrains/kotlin,0.08127606999200354,-2.8456694548099573
apache/groovy -> jetbrains/kotlin,-2.4136714349419286,3.090637879429425
