,AMS_ij,normalized_AMS_ij
apache/commons-io -> apache/commons-lang,0.10733902133268398,10.290317243229223
google/guava -> apache/commons-lang,5.014171187100884,6.385046528171859
apache/commons-lang -> apache/commons-io,0.0012900701931280005,-1.3773638595490647
google/guava -> apache/commons-io,-0.3650515858384138,0.016534457509461385
apache/commons-lang -> google/guava,-0.5907395363190516,-7.687459170097241
apache/commons-io -> google/guava,-1.0887387917105293,-18.64495893098551
