,AMS_ij,normalized_AMS_ij
apache/commons-io -> apache/commons-lang,-0.5975810843474333,-3.584687388478178
google/guava -> apache/commons-lang,-0.20424233859912505,0.49349155724783733
apache/commons-lang -> apache/commons-io,-0.7619204661344423,-5.192847765160769
google/guava -> apache/commons-io,0.4810222751648223,17.83555000767758
apache/commons-lang -> google/guava,-0.19463097671550028,5.488583178696216
apache/commons-io -> google/guava,-0.1303375989303248,11.957107736108643
