,AMS_ij,normalized_AMS_ij
python/cpython -> rust-lang/rust,1.2331832507081928,3.2526334409175837
JuliaLang/julia -> rust-lang/rust,-8.790154449366387,-21.845797785168322
rust-lang/rust -> python/cpython,2.5467233516472145,8.414103859056382
JuliaLang/julia -> python/cpython,4.323972796588986,8.186377443352114
rust-lang/rust -> JuliaLang/julia,-4.598217103270132,-14.768133604775938
python/cpython -> JuliaLang/julia,0.6362893491194651,1.9583931335378693
