,AMS_ij,normalized_AMS_ij
python/cpython -> rust-lang/rust,-0.40387449102445017,-3.1670920546006815
JuliaLang/julia -> rust-lang/rust,-2.4118846562979304,-7.3456001549688565
rust-lang/rust -> python/cpython,-0.0605624855536383,-0.8437156995174038
JuliaLang/julia -> python/cpython,-0.7021719053526896,-7.036123263360756
rust-lang/rust -> JuliaLang/julia,0.09848755037904787,1.2436977926266148
python/cpython -> JuliaLang/julia,0.07930448962521087,1.501276923276449
