,AMS_ij,normalized_AMS_ij
Sonarr/Sonarr -> sickchill/sickchill,3.7506264515707137,35.761509816108315
midgetspy/sick-beard -> sickchill/sickchill,11.323522568998175,111.80049948080458
sickchill/sickchill -> Sonarr/Sonarr,0.8349730067347867,17.325510185030044
midgetspy/sick-beard -> Sonarr/Sonarr,-4.539067196062846,-133.01348742441436
sickchill/sickchill -> midgetspy/sick-beard,0.10992507354987796,11.502291943492652
Sonarr/Sonarr -> midgetspy/sick-beard,-0.1228192587496512,-19.876393360065148
