,AMS_ij,normalized_AMS_ij
MonoGame/MonoGame -> 4ian/GDevelop,-0.5383521552186827,-0.9318295185401324
godotengine/godot -> 4ian/GDevelop,-0.1636653531751988,-3.3470863590114766
4ian/GDevelop -> MonoGame/MonoGame,0.22631044287991045,1.0428764580544294
godotengine/godot -> MonoGame/MonoGame,0.04910179989308561,1.6506559685547249
4ian/GDevelop -> godotengine/godot,-4.045081990886738,-1.5120289971691911
MonoGame/MonoGame -> godotengine/godot,-10.503415350040534,-16.097893447653654
