,AMS_ij,normalized_AMS_ij
MonoGame/MonoGame -> 4ian/GDevelop,-0.11227786183002644,-3.3769228452698083
godotengine/godot -> 4ian/GDevelop,-0.04200006266226429,7.828548019848886
4ian/GDevelop -> MonoGame/MonoGame,1.0825536146686123,11.056375710685492
godotengine/godot -> MonoGame/MonoGame,-0.6417130639174731,11.39009403899451
4ian/GDevelop -> godotengine/godot,-1.2461496024463365,1.286298869826166
MonoGame/MonoGame -> godotengine/godot,0.4302823845998886,9.836812526550299
