,AMS_ij,normalized_AMS_ij
highcharts/highcharts -> d3/d3,-0.0023187038807509545,0.14300395342015654
chartjs/chart.js -> d3/d3,0.19730677248931272,10.687835693988434
d3/d3 -> highcharts/highcharts,-11.477929034539368,-42.14938298037103
chartjs/chart.js -> highcharts/highcharts,5.855226161454286,31.518482564595544
d3/d3 -> chartjs/chart.js,-2.0213061330061333,18.363513209856368
highcharts/highcharts -> chartjs/chart.js,-0.0526429865832092,1.7844121189636657
