,AMS_ij,normalized_AMS_ij
saltstack/salt -> cfengine/core,-0.07327169847732566,-1.1000292425020737
ansible/ansible -> cfengine/core,-0.11530689958044976,-3.1579174875413547
cfengine/core -> saltstack/salt,3.2692282506977706,3.018482135378687
ansible/ansible -> saltstack/salt,0.1632542690214735,-1.4211121200452632
cfengine/core -> ansible/ansible,-0.7658924808071966,-7.540798709787132
saltstack/salt -> ansible/ansible,-0.05239301990901749,-0.5695977310752545
