,AMS_ij,normalized_AMS_ij
node-red/node-red -> ioBroker/ioBroker,0.019388999645458926,2.000042825447422
home-assistant/core -> ioBroker/ioBroker,-0.0010869274084600868,0.3452999733744788
ioBroker/ioBroker -> node-red/node-red,0.10955958960382127,5.973474324682194
home-assistant/core -> node-red/node-red,0.0269401452494161,-0.478041299117523
ioBroker/ioBroker -> home-assistant/core,5.822802762433389,13.03622801217948
node-red/node-red -> home-assistant/core,-1.054200398200582,-3.5877411386937195
