,AMS_ij,normalized_AMS_ij
vercel/next.js -> tanstack/router,-0.5352368662057416,-20.030150384574753
remix-run/react-router -> tanstack/router,-1.4974957907398083,-56.35353503919654
tanstack/router -> vercel/next.js,-3.363285641783423,-19.15249565663325
remix-run/react-router -> vercel/next.js,-0.9626528133436083,-22.471704964781136
tanstack/router -> remix-run/react-router,-3.3986742617543433,-29.081452893821826
vercel/next.js -> remix-run/react-router,-0.610468846821624,-16.025610902513684
