,AMS_ij,normalized_AMS_ij
seleniumhq/selenium -> DevExpress/testcafe,-0.1989275095789176,-2.884864284483718
cypress-io/cypress -> DevExpress/testcafe,0.001024205900459544,2.102202245999809
DevExpress/testcafe -> seleniumhq/selenium,1.2656577630794237,5.450485447921088
cypress-io/cypress -> seleniumhq/selenium,-0.8566554950999961,-0.3922166870180899
DevExpress/testcafe -> cypress-io/cypress,4.7801662797704285,27.922929728322366
seleniumhq/selenium -> cypress-io/cypress,-0.31323905894681225,0.8299510406609801
