,AMS_ij,normalized_AMS_ij
brave/brave-browser -> adblockplus/adblockplus,-0.19869167347629701,-3.0951429888740765
gorhill/ublock -> adblockplus/adblockplus,-0.2858826013627912,-2.0547044499469855
adblockplus/adblockplus -> brave/brave-browser,-1.6080527094118497,-28.285846912880082
gorhill/ublock -> brave/brave-browser,0.7671063947908326,11.21962290421032
adblockplus/adblockplus -> gorhill/ublock,-0.22510908485112463,0.308672886648337
brave/brave-browser -> gorhill/ublock,-0.9276921402810623,-25.829187722738244
