,AMS_ij,normalized_AMS_ij
fffaraz/awesome-cpp -> vinta/awesome-python,0.22643012350606098,2.205020849934014
avelino/awesome-go -> vinta/awesome-python,-0.18241727968659027,-1.5354811674685283
vinta/awesome-python -> fffaraz/awesome-cpp,-0.14043227135880137,-6.9266929246417615
avelino/awesome-go -> fffaraz/awesome-cpp,-0.18571942481093145,-1.9415020214319128
vinta/awesome-python -> avelino/awesome-go,0.09942495126745493,2.9264375392555873
fffaraz/awesome-cpp -> avelino/awesome-go,-0.6345249047208934,-4.518919065479807
