,AMS_ij,normalized_AMS_ij
fffaraz/awesome-cpp -> vinta/awesome-python,-0.08017626893811514,0.21250752367778175
avelino/awesome-go -> vinta/awesome-python,0.004797803424336789,-0.8625616710690194
vinta/awesome-python -> fffaraz/awesome-cpp,-0.5199609970174415,-16.661673385930527
avelino/awesome-go -> fffaraz/awesome-cpp,0.05755402308239766,2.037149961533099
vinta/awesome-python -> avelino/awesome-go,-5.6659779821708565,-13.370657150264941
fffaraz/awesome-cpp -> avelino/awesome-go,-2.041767543964644,-23.473964204653054
