,AMS_ij,normalized_AMS_ij
fffaraz/awesome-cpp -> vinta/awesome-python,-0.721567385479168,-13.040357010947579
avelino/awesome-go -> vinta/awesome-python,-0.36375164897766,-10.970070007370335
vinta/awesome-python -> fffaraz/awesome-cpp,-2.8178016619707194,-29.866646712215285
avelino/awesome-go -> fffaraz/awesome-cpp,0.2686150405019185,0.30558320656567
vinta/awesome-python -> avelino/awesome-go,0.6443458570195599,-4.091397366324519
fffaraz/awesome-cpp -> avelino/awesome-go,-0.11174497384522109,1.3208592859834205
