,AMS_ij,normalized_AMS_ij
ceph/ceph -> seaweedfs/seaweedfs,-0.12706050229378169,-2.052017556728018
minio/minio -> seaweedfs/seaweedfs,0.3057774345621369,8.221190610933197
seaweedfs/seaweedfs -> ceph/ceph,-3.5226233423205136,-17.113283512130913
minio/minio -> ceph/ceph,-2.195966458237025,-5.562534189320628
seaweedfs/seaweedfs -> minio/minio,-0.33229727741386816,-13.11984455373985
ceph/ceph -> minio/minio,-0.03965293165180534,-1.1750527333097525
