,AMS_ij,normalized_AMS_ij
ant-design/ant-design -> twbs/bootstrap,-0.5120884290567427,-2.450355844085795
mui/material-ui -> twbs/bootstrap,-1.3686688111462288,-0.5303670523304869
twbs/bootstrap -> ant-design/ant-design,-0.1774280475294348,-1.4651177842851297
mui/material-ui -> ant-design/ant-design,-2.998306946515408,-7.67823673337361
twbs/bootstrap -> mui/material-ui,0.5585128837310712,5.154889309494215
ant-design/ant-design -> mui/material-ui,0.3036121183656689,1.4569634234502837
