,AMS_ij,normalized_AMS_ij
haproxy/haproxy -> kong/kong,0.007882525362813416,-1.0688679663323974
traefik/traefik -> kong/kong,0.5031259900472496,5.180130998456297
kong/kong -> haproxy/haproxy,-0.3099635617592183,-1.377626413508585
traefik/traefik -> haproxy/haproxy,0.8115866202682905,9.190692635196118
kong/kong -> traefik/traefik,-0.007441131565673536,1.415799885820503
haproxy/haproxy -> traefik/traefik,-0.12275505020813145,1.9407314774333835
