,AMS_ij,normalized_AMS_ij
haproxy/haproxy -> kong/kong,0.08696370113759468,0.8170049028108549
traefik/traefik -> kong/kong,0.21614079660675237,4.8991776283205875
kong/kong -> haproxy/haproxy,-0.5527130417862788,0.08260169068346725
traefik/traefik -> haproxy/haproxy,1.9028213794186237,4.190858903866953
kong/kong -> traefik/traefik,0.1170834560395568,1.2636722124291309
haproxy/haproxy -> traefik/traefik,0.04921575172190819,0.6517837420825482
