,AMS_ij,normalized_AMS_ij
TryGhost/Ghost -> decaporg/decap-cms,0.026940473756517647,0.2476169043897797
strapi/strapi -> decaporg/decap-cms,-0.8543297533855905,-0.6674355057802217
decaporg/decap-cms -> TryGhost/Ghost,0.004685400921391067,2.3729805773281014
strapi/strapi -> TryGhost/Ghost,1.7509762839025955,-0.19102454085472034
decaporg/decap-cms -> strapi/strapi,0.4683984741928636,2.939480994177795
TryGhost/Ghost -> strapi/strapi,-0.8451729063147898,-10.00380759195177
