,AMS_ij,normalized_AMS_ij
TryGhost/Ghost -> decaporg/decap-cms,0.09443525928099725,2.3437725798161817
strapi/strapi -> decaporg/decap-cms,0.0334786570928785,1.20011232277857
decaporg/decap-cms -> TryGhost/Ghost,0.7067852180546796,0.6623066541431024
strapi/strapi -> TryGhost/Ghost,-0.3163949862301684,-0.5415072852044053
decaporg/decap-cms -> strapi/strapi,23.698119949403196,46.76559549291724
TryGhost/Ghost -> strapi/strapi,-2.939873018403585,-4.230343229987643
