,AMS_ij,normalized_AMS_ij
friendica/friendica -> diaspora/diaspora,0.12001181908108044,0.5889600581403537
mastodon/mastodon -> diaspora/diaspora,0.387457491593017,3.1718134756664775
diaspora/diaspora -> friendica/friendica,0.3945053289135324,1.9859854786469269
mastodon/mastodon -> friendica/friendica,-0.7203303010284458,2.6174732041503064
diaspora/diaspora -> mastodon/mastodon,0.24452849872016702,2.3056018398632956
friendica/friendica -> mastodon/mastodon,0.02449914166130246,0.47494405290910874
