,AMS_ij,normalized_AMS_ij
emberjs/ember.js -> facebook/react,-0.26349760777830883,-4.825721899279167
angular/angular -> facebook/react,-0.7962252389935823,-5.539833113187363
facebook/react -> emberjs/ember.js,-0.12596851217457988,-6.44314159863621
angular/angular -> emberjs/ember.js,-0.4739157199068134,-3.481764008062732
facebook/react -> angular/angular,-3.1333465914729413,-14.54868796251515
emberjs/ember.js -> angular/angular,-1.0055411588231133,-3.452003942268569
