,AMS_ij,normalized_AMS_ij
pytorch/pytorch -> apache/mxnet,0.028169682787203318,0.13038024614240082
tensorflow/tensorflow -> apache/mxnet,-0.08499620254409405,-3.81585081542673
apache/mxnet -> pytorch/pytorch,0.6002691426946275,0.3011052149576604
tensorflow/tensorflow -> pytorch/pytorch,0.6192621668899263,0.7382745046748601
apache/mxnet -> tensorflow/tensorflow,-5.609501123818258,-13.288443705864484
pytorch/pytorch -> tensorflow/tensorflow,-0.696050696895474,-0.16378295567311027
