,AMS_ij,normalized_AMS_ij
pytorch/pytorch -> apache/mxnet,0.0940250321282669,2.7238941417725857
tensorflow/tensorflow -> apache/mxnet,0.28858423446285253,1.6722020718231054
apache/mxnet -> pytorch/pytorch,1.268008075246386,5.677145913042904
tensorflow/tensorflow -> pytorch/pytorch,0.09194756280579434,-1.4609593952418347
apache/mxnet -> tensorflow/tensorflow,6.500312700421557,8.653060247623495
pytorch/pytorch -> tensorflow/tensorflow,-4.686819519632082,-4.969600345494865
