,AMS_ij,normalized_AMS_ij
angular/angular -> facebook/react,0.07440223348357279,1.1029653260353143
sveltejs/svelte -> facebook/react,0.14664474050432197,-4.859917168192804
facebook/react -> angular/angular,-3.4118241840526577,-7.765908965600913
sveltejs/svelte -> angular/angular,1.6185198078266567,4.9982139021198355
facebook/react -> sveltejs/svelte,-0.5904717056374837,-14.182658416759683
angular/angular -> sveltejs/svelte,0.11401089245974524,1.1368747349559483
