,AMS_ij,normalized_AMS_ij
eslint/eslint -> standard/standard,0.09524160593003635,4.897649523643899
prettier/prettier -> standard/standard,-0.01677507175924183,0.8670285646024709
standard/standard -> eslint/eslint,-0.09814099665854004,-4.585526661728548
prettier/prettier -> eslint/eslint,0.2352572866827013,2.7635271839261613
standard/standard -> prettier/prettier,-0.21393180002726503,3.2126857709405154
eslint/eslint -> prettier/prettier,0.5261842099649244,5.401763483216936
