,AMS_ij,normalized_AMS_ij
apolloauto/apollo -> carla-simulator/carla,-0.7832009451557868,-2.4652141335994604
commaai/openpilot -> carla-simulator/carla,-0.10812313207863239,0.8284790423371703
carla-simulator/carla -> apolloauto/apollo,-0.40564137632212766,-2.9725297369173993
commaai/openpilot -> apolloauto/apollo,0.17554550148033135,2.4364352781696192
carla-simulator/carla -> commaai/openpilot,-0.504485800315058,-2.069048645072309
apolloauto/apollo -> commaai/openpilot,0.21754653534462992,2.001190743654958
