,AMS_ij,normalized_AMS_ij
mintty/mintty -> alacritty/alacritty,0.45370374008843606,11.411800203235668
microsoft/terminal -> alacritty/alacritty,-0.01755069695777761,1.1444735693764192
alacritty/alacritty -> mintty/mintty,0.019944947007501934,22.660861100140494
microsoft/terminal -> mintty/mintty,-0.05896795993879496,-2.0945203327692195
alacritty/alacritty -> microsoft/terminal,-0.36841884824161253,5.2096145988927365
mintty/mintty -> microsoft/terminal,0.03608250671267166,15.604851844642104
