,AMS_ij,normalized_AMS_ij
mintty/mintty -> alacritty/alacritty,-0.40769574647638085,-7.831377087909244
microsoft/terminal -> alacritty/alacritty,0.4870398044712382,8.316979719742216
alacritty/alacritty -> mintty/mintty,0.08861892610655518,1.8088306791108608
microsoft/terminal -> mintty/mintty,-0.36987069820165974,-4.610580262862055
alacritty/alacritty -> microsoft/terminal,0.06365007196709899,3.5604825810459437
mintty/mintty -> microsoft/terminal,0.22388260694253503,12.148295002269851
