,AMS_ij,normalized_AMS_ij
fastify/fastify -> koajs/koa,0.0015689920627535163,0.9050210233735867
nestjs/nest -> koajs/koa,0.012372282545974079,0.5229644783532207
koajs/koa -> fastify/fastify,-0.027503201269742254,1.8214055611982642
nestjs/nest -> fastify/fastify,0.05098611010244427,0.7974092173601979
koajs/koa -> nestjs/nest,-1.7996192538548241,-13.052348906292831
fastify/fastify -> nestjs/nest,-1.0976230638555595,-2.8545572332578555
