,AMS_ij,normalized_AMS_ij
fastify/fastify -> koajs/koa,-0.06646321657870813,-5.589252849122891
nestjs/nest -> koajs/koa,0.07422922697239183,3.44661679784357
koajs/koa -> fastify/fastify,0.7416741588405713,-7.872781095163433
nestjs/nest -> fastify/fastify,1.1357245115831516,10.162565406170382
koajs/koa -> nestjs/nest,3.44563372701863,24.007506686040724
fastify/fastify -> nestjs/nest,2.681719672801565,20.249618120117567
