,AMS_ij,normalized_AMS_ij
ant-design/ant-design -> youzan/vant,-0.11572446831711684,6.083818415389572
ElemeFE/element -> youzan/vant,-0.9272959736833832,-14.138445241196267
youzan/vant -> ant-design/ant-design,0.8539760105411841,13.687875306769648
ElemeFE/element -> ant-design/ant-design,-0.01971050938874333,1.1654645586007628
youzan/vant -> ElemeFE/element,-0.05075881935081213,-2.200850289665461
ant-design/ant-design -> ElemeFE/element,-0.04878557521702614,-0.6645454392124696
