,AMS_ij,normalized_AMS_ij
ant-design/ant-design -> youzan/vant,-1.0258689067578919,-1.2025017431430929
ElemeFE/element -> youzan/vant,0.7172169454915126,13.193877498483328
youzan/vant -> ant-design/ant-design,-1.8944010322013392,-0.4066553865863665
ElemeFE/element -> ant-design/ant-design,0.08225550150374512,-0.717184951970365
youzan/vant -> ElemeFE/element,-0.2527702215433586,6.018929309990181
ant-design/ant-design -> ElemeFE/element,-0.36324043570494813,-0.8593618937491433
