,AMS_ij,normalized_AMS_ij
jonas/tig -> dandavison/delta,-1.2905400102249107,-22.13379167670266
jesseduffield/lazygit -> dandavison/delta,0.5557942288142145,4.280531360141811
dandavison/delta -> jonas/tig,0.06411601140212793,2.331626069592045
jesseduffield/lazygit -> jonas/tig,-0.03658515312860586,0.34357531360655386
dandavison/delta -> jesseduffield/lazygit,1.043983601520674,6.1683554346486495
jonas/tig -> jesseduffield/lazygit,1.6813932402780014,13.757299220515822
