,AMS_ij,normalized_AMS_ij
nodejs/node -> oven-sh/bun,-0.9048288889747096,-3.7590634334992714
denoland/deno -> oven-sh/bun,0.5806552629157913,0.4319401865271417
oven-sh/bun -> nodejs/node,0.12582519646238793,-0.27430972487458677
denoland/deno -> nodejs/node,-0.2780374159380405,-2.6081823901356747
oven-sh/bun -> denoland/deno,0.17803715992044095,0.4595813323554558
nodejs/node -> denoland/deno,0.5075712575506374,2.563617637548015
