,AMS_ij,normalized_AMS_ij
nteract/nteract -> microsoft/vscode,-0.4373890689265547,-0.4147417364918044
nteract/hydrogen -> microsoft/vscode,10.283927427672529,9.20324492893212
microsoft/vscode -> nteract/nteract,0.16361373918130998,1.6063136949461116
nteract/hydrogen -> nteract/nteract,5.941130673555993,24.90069396979873
microsoft/vscode -> nteract/hydrogen,0.04932123207398767,0.6288099279319717
nteract/nteract -> nteract/hydrogen,0.09003181713302677,3.447259769259746
