,AMS_ij,normalized_AMS_ij
lltcggie/waifu2x-caffe -> DeadSix27/waifu2x-converter-cpp,-0.6354912119686004,-4.703221219167873
nagadomi/waifu2x -> DeadSix27/waifu2x-converter-cpp,2.215921952075959,29.026863431699013
DeadSix27/waifu2x-converter-cpp -> lltcggie/waifu2x-caffe,0.10685444404179761,-1.0893801185641994
nagadomi/waifu2x -> lltcggie/waifu2x-caffe,-0.7235469273649596,-17.795293891114582
DeadSix27/waifu2x-converter-cpp -> nagadomi/waifu2x,-1.0158973284739605,-22.01374193019426
lltcggie/waifu2x-caffe -> nagadomi/waifu2x,-0.3791555325943611,-15.5134733315629
