,AMS_ij,normalized_AMS_ij
lyft/confidant -> hashicorp/vault,-0.7776026604922321,-7.722519046493235
square/keywhiz -> hashicorp/vault,-0.416838455431778,1.5015348217411728
hashicorp/vault -> lyft/confidant,0.28765061641912604,7.712441230994668
square/keywhiz -> lyft/confidant,0.23458975989769476,-0.24025402856160896
hashicorp/vault -> square/keywhiz,-0.1416748320502659,-1.6917765801620508
lyft/confidant -> square/keywhiz,0.12939415658459963,-2.5541500953618335
