,AMS_ij,normalized_AMS_ij
php/php-src -> ruby/ruby,-0.3274873435333653,-3.5908724777406698
python/cpython -> ruby/ruby,0.07002826980400309,3.9478000913153193
ruby/ruby -> php/php-src,-3.1608722639559046,-14.588392000595851
python/cpython -> php/php-src,0.5354171518832352,1.1257219627519843
ruby/ruby -> python/cpython,-5.66885741132722,9.78861538193428
php/php-src -> python/cpython,-1.452034407460359,-1.8853491393839987
