,AMS_ij,normalized_AMS_ij
php/php-src -> ruby/ruby,0.411525902129097,0.9544542926110199
python/cpython -> ruby/ruby,0.4368845155452227,-0.5531829261034916
ruby/ruby -> php/php-src,-3.5047053020039174,-4.04851361796301
python/cpython -> php/php-src,0.09933668051720065,0.05520426863127124
ruby/ruby -> python/cpython,3.0853335304573433,-4.234325636858571
php/php-src -> python/cpython,-0.43336647862447203,-3.006565938036806
