,AMS_ij,normalized_AMS_ij
php/php-src -> ruby/ruby,-0.7588682132919556,-0.9851831337143534
python/cpython -> ruby/ruby,0.4649721404604792,0.3090632376061462
ruby/ruby -> php/php-src,-2.5062015586730397,-8.919749716359442
python/cpython -> php/php-src,1.526998130690522,1.2692277222380508
ruby/ruby -> python/cpython,1.3178167024708918,2.5041150003499437
php/php-src -> python/cpython,1.092451888413068,3.4999626476389616
