,AMS_ij,normalized_AMS_ij
php/php-src -> ruby/ruby,0.042666424808286585,1.2136337512644912
python/cpython -> ruby/ruby,0.2922350880415592,0.5158534876736083
ruby/ruby -> php/php-src,-0.4915977275184271,-0.9662648494971806
python/cpython -> php/php-src,-0.5570456107877962,0.41897275361116065
ruby/ruby -> python/cpython,2.0369544351024267,4.081724249926803
php/php-src -> python/cpython,0.3998515652119794,1.1352261791401288
