,AMS_ij,normalized_AMS_ij
php/php-src -> ruby/ruby,0.5622697875228335,0.06029008470316734
python/cpython -> ruby/ruby,0.8716268239105371,3.716254867019822
ruby/ruby -> php/php-src,1.876332195144581,1.3495301117314995
python/cpython -> php/php-src,-1.9828914413374383,-4.934006565183035
ruby/ruby -> python/cpython,0.9054308235253702,1.5908789613064607
php/php-src -> python/cpython,-2.4416786240259825,-7.228946162335882
