,AMS_ij,normalized_AMS_ij
php/php-src -> ruby/ruby,-0.6458583549461309,-1.6248987528300802
python/cpython -> ruby/ruby,-2.803607711047915,-0.6005288952264932
ruby/ruby -> php/php-src,0.009160210250258302,-0.5644324027415539
python/cpython -> php/php-src,1.800066945364919,10.257076776924567
ruby/ruby -> python/cpython,0.055439480457737195,0.8645218472314441
php/php-src -> python/cpython,-0.12186920970342018,-0.28866342347520907
