,AMS_ij,normalized_AMS_ij
django/django -> sinatra/sinatra,0.14311643242458327,-1.1459375740470634
rails/rails -> sinatra/sinatra,0.07151011211438515,0.048716717046213796
sinatra/sinatra -> django/django,-0.49019680096904217,-7.439532895600778
rails/rails -> django/django,-0.30592133819448286,-2.920070956559542
sinatra/sinatra -> rails/rails,-2.9594789917909794,-11.286942336887778
django/django -> rails/rails,0.43475890152068675,-3.5268013286478146
