,AMS_ij,normalized_AMS_ij
django/django -> sinatra/sinatra,0.30210698731637964,6.01243957910331
rails/rails -> sinatra/sinatra,0.030164892581932373,-0.05650762493544456
sinatra/sinatra -> django/django,0.5578502484881627,2.0138533363771463
rails/rails -> django/django,0.024945162404236033,-0.5114994241202023
sinatra/sinatra -> rails/rails,4.175701080304056,3.7069322435606678
django/django -> rails/rails,-1.3537533151843089,1.6943217827233619
