,AMS_ij,normalized_AMS_ij
rails/rails -> pallets/flask,0.13403441395527654,0.79078385460588
django/django -> pallets/flask,0.9108396602363986,4.046306394313192
pallets/flask -> rails/rails,3.0727123211583836,6.003833216482181
django/django -> rails/rails,2.043099343554855,3.4343075121569004
pallets/flask -> django/django,3.189208949719112,7.121105557837881
rails/rails -> django/django,-0.23554420094757747,0.20887014281212954
