,AMS_ij,normalized_AMS_ij
rails/rails -> pallets/flask,0.04797152056924686,0.7500713307803313
django/django -> pallets/flask,-0.07455440529466309,0.8653077583189441
pallets/flask -> rails/rails,4.487096227087511,2.1368709901219494
django/django -> rails/rails,-3.030944125119533,-6.909804988015051
pallets/flask -> django/django,-0.20624297826780047,-1.8875146723684653
rails/rails -> django/django,-0.6387709549404101,-4.833959467058851
