,AMS_ij,normalized_AMS_ij
rails/rails -> pallets/flask,0.25614389078138744,0.39903258183047474
django/django -> pallets/flask,0.5116009581320894,2.3623461957589966
pallets/flask -> rails/rails,1.941999507630979,8.328946938216037
django/django -> rails/rails,-0.6926868928785048,-1.1077406074071732
pallets/flask -> django/django,-0.4308362313917109,-1.2648130842299463
rails/rails -> django/django,-0.06691894473143531,-1.3439534846708385
