,AMS_ij,normalized_AMS_ij
llvm/llvm-project -> gcc-mirror/gcc,0.8406832538953587,0.2491501173901065
golang/go -> gcc-mirror/gcc,1.1612901018169606,1.1511410930468324
gcc-mirror/gcc -> llvm/llvm-project,-0.3611330015687872,0.2558598334207606
golang/go -> llvm/llvm-project,-1.0542917497629873,-2.196315282874206
gcc-mirror/gcc -> golang/go,0.7656408450614701,2.3610261140081255
llvm/llvm-project -> golang/go,-1.5232350363805383,-5.250689309097859
