,AMS_ij,normalized_AMS_ij
llvm/llvm-project -> gcc-mirror/gcc,0.2216035180883329,0.2915870027328043
golang/go -> gcc-mirror/gcc,-1.069186381445199,-1.7194304811201706
gcc-mirror/gcc -> llvm/llvm-project,-0.5947752067381958,-0.7009589995792184
golang/go -> llvm/llvm-project,-0.9760389526740466,0.11848775040838433
gcc-mirror/gcc -> golang/go,0.6962640691976544,2.0911078132032808
llvm/llvm-project -> golang/go,-0.3206241457996348,-0.25274041168731254
