,AMS_ij,normalized_AMS_ij
seleniumhq/selenium -> microlinkhq/metascraper,0.07774554343356879,0.006975635305060421
scrapy/scrapy -> microlinkhq/metascraper,0.37177969916993353,3.9968025471447968
microlinkhq/metascraper -> seleniumhq/selenium,1.784387748613618,8.15369770068662
scrapy/scrapy -> seleniumhq/selenium,0.9700633270951813,7.428314103668948
microlinkhq/metascraper -> scrapy/scrapy,-0.6817464900068797,-10.398773352871185
seleniumhq/selenium -> scrapy/scrapy,0.16421040798342976,2.3810365786160155
