,AMS_ij,normalized_AMS_ij
apache/thrift -> apache/avro,0.16398565072373572,1.4985225790539778
protocolbuffers/protobuf -> apache/avro,-0.4736731234538197,-6.619258830686464
apache/avro -> apache/thrift,-1.2087990003260476,-9.311092187370724
protocolbuffers/protobuf -> apache/thrift,1.0570177571727926,5.057378906316404
apache/avro -> protocolbuffers/protobuf,0.9685569260440244,1.5166051430249654
apache/thrift -> protocolbuffers/protobuf,0.16418674115917092,1.3824534495247933
