,AMS_ij,normalized_AMS_ij
apache/thrift -> apache/avro,-0.14733153241414326,0.8774932238783294
protocolbuffers/protobuf -> apache/avro,-0.009773408098390496,2.228827880147042
apache/avro -> apache/thrift,-0.629396813358157,-13.188452957884733
protocolbuffers/protobuf -> apache/thrift,-0.03175982411388703,4.247045862908642
apache/avro -> protocolbuffers/protobuf,-2.4405174775123806,-9.53705112869187
apache/thrift -> protocolbuffers/protobuf,-1.2400497692975736,-3.919249312731658
