,AMS_ij,normalized_AMS_ij
apache/commons-lang -> apache/commons-io,-0.029897127038371094,0.5148619920173421
google/guava -> apache/commons-io,-0.5174304394001603,-1.4205154318832305
apache/commons-io -> apache/commons-lang,0.43056361225483153,7.764743869966349
google/guava -> apache/commons-lang,2.5941111074565426,2.7099722018455257
apache/commons-io -> google/guava,-0.6530034925811516,-12.298154238612987
apache/commons-lang -> google/guava,-0.27743106223320385,-3.293109087859895
