,AMS_ij,normalized_AMS_ij
apache/commons-lang -> apache/commons-io,-0.06627289781084175,-2.2105986910462008
google/guava -> apache/commons-io,-0.07587822435534058,-2.0924775933256408
apache/commons-io -> apache/commons-lang,0.8748796522720951,-0.17488034421928228
google/guava -> apache/commons-lang,0.08952396667900668,1.6424144590953482
apache/commons-io -> google/guava,-0.10322602751415506,2.5849238319356242
apache/commons-lang -> google/guava,0.027074808161412594,-0.007285332085452508
