,AMS_ij,normalized_AMS_ij
apache/commons-lang -> apache/commons-io,-0.2193537140532616,-1.360731378375039
google/guava -> apache/commons-io,0.13601500479086281,8.761579261027256
apache/commons-io -> apache/commons-lang,-0.46918460042389554,-4.005942454653906
google/guava -> apache/commons-lang,-0.096004463100441,0.7913284690126214
apache/commons-io -> google/guava,-0.06156915280516963,6.528408366486121
apache/commons-lang -> google/guava,-0.1307919413887313,2.8191038812435756
