,AMS_ij,normalized_AMS_ij
rust-lang/rust -> python/cpython,0.15784639402175463,1.3793584218000414
JuliaLang/julia -> python/cpython,0.6492033049838307,1.3925045203911837
python/cpython -> rust-lang/rust,2.063982039470293,2.5189241685804746
JuliaLang/julia -> rust-lang/rust,0.13833338406484652,0.12693479726566653
python/cpython -> JuliaLang/julia,-0.19202831787325397,0.12642434882019593
rust-lang/rust -> JuliaLang/julia,-0.13229021705022082,-0.7225365900335774
