,AMS_ij,normalized_AMS_ij
python/cpython -> ruby/ruby,0.18683586915426664,0.7136823587511852
nodejs/node -> ruby/ruby,-0.654157260257754,1.8394501212164647
ruby/ruby -> python/cpython,-0.033638807906277074,1.215109799882153
nodejs/node -> python/cpython,0.1287329244245693,0.3046823609629328
ruby/ruby -> nodejs/node,-0.6376590643540325,-4.445868340378181
python/cpython -> nodejs/node,0.11830606437493653,0.9686265383075767
