,AMS_ij,normalized_AMS_ij
python/cpython -> ruby/ruby,-0.046703333908746036,0.7539569816679663
nodejs/node -> ruby/ruby,-0.3560603705683662,4.160461185492194
ruby/ruby -> python/cpython,1.4972849670362165,3.37972815946815
nodejs/node -> python/cpython,-0.092310659114203,-1.2755772381856387
ruby/ruby -> nodejs/node,0.2783229948300646,5.018107819662257
python/cpython -> nodejs/node,0.22004733749286565,-0.08663986808333324
