,AMS_ij,normalized_AMS_ij
python/cpython -> ruby/ruby,-1.411172964281852,-5.602061889231437
nodejs/node -> ruby/ruby,-1.7599889193822036,-0.4814762819445837
ruby/ruby -> python/cpython,-0.7664458377199257,-4.62215007689698
nodejs/node -> python/cpython,-0.39566821994844437,-1.2979805223144747
ruby/ruby -> nodejs/node,0.4620697274770392,3.254298063497617
python/cpython -> nodejs/node,0.22983192247632506,2.5819752713625235
