,AMS_ij,normalized_AMS_ij
python/cpython -> ruby/ruby,-0.36732374139727153,0.9211843434613318
nodejs/node -> ruby/ruby,-0.934327648293827,-1.6570394324550635
ruby/ruby -> python/cpython,0.11035427858451363,1.1040361860349739
nodejs/node -> python/cpython,-0.8285367213522444,-6.800492154991089
ruby/ruby -> nodejs/node,0.05055957107866737,0.4086891702095271
python/cpython -> nodejs/node,-0.22915538113818074,-0.6004140817008089
