,AMS_ij,normalized_AMS_ij
apache/tomcat -> apache/struts,-0.013849486481745138,1.3842833386088338
spring-projects/spring-framework -> apache/struts,-0.2622920799227013,-4.323109893916155
apache/struts -> apache/tomcat,2.276776116590409,14.557396732752665
spring-projects/spring-framework -> apache/tomcat,0.24258804297803815,0.4291854520973776
apache/struts -> spring-projects/spring-framework,-1.4555967993383043,-7.373217021322977
apache/tomcat -> spring-projects/spring-framework,-1.0608408111208414,0.5354501052575261
