,AMS_ij,normalized_AMS_ij
apache/solr -> blevesearch/bleve,0.1968357054723986,-1.1050672070408272
elastic/elasticsearch -> blevesearch/bleve,-0.05871204049083503,-1.167733764156259
blevesearch/bleve -> apache/solr,-1.2845120811523598,-25.511597131750225
elastic/elasticsearch -> apache/solr,0.3315811264078812,1.7823029485281559
blevesearch/bleve -> elastic/elasticsearch,-14.137434039837999,-27.394024328128268
apache/solr -> elastic/elasticsearch,-0.20573440763052497,-5.635736825835895
