,AMS_ij,normalized_AMS_ij
scikit-image/scikit-image -> davisking/dlib,-0.19775787434952796,-0.648717589275573
opencv/opencv -> davisking/dlib,0.07799696769517434,-0.2805730446896085
davisking/dlib -> scikit-image/scikit-image,0.4690093784774324,4.699338959177132
opencv/opencv -> scikit-image/scikit-image,-0.07307860085365354,-0.19304189099130475
davisking/dlib -> opencv/opencv,4.526298518995592,8.516427761763595
scikit-image/scikit-image -> opencv/opencv,-0.2387322327928556,-0.7031708423404007
