,AMS_ij,normalized_AMS_ij
golang/go -> nim-lang/Nim,0.1751097247990533,4.174805015670625
rust-lang/rust -> nim-lang/Nim,-0.7610395407374608,-9.69714493014727
nim-lang/Nim -> golang/go,-7.6861252499299075,1.6419033571995245
rust-lang/rust -> golang/go,-1.1171032108357526,-1.6396836195811468
nim-lang/Nim -> rust-lang/rust,-16.80377794249528,-47.161772547653925
golang/go -> rust-lang/rust,-0.8829053758687034,-0.4588360373073393
