,AMS_ij,normalized_AMS_ij
golang/go -> nim-lang/Nim,-0.7788642308272644,-2.6975219394588046
rust-lang/rust -> nim-lang/Nim,-0.49030164990123337,-1.0917478741019149
nim-lang/Nim -> golang/go,-0.7639065339028759,-1.2138720159284702
rust-lang/rust -> golang/go,-0.31567973829494034,-0.23629539621085432
nim-lang/Nim -> rust-lang/rust,-4.544579559881159,-1.71474970009407
golang/go -> rust-lang/rust,-1.8033796335979901,-1.7843574652873795
