,AMS_ij,normalized_AMS_ij
golang/go -> nim-lang/Nim,0.31113029783938384,1.7454275895928149
rust-lang/rust -> nim-lang/Nim,-0.11095929410734093,-1.8374740640888418
nim-lang/Nim -> golang/go,0.1934959326979392,0.08759189809543198
rust-lang/rust -> golang/go,-0.5371201503512281,-1.3197927110597063
nim-lang/Nim -> rust-lang/rust,5.238767825023048,3.6340418082262045
golang/go -> rust-lang/rust,-0.02303183604380915,0.6457647600492589
