,AMS_ij,normalized_AMS_ij
golang/go -> nim-lang/Nim,-0.4471001614679925,-7.216054345857089
rust-lang/rust -> nim-lang/Nim,-0.04111206458448194,-0.12492333757801108
nim-lang/Nim -> golang/go,0.6477987904248806,-5.129046072008305
rust-lang/rust -> golang/go,-0.13251584270040556,-0.27018643727727765
nim-lang/Nim -> rust-lang/rust,9.035655892188082,24.315034661083125
golang/go -> rust-lang/rust,-0.5556192507422832,-0.4263974070054284
