,AMS_ij,normalized_AMS_ij
rust-lang/rust -> JetBrains/kotlin,-2.110502611965434,-1.371661916284883
apple/swift -> JetBrains/kotlin,-2.1223919437079566,-1.6158282614390913
JetBrains/kotlin -> rust-lang/rust,0.12466399593745134,0.22805854522062985
apple/swift -> rust-lang/rust,-0.02262881617484938,-0.41385350252341635
JetBrains/kotlin -> apple/swift,-0.13827760565010128,-0.23499053633852102
rust-lang/rust -> apple/swift,-0.7555593234718061,-0.4424960402317095
