,AMS_ij,normalized_AMS_ij
BabylonJS/Babylon.js -> playcanvas/engine,-0.3084373165728217,-1.60220870926659
mrdoob/three.js -> playcanvas/engine,-0.37658188534998027,-1.8682553196726095
playcanvas/engine -> BabylonJS/Babylon.js,-6.667573153975793,-12.403493097200949
mrdoob/three.js -> BabylonJS/Babylon.js,0.35475280490178207,1.9669917574916818
playcanvas/engine -> mrdoob/three.js,-1.683748747040064,-1.7935100129233246
BabylonJS/Babylon.js -> mrdoob/three.js,-0.08994464970563051,0.10057922732437091
