,AMS_ij,normalized_AMS_ij
highcharts/highcharts -> plotly/plotly.js,-2.088910355650258,-8.760660550419658
d3/d3 -> plotly/plotly.js,1.6411406293921877,8.644433459583697
plotly/plotly.js -> highcharts/highcharts,-2.869191324043018,-12.344082640145757
d3/d3 -> highcharts/highcharts,0.8179051240129946,5.397556985045871
plotly/plotly.js -> d3/d3,2.3464813023655764,12.222717917055883
highcharts/highcharts -> d3/d3,-0.23966601576396812,2.294210955983363
