,AMS_ij,normalized_AMS_ij
highcharts/highcharts -> plotly/plotly.js,-0.6444308986019974,-3.042457534341531
d3/d3 -> plotly/plotly.js,2.402338987532496,10.883537338979304
plotly/plotly.js -> highcharts/highcharts,0.04609644196732021,-0.8287752158555398
d3/d3 -> highcharts/highcharts,7.52918371668915,27.492579222655234
plotly/plotly.js -> d3/d3,-0.2191091582240885,-3.7977899189654245
highcharts/highcharts -> d3/d3,-0.050423016308677196,-1.0894160414733745
