,AMS_ij,normalized_AMS_ij
urllib3/urllib3 -> twisted/treq,-0.033789701274468065,0.7962744857894286
psf/requests -> twisted/treq,-0.28688119867054124,-3.883838122840371
twisted/treq -> urllib3/urllib3,-0.8499418603231896,-3.340774495996107
psf/requests -> urllib3/urllib3,0.26469495440679136,2.773681635715796
twisted/treq -> psf/requests,-5.356585652249737,-15.914405199443959
urllib3/urllib3 -> psf/requests,-1.1593777661158553,-2.2851109593897023
