,AMS_ij,normalized_AMS_ij
urllib3/urllib3 -> twisted/treq,-0.2733092129245775,-6.371336666918884
psf/requests -> twisted/treq,-0.007467982824099266,0.2165667357334271
twisted/treq -> urllib3/urllib3,-0.03406038024717142,-4.548118514198171
psf/requests -> urllib3/urllib3,-0.8850909104267932,-6.518542381935488
twisted/treq -> psf/requests,0.9041847186750909,2.989318506201484
urllib3/urllib3 -> psf/requests,0.2698886885862766,-1.0166016112219556
