,AMS_ij,normalized_AMS_ij
urllib3/urllib3 -> twisted/treq,-0.3223268695709898,-12.172286829588874
psf/requests -> twisted/treq,0.7537779157411972,5.644815881457661
twisted/treq -> urllib3/urllib3,0.11848354214986107,3.3882098630327206
psf/requests -> urllib3/urllib3,0.0763776363141884,-11.207091405926803
twisted/treq -> psf/requests,-0.017420035145448574,-2.035844771527816
urllib3/urllib3 -> psf/requests,-0.46574957865244165,-12.672980224255243
