,AMS_ij,normalized_AMS_ij
date-fns/date-fns -> moment/luxon,-0.006543845918875024,0.634456801290886
moment/moment -> moment/luxon,0.05303204109275789,0.6745760096836062
moment/luxon -> date-fns/date-fns,0.9877210816457384,10.847680790029216
moment/moment -> date-fns/date-fns,0.06584261060603608,1.0793543595097437
moment/luxon -> moment/moment,0.5489712557524901,2.733903227772204
date-fns/date-fns -> moment/moment,0.9389212583387272,2.998490395294547
