,AMS_ij,normalized_AMS_ij
iterate-ch/cyberduck -> aws/aws-cli,0.013065119994127097,0.35309318176147914
rclone/rclone -> aws/aws-cli,-0.34401708491930527,-4.352502074816001
aws/aws-cli -> iterate-ch/cyberduck,-0.8107899819226612,-5.82959797925517
rclone/rclone -> iterate-ch/cyberduck,-0.31778851001810954,-2.5864161448832017
aws/aws-cli -> rclone/rclone,-2.1165475886913883,-17.346820440410216
iterate-ch/cyberduck -> rclone/rclone,-0.06351933564756133,-0.40458615402186204
