,AMS_ij,normalized_AMS_ij
rollup/rollup -> parcel-bundler/parcel,0.06453919756537384,-0.5097675123812124
webpack/webpack -> parcel-bundler/parcel,0.1640693545171224,1.8384168792802684
parcel-bundler/parcel -> rollup/rollup,-1.1316217480437536,-8.473087418247546
webpack/webpack -> rollup/rollup,-0.5026058124114097,-2.7280758863945556
parcel-bundler/parcel -> webpack/webpack,-0.14619731442512868,0.6037666997750223
rollup/rollup -> webpack/webpack,-1.3860724254936725,-4.327685195731756
