,AMS_ij,normalized_AMS_ij
canonical/lxd -> containerd/containerd,0.2002355143217123,2.3444198861701864
moby/moby -> containerd/containerd,1.1619356348943124,7.884577180761513
containerd/containerd -> canonical/lxd,-3.167317151836736,-7.331877534341364
moby/moby -> canonical/lxd,0.7961900042678351,2.2374531641113227
containerd/containerd -> moby/moby,7.365419512927484,20.830618606009008
canonical/lxd -> moby/moby,-1.3112230239317375,-0.8008527224247062
