,AMS_ij,normalized_AMS_ij
AvaloniaUI/Avalonia -> nwjs/nw.js,0.0973135909537694,3.2981942650881493
electron/electron -> nwjs/nw.js,-0.12527168269609756,-0.5990888821812107
nwjs/nw.js -> AvaloniaUI/Avalonia,-1.9234122927462027,-7.328745778324045
electron/electron -> AvaloniaUI/Avalonia,-1.2403760374994963,-6.1563735486437094
nwjs/nw.js -> electron/electron,-2.9869607417836805,-9.510653847331868
AvaloniaUI/Avalonia -> electron/electron,-2.806030879037921,-6.6002104199627905
